--
-- Copyright 2005-2016 The Kuali Foundation
--
-- Licensed under the Educational Community License, Version 2.0 (the "License");
-- you may not use this file except in compliance with the License.
-- You may obtain a copy of the License at
--
-- http://www.opensource.org/licenses/ecl2.php
--
-- Unless required by applicable law or agreed to in writing, software
-- distributed under the License is distributed on an "AS IS" BASIS,
-- WITHOUT WARRANTIES OR CONDITIONS OF ANY KIND, either express or implied.
-- See the License for the specific language governing permissions and
-- limitations under the License.
--

TRUNCATE TABLE TRV_ACCT_FO
/
INSERT INTO TRV_ACCT_FO (ACCT_FO_ID,ACCT_FO_USER_NAME)
  VALUES (1,'fred')
/
INSERT INTO TRV_ACCT_FO (ACCT_FO_ID,ACCT_FO_USER_NAME)
  VALUES (2,'fran')
/
INSERT INTO TRV_ACCT_FO (ACCT_FO_ID,ACCT_FO_USER_NAME)
  VALUES (3,'frank')
/
TRUNCATE TABLE TRV_ACCT
/
INSERT INTO TRV_ACCT (ACCT_FO_ID,ACCT_NAME,ACCT_NUM)
  VALUES (1,'a1','a1')
/
INSERT INTO TRV_ACCT (ACCT_FO_ID,ACCT_NAME,ACCT_NUM)
  VALUES (2,'a14','a14')
/
INSERT INTO TRV_ACCT (ACCT_FO_ID,ACCT_NAME,ACCT_NUM)
  VALUES (2,'a2','a2')
/
INSERT INTO TRV_ACCT (ACCT_FO_ID,ACCT_NAME,ACCT_NUM,SUB_ACCT,SUB_ACCT_NAME)
  VALUES (3,'a3','a3','a3-sub','sub-a3')
/
INSERT INTO TRV_ACCT (ACCT_FO_ID,ACCT_NAME,ACCT_NUM,SUB_ACCT,SUB_ACCT_NAME)
  VALUES (2,'a6','a6','a6-sub','sub-a6')
/
INSERT INTO TRV_ACCT (ACCT_FO_ID,ACCT_NAME,ACCT_NUM)
  VALUES (2,'a8','a8')
/
INSERT INTO TRV_ACCT (ACCT_FO_ID,ACCT_NAME,ACCT_NUM)
  VALUES (2,'a9','a9')
/
TRUNCATE TABLE TRV_ACCT_EXT
/
INSERT INTO TRV_ACCT_EXT (ACCT_NUM,ACCT_TYPE)
  VALUES ('a1','IAT')
/
INSERT INTO TRV_ACCT_EXT (ACCT_NUM,ACCT_TYPE)
  VALUES ('a14','CAT')
/
INSERT INTO TRV_ACCT_EXT (ACCT_NUM,ACCT_TYPE)
  VALUES ('a2','EAT')
/
INSERT INTO TRV_ACCT_EXT (ACCT_NUM,ACCT_TYPE)
  VALUES ('a3','IAT')
/
INSERT INTO TRV_ACCT_EXT (ACCT_NUM,ACCT_TYPE)
  VALUES ('a6','CAT')
/
INSERT INTO TRV_ACCT_EXT (ACCT_NUM,ACCT_TYPE)
  VALUES ('a8','EAT')
/
INSERT INTO TRV_ACCT_EXT (ACCT_NUM,ACCT_TYPE)
  VALUES ('a9','CAT')
/
TRUNCATE TABLE TRV_ACCT_TYPE
/
INSERT INTO TRV_ACCT_TYPE (ACCT_TYPE,ACCT_TYPE_NAME)
  VALUES ('CAT','Clearing Account Type')
/
INSERT INTO TRV_ACCT_TYPE (ACCT_TYPE,ACCT_TYPE_NAME)
  VALUES ('EAT','Expense Account Type')
/
INSERT INTO TRV_ACCT_TYPE (ACCT_TYPE,ACCT_TYPE_NAME)
  VALUES ('IAT',' Income Account Type')
/

INSERT INTO trvl_traveler_dtl_t (id, EMP_PRINCIPAL_ID, CUST_NBR, FIRST_NM,
LAST_NM, ADDR_LINE_1, ADDR_LINE_2, CITY_NM, POSTAL_STATE_CD, POSTAL_CD,
COUNTRY_CD, EMAIL_ADDR, PHONE_NBR, LIABILITY_INSURANCE, TRAVELER_TYP_CD, ACTV_IN)
VALUES (10000, 'earl', '101', 'Earl', 'Jones', '101 Waverider St.', 'Apt 104', 'Huntington Beach',
'CA', '92649', 'US', 'earl@kuali.org', '949 494-3712', 'true', 'EMP', 'true')
/

INSERT INTO trvl_traveler_dtl_t (id, EMP_PRINCIPAL_ID, CUST_NBR, FIRST_NM, LAST_NM, ADDR_LINE_1
, CITY_NM, POSTAL_STATE_CD, POSTAL_CD, COUNTRY_CD, EMAIL_ADDR, PHONE_NBR, LIABILITY_INSURANCE,
 TRAVELER_TYP_CD, ACTV_IN)
 VALUES (10001, 'edna', '102', 'Edna', 'Smith', '1331 Sussex Place', 'North Tustin', 'CA', '92705', 'US',
 'edna@kuali.org', '714 633-9013', 'true', 'EMP', 'true')
 /

INSERT INTO trvl_trip_typ_t (CODE, NM) VALUES ('EMP', 'Employee')
/

INSERT INTO trvl_trip_typ_t(CODE, NM) VALUES ('NON', 'Non-Employee')
/

INSERT INTO trvl_per_diem_t (id, TRIP_TYP_CD,COUNTRY,COUNTRY_NM,COUNTY_NM,PRI_DEST,ACTV_IND) VALUES
(2, 'IN', 'CA', 'California', 'San Diego County', 'San Diego', '1')
/

INSERT INTO trvl_per_diem_t (id, TRIP_TYP_CD,COUNTRY,COUNTRY_NM,COUNTY_NM,PRI_DEST,ACTV_IND) VALUES
(3, 'IN', 'CA', 'California', 'Orange County', 'Laguna Beach', '1')
/

INSERT INTO trvl_per_diem_t (id, TRIP_TYP_CD,COUNTRY,COUNTRY_NM,COUNTY_NM,PRI_DEST,ACTV_IND) VALUES
(4, 'IN', 'CO', 'Colorado', 'Larimer County', 'Fort Collins', '1')
/


