--
-- Copyright 2005-2016 The Kuali Foundation
--
-- Licensed under the Educational Community License, Version 2.0 (the "License");
-- you may not use this file except in compliance with the License.
-- You may obtain a copy of the License at
--
-- http://www.opensource.org/licenses/ecl2.php
--
-- Unless required by applicable law or agreed to in writing, software
-- distributed under the License is distributed on an "AS IS" BASIS,
-- WITHOUT WARRANTIES OR CONDITIONS OF ANY KIND, either express or implied.
-- See the License for the specific language governing permissions and
-- limitations under the License.
--


INSERT INTO KRIM_GRP_T (GRP_ID,GRP_NM,GRP_DESC,ACTV_IND,KIM_TYP_ID,NMSPC_CD,VER_NBR,OBJ_ID) VALUES ('10000','OAA_Workgroup_Approvers','workgroup approval group for OAA Recruitment eDoc Lite documents.','Y','1','DFAC_OAA',1,'dd1b202c-f2b4-4f3c-88a3-8882318f41ec')
/
INSERT INTO KRIM_GRP_MBR_T (GRP_MBR_ID,GRP_ID,MBR_ID,MBR_TYP_CD,VER_NBR,OBJ_ID,ACTV_FRM_DT,ACTV_TO_DT) VALUES ('10000','10000','admin','P',1,'56231d78-d3e5-49e2-92f6-439ec3adf8eb',null,null)
/
INSERT INTO KRIM_GRP_T (GRP_ID,GRP_NM,GRP_DESC,ACTV_IND,KIM_TYP_ID,NMSPC_CD,VER_NBR,OBJ_ID) VALUES ('10001','ViceProvostForAcademicAffairs','final workgroup approval group for BL OAA Recruitment eDoc Lite documents.','Y','1','KUALI',1,'7f4d8d61-6a2b-46c4-9dcd-ebdd5f900ba0')
/
INSERT INTO KRIM_GRP_MBR_T (GRP_MBR_ID,GRP_ID,MBR_ID,MBR_TYP_CD,VER_NBR,OBJ_ID,ACTV_FRM_DT,ACTV_TO_DT) VALUES ('10001','10001','admin1','P',1,'12c2aa0c-9403-414d-aafa-d8ba8b76f324',null,null)
/
INSERT INTO KRIM_GRP_T (GRP_ID,GRP_NM,GRP_DESC,ACTV_IND,KIM_TYP_ID,NMSPC_CD,VER_NBR,OBJ_ID) VALUES ('10002','OfficeOfAffirmativeActionSecond','final workgroup approval group for BL OAA Recruitment eDoc Lite documents.','Y','1','KUALI',1,'b91df40b-5e90-489b-8af7-92342c7a75a1')
/
INSERT INTO KRIM_GRP_MBR_T (GRP_MBR_ID,GRP_ID,MBR_ID,MBR_TYP_CD,VER_NBR,OBJ_ID,ACTV_FRM_DT,ACTV_TO_DT) VALUES ('10002','10002','admin2','P',1,'c732c1da-9edd-4e5a-b180-9e9c4945964b',null,null)
/
INSERT INTO KRIM_GRP_T (GRP_ID,GRP_NM,GRP_DESC,ACTV_IND,KIM_TYP_ID,NMSPC_CD,VER_NBR,OBJ_ID) VALUES ('10003','OfficeOfAffirmativeAction','final workgroup approval group for BL OAA Recruitment eDoc Lite documents.','Y','1','KUALI',1,'e664c73b-e920-46dc-a5f1-addf1f684546')
/
INSERT INTO KRIM_GRP_MBR_T (GRP_MBR_ID,GRP_ID,MBR_ID,MBR_TYP_CD,VER_NBR,OBJ_ID,ACTV_FRM_DT,ACTV_TO_DT) VALUES ('10003','10003','director','P',1,'1fccf405-ccb1-442e-bf05-ef8cddecd0c7',null,null)
/
INSERT INTO KRIM_GRP_T (GRP_ID,GRP_NM,GRP_DESC,ACTV_IND,KIM_TYP_ID,NMSPC_CD,VER_NBR,OBJ_ID) VALUES ('10004','NW_OfficeOfAffirmativeAction','final workgroup approval group for BL OAA Recruitment eDoc Lite documents.','Y','1','KUALI',1,'6682611c-b1f2-4eda-8213-408a92a487ac')
/
INSERT INTO KRIM_GRP_MBR_T (GRP_MBR_ID,GRP_ID,MBR_ID,MBR_TYP_CD,VER_NBR,OBJ_ID,ACTV_FRM_DT,ACTV_TO_DT) VALUES ('10004','10004','admin','P',1,'d37a6eba-3a39-44b1-9cd9-4d6966d62280',null,null)
/
INSERT INTO KRIM_GRP_T (GRP_ID,GRP_NM,GRP_DESC,ACTV_IND,KIM_TYP_ID,NMSPC_CD,VER_NBR,OBJ_ID) VALUES ('10005','OAA_BL-PSY','Bloomington School of Psychology and Brain Sciences OAA eDoc Lite Workgroup','Y','1','DFAC_OAA',1,'8d49c2fa-3c3b-4f2a-9a82-1699fb41c294')
/
INSERT INTO KRIM_GRP_MBR_T (GRP_MBR_ID,GRP_ID,MBR_ID,MBR_TYP_CD,VER_NBR,OBJ_ID,ACTV_FRM_DT,ACTV_TO_DT) VALUES ('10005','10005','admin','P',1,'ec75091f-efe8-4a0e-ae11-64df2c59d826',null,null)
/
INSERT INTO KRIM_GRP_T (GRP_ID,GRP_NM,GRP_DESC,ACTV_IND,KIM_TYP_ID,NMSPC_CD,VER_NBR,OBJ_ID) VALUES ('10006','OAA_BL-BUS','Bloomington School of Business OAA eDoc Lite Workgroup','Y','1','DFAC_OAA',1,'a7415dca-cef1-4e52-b58e-670e0dabc86e')
/
INSERT INTO KRIM_GRP_MBR_T (GRP_MBR_ID,GRP_ID,MBR_ID,MBR_TYP_CD,VER_NBR,OBJ_ID,ACTV_FRM_DT,ACTV_TO_DT) VALUES ('10006','10006','supervisor','P',1,'2d2d3b87-fa9e-4570-9199-169e588eafd6',null,null)
/
INSERT INTO KRIM_GRP_T (GRP_ID,GRP_NM,GRP_DESC,ACTV_IND,KIM_TYP_ID,NMSPC_CD,VER_NBR,OBJ_ID) VALUES ('10007','OAA_BL-EDUC','Bloomington School of Education OAA eDoc Lite Workgroup','Y','1','DFAC_OAA',1,'9da4a7ff-3eb6-4878-a232-1f7879ac2790')
/
INSERT INTO KRIM_GRP_MBR_T (GRP_MBR_ID,GRP_ID,MBR_ID,MBR_TYP_CD,VER_NBR,OBJ_ID,ACTV_FRM_DT,ACTV_TO_DT) VALUES ('10007','10007','admin','P',1,'076a6121-4e50-4bc6-b2e6-1fc05ea83d41',null,null)
/
INSERT INTO KRIM_GRP_T (GRP_ID,GRP_NM,GRP_DESC,ACTV_IND,KIM_TYP_ID,NMSPC_CD,VER_NBR,OBJ_ID) VALUES ('10008','OAA_Rules_Approval','Workgroup for the approval of modification and approval of OAA eDoc lite rules.','Y','1','DFAC_OAA',1,'e5fd2e91-ff6e-491e-88f9-ce1283b0f37c')
/
INSERT INTO KRIM_GRP_MBR_T (GRP_MBR_ID,GRP_ID,MBR_ID,MBR_TYP_CD,VER_NBR,OBJ_ID,ACTV_FRM_DT,ACTV_TO_DT) VALUES ('10008','10008','admin','P',1,'7912145a-ec73-4903-be0b-de22c67f2aed',null,null)
/
INSERT INTO KRIM_GRP_T (GRP_ID,GRP_NM,GRP_DESC,ACTV_IND,KIM_TYP_ID,NMSPC_CD,VER_NBR,OBJ_ID) VALUES ('10009','OAA_BL-ASDV','OAA eDoc Lite Approval Workgroup for BL-ASDV','Y','1','DFAC_OAA',1,'67ce4cc2-c405-4dc2-998f-6dfc145d1bb0')
/
INSERT INTO KRIM_GRP_MBR_T (GRP_MBR_ID,GRP_ID,MBR_ID,MBR_TYP_CD,VER_NBR,OBJ_ID,ACTV_FRM_DT,ACTV_TO_DT) VALUES ('10009','10009','admin','P',1,'1aa527d1-aa43-4e6a-bdb7-b16cfe6922a7',null,null)
/
INSERT INTO KRIM_GRP_T (GRP_ID,GRP_NM,GRP_DESC,ACTV_IND,KIM_TYP_ID,NMSPC_CD,VER_NBR,OBJ_ID) VALUES ('10010','OAA_BL-EXEC','OAA eDoc Lite Approval Workgroup for BL-EXEC','Y','1','DFAC_OAA',1,'e272805d-96bb-4850-953b-bfa9915f048c')
/
INSERT INTO KRIM_GRP_MBR_T (GRP_MBR_ID,GRP_ID,MBR_ID,MBR_TYP_CD,VER_NBR,OBJ_ID,ACTV_FRM_DT,ACTV_TO_DT) VALUES ('10010','10010','admin','P',1,'49cd47b7-d999-4e90-8f89-ec4486c45f8c',null,null)
/
INSERT INTO KRIM_GRP_T (GRP_ID,GRP_NM,GRP_DESC,ACTV_IND,KIM_TYP_ID,NMSPC_CD,VER_NBR,OBJ_ID) VALUES ('10011','OAA_BL-SCS',null,'Y','1','DFAC_OAA',1,'a11f166f-7144-4ff9-951d-9e6433c5d5ca')
/
INSERT INTO KRIM_GRP_MBR_T (GRP_MBR_ID,GRP_ID,MBR_ID,MBR_TYP_CD,VER_NBR,OBJ_ID,ACTV_FRM_DT,ACTV_TO_DT) VALUES ('10011','10011','admin','P',1,'06f0f89c-aa46-4098-a9ab-1c7e98e646e1',null,null)
/
INSERT INTO KRIM_GRP_T (GRP_ID,GRP_NM,GRP_DESC,ACTV_IND,KIM_TYP_ID,NMSPC_CD,VER_NBR,OBJ_ID) VALUES ('10012','OAA_BL-CCCS','OAA eDoc Lite Approval Workgroup for BL-CCCS','Y','1','DFAC_OAA',1,'79ce17bc-16d8-41a4-b828-70efa9d8a472')
/
INSERT INTO KRIM_GRP_MBR_T (GRP_MBR_ID,GRP_ID,MBR_ID,MBR_TYP_CD,VER_NBR,OBJ_ID,ACTV_FRM_DT,ACTV_TO_DT) VALUES ('10012','10012','admin','P',1,'85d208da-2a1f-4707-8b06-16e86b833b01',null,null)
/
INSERT INTO KRIM_GRP_T (GRP_ID,GRP_NM,GRP_DESC,ACTV_IND,KIM_TYP_ID,NMSPC_CD,VER_NBR,OBJ_ID) VALUES ('10013','OAA_BL-ARSC2','OAA eDoc Lite Acknowledgement Workgroup for BL-ARSC','Y','1','DFAC_OAA',1,'04608e38-bc5b-4b0b-affd-9647244591ea')
/
INSERT INTO KRIM_GRP_MBR_T (GRP_MBR_ID,GRP_ID,MBR_ID,MBR_TYP_CD,VER_NBR,OBJ_ID,ACTV_FRM_DT,ACTV_TO_DT) VALUES ('10013','10013','admin','P',1,'e6e9b22a-c00b-4da4-abfe-70ef1f7f1d51',null,null)
/
INSERT INTO KRIM_GRP_T (GRP_ID,GRP_NM,GRP_DESC,ACTV_IND,KIM_TYP_ID,NMSPC_CD,VER_NBR,OBJ_ID) VALUES ('10014','OAA_BL-RCEN','OAA eDoc Lite Approval Workgroup for BL-RCEN','Y','1','DFAC_OAA',1,'21324880-06f8-439d-bdb2-f863e6609020')
/
INSERT INTO KRIM_GRP_MBR_T (GRP_MBR_ID,GRP_ID,MBR_ID,MBR_TYP_CD,VER_NBR,OBJ_ID,ACTV_FRM_DT,ACTV_TO_DT) VALUES ('10014','10014','admin','P',1,'f92ae649-34fe-4e2c-9a73-0ea6d6b7bb76',null,null)
/
INSERT INTO KRIM_GRP_T (GRP_ID,GRP_NM,GRP_DESC,ACTV_IND,KIM_TYP_ID,NMSPC_CD,VER_NBR,OBJ_ID) VALUES ('10015','OAA_BL-UITS','OAA eDoc Lite Approval Workgroup for BL-UITS','Y','1','DFAC_OAA',1,'e23d5e5e-99f9-4139-8db4-ba1c54a188b4')
/
INSERT INTO KRIM_GRP_MBR_T (GRP_MBR_ID,GRP_ID,MBR_ID,MBR_TYP_CD,VER_NBR,OBJ_ID,ACTV_FRM_DT,ACTV_TO_DT) VALUES ('10015','10015','admin','P',1,'e50338b1-0f18-4398-ad8a-12c10d4d32b7',null,null)
/
INSERT INTO KRIM_GRP_T (GRP_ID,GRP_NM,GRP_DESC,ACTV_IND,KIM_TYP_ID,NMSPC_CD,VER_NBR,OBJ_ID) VALUES ('10016','OAA_BL-SSER','OAA eDoc Lite Approval Workgroup for BL-SSER','Y','1','DFAC_OAA',1,'e22be5bc-829d-4e88-8ec2-abfc99aaaf5b')
/
INSERT INTO KRIM_GRP_MBR_T (GRP_MBR_ID,GRP_ID,MBR_ID,MBR_TYP_CD,VER_NBR,OBJ_ID,ACTV_FRM_DT,ACTV_TO_DT) VALUES ('10016','10016','admin','P',1,'9af4289e-37ea-43fd-81b4-c8af2d95649c',null,null)
/
INSERT INTO KRIM_GRP_T (GRP_ID,GRP_NM,GRP_DESC,ACTV_IND,KIM_TYP_ID,NMSPC_CD,VER_NBR,OBJ_ID) VALUES ('10017','OAA_BL-SPEA','OAA eDoc Lite Approval Workgroup for BL-SPEA','Y','1','DFAC_OAA',1,'1b6244f8-159c-4e3a-b4bb-e30aa0c1c720')
/
INSERT INTO KRIM_GRP_MBR_T (GRP_MBR_ID,GRP_ID,MBR_ID,MBR_TYP_CD,VER_NBR,OBJ_ID,ACTV_FRM_DT,ACTV_TO_DT) VALUES ('10017','10017','admin','P',1,'45a85bb0-03f2-479c-be34-4b6ed847588b',null,null)
/
INSERT INTO KRIM_GRP_T (GRP_ID,GRP_NM,GRP_DESC,ACTV_IND,KIM_TYP_ID,NMSPC_CD,VER_NBR,OBJ_ID) VALUES ('10018','OAA_BL-SLIS','OAA eDoc Lite Approval Workgroup for BL-SLIS','Y','1','DFAC_OAA',1,'5745864f-c63f-4900-a5e2-a00b24323068')
/
INSERT INTO KRIM_GRP_MBR_T (GRP_MBR_ID,GRP_ID,MBR_ID,MBR_TYP_CD,VER_NBR,OBJ_ID,ACTV_FRM_DT,ACTV_TO_DT) VALUES ('10018','10018','admin','P',1,'b3b11438-40aa-41d3-8ec3-7a7b9d2b17df',null,null)
/
INSERT INTO KRIM_GRP_T (GRP_ID,GRP_NM,GRP_DESC,ACTV_IND,KIM_TYP_ID,NMSPC_CD,VER_NBR,OBJ_ID) VALUES ('10019','OAA_BL-OPT','OAA eDoc Lite Approval Workgroup for BL-OPT','Y','1','DFAC_OAA',1,'faa6eeb0-1dd8-434c-9655-75cd66907b65')
/
INSERT INTO KRIM_GRP_MBR_T (GRP_MBR_ID,GRP_ID,MBR_ID,MBR_TYP_CD,VER_NBR,OBJ_ID,ACTV_FRM_DT,ACTV_TO_DT) VALUES ('10019','10019','admin','P',1,'f8e0fcf0-f776-47fc-8c6c-6476140be7f6',null,null)
/
INSERT INTO KRIM_GRP_T (GRP_ID,GRP_NM,GRP_DESC,ACTV_IND,KIM_TYP_ID,NMSPC_CD,VER_NBR,OBJ_ID) VALUES ('10020','OAA_BL-MUS','OAA eDoc Lite Approval Workgroup for BL-MUS','Y','1','DFAC_OAA',1,'b5390170-d44b-449d-9589-31614919bfdc')
/
INSERT INTO KRIM_GRP_MBR_T (GRP_MBR_ID,GRP_ID,MBR_ID,MBR_TYP_CD,VER_NBR,OBJ_ID,ACTV_FRM_DT,ACTV_TO_DT) VALUES ('10020','10020','admin','P',1,'1defb929-02fd-437f-b771-f817d3ee77d6',null,null)
/
INSERT INTO KRIM_GRP_T (GRP_ID,GRP_NM,GRP_DESC,ACTV_IND,KIM_TYP_ID,NMSPC_CD,VER_NBR,OBJ_ID) VALUES ('10021','OAA_BL-LIBR','OAA eDoc Lite Approval Workgroup for BL-LIBR','Y','1','DFAC_OAA',1,'6ea76c7e-a18b-4d0e-a4f6-56f807b48a26')
/
INSERT INTO KRIM_GRP_MBR_T (GRP_MBR_ID,GRP_ID,MBR_ID,MBR_TYP_CD,VER_NBR,OBJ_ID,ACTV_FRM_DT,ACTV_TO_DT) VALUES ('10021','10021','admin','P',1,'f94787d8-f9de-4e86-9026-89e51e00f40d',null,null)
/
INSERT INTO KRIM_GRP_T (GRP_ID,GRP_NM,GRP_DESC,ACTV_IND,KIM_TYP_ID,NMSPC_CD,VER_NBR,OBJ_ID) VALUES ('10022','OAA_BL-LAWS','OAA eDoc Lite Approval Workgroup for BL-LAWS','Y','1','DFAC_OAA',1,'de26554c-c22b-4913-bc25-d07a5dcddba3')
/
INSERT INTO KRIM_GRP_MBR_T (GRP_MBR_ID,GRP_ID,MBR_ID,MBR_TYP_CD,VER_NBR,OBJ_ID,ACTV_FRM_DT,ACTV_TO_DT) VALUES ('10022','10022','admin','P',1,'477aa2e2-0271-40b7-a03b-760f351fa859',null,null)
/
INSERT INTO KRIM_GRP_T (GRP_ID,GRP_NM,GRP_DESC,ACTV_IND,KIM_TYP_ID,NMSPC_CD,VER_NBR,OBJ_ID) VALUES ('10023','OAA_BL-JOUR','OAA eDoc Lite Approval Workgroup for BL-JOUR','Y','1','DFAC_OAA',1,'0b9a3dc7-976c-4a56-b1e1-7fe2231f40c6')
/
INSERT INTO KRIM_GRP_MBR_T (GRP_MBR_ID,GRP_ID,MBR_ID,MBR_TYP_CD,VER_NBR,OBJ_ID,ACTV_FRM_DT,ACTV_TO_DT) VALUES ('10023','10023','admin','P',1,'bb211d15-be47-444c-8878-8671ce5d3508',null,null)
/
INSERT INTO KRIM_GRP_T (GRP_ID,GRP_NM,GRP_DESC,ACTV_IND,KIM_TYP_ID,NMSPC_CD,VER_NBR,OBJ_ID) VALUES ('10024','OAA_BL-HPER','OAA eDoc Lite Approval Workgroup for BL-HPER','Y','1','DFAC_OAA',1,'c52d1e2a-e8fc-4ac8-95f7-5b9f34eeae7b')
/
INSERT INTO KRIM_GRP_MBR_T (GRP_MBR_ID,GRP_ID,MBR_ID,MBR_TYP_CD,VER_NBR,OBJ_ID,ACTV_FRM_DT,ACTV_TO_DT) VALUES ('10024','10024','admin','P',1,'6e87e3c8-43ea-4b3a-9ade-62b8c7d6169d',null,null)
/
INSERT INTO KRIM_GRP_T (GRP_ID,GRP_NM,GRP_DESC,ACTV_IND,KIM_TYP_ID,NMSPC_CD,VER_NBR,OBJ_ID) VALUES ('10025','DFAC_OAA.Reporting.Workgroup','Supports row level security on IUIE/DSS data view over workflow Edoclite data','Y','1','DFAC_OAA',1,'68fb9d38-1b35-4878-ae5f-e691be1b91bd')
/
INSERT INTO KRIM_GRP_MBR_T (GRP_MBR_ID,GRP_ID,MBR_ID,MBR_TYP_CD,VER_NBR,OBJ_ID,ACTV_FRM_DT,ACTV_TO_DT) VALUES ('10025','10025','admin','P',1,'4d4fdade-fa58-4f96-9a24-909308bc315f',null,null)
/
INSERT INTO KRIM_GRP_T (GRP_ID,GRP_NM,GRP_DESC,ACTV_IND,KIM_TYP_ID,NMSPC_CD,VER_NBR,OBJ_ID) VALUES ('10026','OAA_System_Administrators','Workgroup for the approval of modification and approval of OAA eDoc lite rules.','Y','1','DFAC_OAA',1,'1ebfdd6a-8b15-40dc-9ae5-c4091e1088af')
/
INSERT INTO KRIM_GRP_MBR_T (GRP_MBR_ID,GRP_ID,MBR_ID,MBR_TYP_CD,VER_NBR,OBJ_ID,ACTV_FRM_DT,ACTV_TO_DT) VALUES ('10026','10026','admin','P',1,'ae2fdc3b-0b0f-44cd-91d7-4227f282a086',null,null)
/
INSERT INTO KRIM_GRP_T (GRP_ID,GRP_NM,GRP_DESC,ACTV_IND,KIM_TYP_ID,NMSPC_CD,VER_NBR,OBJ_ID) VALUES ('10027','OAA_BL-INFO','OAA eDoc Lite Approval Workgroup for BL-INFO','Y','1','DFAC_OAA',1,'987509f4-7ab2-47cc-921e-ed1632f72f29')
/
INSERT INTO KRIM_GRP_MBR_T (GRP_MBR_ID,GRP_ID,MBR_ID,MBR_TYP_CD,VER_NBR,OBJ_ID,ACTV_FRM_DT,ACTV_TO_DT) VALUES ('10027','10027','admin','P',1,'e6a820ff-0c7a-44f6-a50c-026ebd06da67',null,null)
/
INSERT INTO KRIM_GRP_T (GRP_ID,GRP_NM,GRP_DESC,ACTV_IND,KIM_TYP_ID,NMSPC_CD,VER_NBR,OBJ_ID) VALUES ('10028','OAA_BL-DFAC','OAA eDoc Lite Approval Workgroup for BL-DFAC','Y','1','DFAC_OAA',1,'92cb3fdc-054d-49db-94b5-705f65c5aee5')
/
INSERT INTO KRIM_GRP_MBR_T (GRP_MBR_ID,GRP_ID,MBR_ID,MBR_TYP_CD,VER_NBR,OBJ_ID,ACTV_FRM_DT,ACTV_TO_DT) VALUES ('10028','10028','admin','P',1,'f6b2219d-b90e-4ee8-9c11-52fe6ba4e4d5',null,null)
/
INSERT INTO KRIM_GRP_T (GRP_ID,GRP_NM,GRP_DESC,ACTV_IND,KIM_TYP_ID,NMSPC_CD,VER_NBR,OBJ_ID) VALUES ('10029','OAA_BL-VPFA','OAA eDoc Lite Approval Workgroup for BL-VPFA','Y','1','DFAC_OAA',1,'c02139f7-aff8-405e-bccc-18b29ed2b8db')
/
INSERT INTO KRIM_GRP_MBR_T (GRP_MBR_ID,GRP_ID,MBR_ID,MBR_TYP_CD,VER_NBR,OBJ_ID,ACTV_FRM_DT,ACTV_TO_DT) VALUES ('10029','10029','admin','P',1,'434101cd-f633-4da0-97e6-eaa250aaff1f',null,null)
/
INSERT INTO KRIM_GRP_T (GRP_ID,GRP_NM,GRP_DESC,ACTV_IND,KIM_TYP_ID,NMSPC_CD,VER_NBR,OBJ_ID) VALUES ('10030','OAA_BL-VPUE','OAA eDoc Lite Approval Workgroup for BL-VPUE','Y','1','DFAC_OAA',1,'b52bd3ab-3bd5-41ae-819d-cc7f75a4e110')
/
INSERT INTO KRIM_GRP_MBR_T (GRP_MBR_ID,GRP_ID,MBR_ID,MBR_TYP_CD,VER_NBR,OBJ_ID,ACTV_FRM_DT,ACTV_TO_DT) VALUES ('10030','10030','admin','P',1,'4ef171d9-bfd8-4e00-9405-15cb1d242870',null,null)
/
INSERT INTO KRIM_GRP_T (GRP_ID,GRP_NM,GRP_DESC,ACTV_IND,KIM_TYP_ID,NMSPC_CD,VER_NBR,OBJ_ID) VALUES ('10031','OAA_BL-RUAD','OAA eDoc Lite Approval Workgroup for BL-RUAD','Y','1','DFAC_OAA',1,'b28da176-9776-4686-b64b-f802d512c901')
/
INSERT INTO KRIM_GRP_MBR_T (GRP_MBR_ID,GRP_ID,MBR_ID,MBR_TYP_CD,VER_NBR,OBJ_ID,ACTV_FRM_DT,ACTV_TO_DT) VALUES ('10031','10031','admin','P',1,'e128c960-a213-4150-952d-0a0c650decf6',null,null)
/
INSERT INTO KRIM_GRP_T (GRP_ID,GRP_NM,GRP_DESC,ACTV_IND,KIM_TYP_ID,NMSPC_CD,VER_NBR,OBJ_ID) VALUES ('10032','OAA_BL-COAS','Bloomington College of Arts and Science OAA eDoc Lite Workgroup','Y','1','DFAC_OAA',1,'efc542c7-2e54-405c-a356-02e4d783cd8d')
/
INSERT INTO KRIM_GRP_MBR_T (GRP_MBR_ID,GRP_ID,MBR_ID,MBR_TYP_CD,VER_NBR,OBJ_ID,ACTV_FRM_DT,ACTV_TO_DT) VALUES ('10032','10032','admin','P',1,'956d8de9-dd02-43d5-b30c-aa03c5712343',null,null)
/
INSERT INTO KRIM_GRP_T (GRP_ID,GRP_NM,GRP_DESC,ACTV_IND,KIM_TYP_ID,NMSPC_CD,VER_NBR,OBJ_ID) VALUES ('10033','OAA_BL-ARSC','OAA eDoc Lite Approval Workgroup for BL-ARSC','Y','1','DFAC_OAA',1,'e760e595-e5d2-4081-80ea-0c76d8d219b5')
/
INSERT INTO KRIM_GRP_MBR_T (GRP_MBR_ID,GRP_ID,MBR_ID,MBR_TYP_CD,VER_NBR,OBJ_ID,ACTV_FRM_DT,ACTV_TO_DT) VALUES ('10033','10033','admin','P',1,'2aa4e1d5-ff0d-49ce-9504-008d4cb1d20d',null,null)
/
INSERT INTO KRIM_GRP_T (GRP_ID,GRP_NM,GRP_DESC,ACTV_IND,KIM_TYP_ID,NMSPC_CD,VER_NBR,OBJ_ID) VALUES ('10034','OAA_UA-CYOP',null,'Y','1','DFAC_OAA',1,'ecbc6b49-4d3b-4765-a4dd-b26de5304399')
/
INSERT INTO KRIM_GRP_MBR_T (GRP_MBR_ID,GRP_ID,MBR_ID,MBR_TYP_CD,VER_NBR,OBJ_ID,ACTV_FRM_DT,ACTV_TO_DT) VALUES ('10034','10034','admin','P',1,'185bfdce-2744-4f6d-a8a1-aea3770d00e4',null,null)
/
INSERT INTO KRIM_GRP_T (GRP_ID,GRP_NM,GRP_DESC,ACTV_IND,KIM_TYP_ID,NMSPC_CD,VER_NBR,OBJ_ID) VALUES ('10035','OAA_NW-LIBR',null,'Y','1','DFAC_OAA',1,'8787b63a-1fd4-4788-979d-3b36a5bae9eb')
/
INSERT INTO KRIM_GRP_MBR_T (GRP_MBR_ID,GRP_ID,MBR_ID,MBR_TYP_CD,VER_NBR,OBJ_ID,ACTV_FRM_DT,ACTV_TO_DT) VALUES ('10035','10035','admin','P',1,'b4d5aa02-6a47-478f-b205-8055550023e9',null,null)
/
INSERT INTO KRIM_GRP_T (GRP_ID,GRP_NM,GRP_DESC,ACTV_IND,KIM_TYP_ID,NMSPC_CD,VER_NBR,OBJ_ID) VALUES ('10036','OAA_NW-COAS',null,'Y','1','DFAC_OAA',1,'6c64f59d-d7a6-42f2-ba64-15d923083847')
/
INSERT INTO KRIM_GRP_MBR_T (GRP_MBR_ID,GRP_ID,MBR_ID,MBR_TYP_CD,VER_NBR,OBJ_ID,ACTV_FRM_DT,ACTV_TO_DT) VALUES ('10036','10036','admin','P',1,'bdfa7991-611f-4580-826a-aa3dd517e89b',null,null)
/
INSERT INTO KRIM_GRP_T (GRP_ID,GRP_NM,GRP_DESC,ACTV_IND,KIM_TYP_ID,NMSPC_CD,VER_NBR,OBJ_ID) VALUES ('10037','OAA_NW-SOE',null,'Y','1','DFAC_OAA',1,'0b428b0b-3e61-425b-82eb-a2a533ba83e9')
/
INSERT INTO KRIM_GRP_MBR_T (GRP_MBR_ID,GRP_ID,MBR_ID,MBR_TYP_CD,VER_NBR,OBJ_ID,ACTV_FRM_DT,ACTV_TO_DT) VALUES ('10037','10037','admin','P',1,'e3675ac0-c953-4ecb-98a6-31ee2ccaf26a',null,null)
/
INSERT INTO KRIM_GRP_T (GRP_ID,GRP_NM,GRP_DESC,ACTV_IND,KIM_TYP_ID,NMSPC_CD,VER_NBR,OBJ_ID) VALUES ('10038','OAA_NW-AA',null,'Y','1','DFAC_OAA',1,'a1edf77b-da5a-416b-b5f6-98fb26508237')
/
INSERT INTO KRIM_GRP_MBR_T (GRP_MBR_ID,GRP_ID,MBR_ID,MBR_TYP_CD,VER_NBR,OBJ_ID,ACTV_FRM_DT,ACTV_TO_DT) VALUES ('10038','10038','admin','P',1,'afad8495-b11a-45b5-afca-c4db1fd699ca',null,null)
/
INSERT INTO KRIM_GRP_T (GRP_ID,GRP_NM,GRP_DESC,ACTV_IND,KIM_TYP_ID,NMSPC_CD,VER_NBR,OBJ_ID) VALUES ('10039','OAA_NW-CHHS',null,'Y','1','DFAC_OAA',1,'554890f1-ada7-4945-ba4c-6b2765d78226')
/
INSERT INTO KRIM_GRP_MBR_T (GRP_MBR_ID,GRP_ID,MBR_ID,MBR_TYP_CD,VER_NBR,OBJ_ID,ACTV_FRM_DT,ACTV_TO_DT) VALUES ('10039','10039','admin','P',1,'60ad0d34-d14d-4a05-9137-f47aaa5a452a',null,null)
/
INSERT INTO KRIM_GRP_T (GRP_ID,GRP_NM,GRP_DESC,ACTV_IND,KIM_TYP_ID,NMSPC_CD,VER_NBR,OBJ_ID) VALUES ('10040','INViceProvostForAcademicAffairs',null,'Y','1','DFAC_OAA',1,'9d23d107-5d6d-40da-a079-bec239a28386')
/
INSERT INTO KRIM_GRP_MBR_T (GRP_MBR_ID,GRP_ID,MBR_ID,MBR_TYP_CD,VER_NBR,OBJ_ID,ACTV_FRM_DT,ACTV_TO_DT) VALUES ('10040','10040','admin','P',1,'92f28a0e-1b77-47e9-8c3a-655f661d50dd',null,null)
/
INSERT INTO KRIM_GRP_T (GRP_ID,GRP_NM,GRP_DESC,ACTV_IND,KIM_TYP_ID,NMSPC_CD,VER_NBR,OBJ_ID) VALUES ('10041','NWViceProvostForAcademicAffairs',null,'Y','1','DFAC_OAA',1,'44f5080b-719e-46f4-9444-b6828fdcadc7')
/
INSERT INTO KRIM_GRP_MBR_T (GRP_MBR_ID,GRP_ID,MBR_ID,MBR_TYP_CD,VER_NBR,OBJ_ID,ACTV_FRM_DT,ACTV_TO_DT) VALUES ('10041','10041','admin','P',1,'0e992b22-e699-45bb-9b1f-702713e2e949',null,null)
/
INSERT INTO KRIM_GRP_T (GRP_ID,GRP_NM,GRP_DESC,ACTV_IND,KIM_TYP_ID,NMSPC_CD,VER_NBR,OBJ_ID) VALUES ('10042','OAA_NW-SOBE',null,'Y','1','DFAC_OAA',1,'b510185d-84d5-4a9b-bcca-b32fcbd550c8')
/
INSERT INTO KRIM_GRP_MBR_T (GRP_MBR_ID,GRP_ID,MBR_ID,MBR_TYP_CD,VER_NBR,OBJ_ID,ACTV_FRM_DT,ACTV_TO_DT) VALUES ('10042','10042','admin','P',1,'9ba338d1-0278-41cd-bb39-4411e6a6c4b3',null,null)
/
INSERT INTO KRIM_GRP_T (GRP_ID,GRP_NM,GRP_DESC,ACTV_IND,KIM_TYP_ID,NMSPC_CD,VER_NBR,OBJ_ID) VALUES ('10043','NW_CFO',null,'Y','1','DFAC_OAA',1,'e44c3924-93b2-46fa-9c16-29e27398b5b8')
/
INSERT INTO KRIM_GRP_MBR_T (GRP_MBR_ID,GRP_ID,MBR_ID,MBR_TYP_CD,VER_NBR,OBJ_ID,ACTV_FRM_DT,ACTV_TO_DT) VALUES ('10043','10043','admin','P',1,'762caaef-3b74-4b87-a8e0-e4bb99752260',null,null)
/
INSERT INTO KRIM_GRP_T (GRP_ID,GRP_NM,GRP_DESC,ACTV_IND,KIM_TYP_ID,NMSPC_CD,VER_NBR,OBJ_ID) VALUES ('10044','NWViceProvostForAcademicAffairsFYI',null,'Y','1','DFAC_OAA',1,'aa21f54e-05f1-4642-a56e-556dba5711f4')
/
INSERT INTO KRIM_GRP_MBR_T (GRP_MBR_ID,GRP_ID,MBR_ID,MBR_TYP_CD,VER_NBR,OBJ_ID,ACTV_FRM_DT,ACTV_TO_DT) VALUES ('10044','10044','admin','P',1,'7571423d-ffa8-4100-974c-776cb793bcb8',null,null)
/
INSERT INTO KREW_RULE_ATTR_T (RULE_ATTR_ID,NM,LBL,RULE_ATTR_TYP_CD,CLS_NM,APPL_ID,DESC_TXT,XML,OBJ_ID,VER_NBR) VALUES ('1645','DFAC_OAASearchStatusInformalOfferSearchAttribute','DFAC_OAA Search Status InformalOffer Approval Search Attribute','SearchableXmlAttribute','org.kuali.rice.kew.docsearch.xml.StandardGenericXMLSearchableAttribute',null,'DFAC_OAA Search Status InformalOffer Approval Search Attribute','<searchingConfig>\r\n        <fieldDef name="informalOffer" title="Were there informal Offers?" workflowType="ALL">\r\n          <display>\r\n            <type>radio</type>\r\n            <values title="Yes">yes</values>\r\n            <values title="No">no</values>\r\n            <values title="Either"/>\r\n          </display>\r\n          <fieldEvaluation>\r\n            <xpathexpression>//version[@current="true"]/field[@name="informalOffer"]/value</xpathexpression>\r\n          </fieldEvaluation>\r\n        </fieldDef>\r\n      </searchingConfig>\r\n','64553bc8-046d-4064-8f39-60c64a3940ea',1)
/
INSERT INTO KREW_RULE_ATTR_T (RULE_ATTR_ID,NM,LBL,RULE_ATTR_TYP_CD,CLS_NM,APPL_ID,DESC_TXT,XML,OBJ_ID,VER_NBR) VALUES ('1646','DFAC.CampusAttribute','DFAC.CampusAttribute','RuleXmlAttribute','org.kuali.rice.kew.rule.xmlrouting.StandardGenericXMLRuleAttribute',null,'DFAC-OAA Campus Routing','<routingConfig>\r\n        <fieldDef name="campus" title="campus" workflowType="ALL">\r\n          <display>\r\n            <type>select</type>\r\n            <values title="Select">Select</values>\r\n            <values title="(BL) Bloomington">BL</values>\r\n            <values title="(CO) Columbus">CO</values>\r\n            <values title="(EA) East Richmond">EA</values>\r\n            <values title="(FW) Fort Wayne">FW</values>\r\n            <values title="(IN) Indianapolis">IN</values>\r\n            <values title="(KO) Kokomo">KO</values>\r\n            <values title="(NW) Northwest-Gary">NW</values>\r\n            <values title="(SB) South Bend">SB</values>\r\n            <values title="(SE) Southeast-New Albany">SE</values>\r\n          </display>\r\n          <validation required="false">\r\n            <message>Please select an campus.</message>\r\n          </validation>\r\n          <fieldEvaluation>\r\n            <xpathexpression>//campus = wf:ruledata("campus")</xpathexpression>\r\n          </fieldEvaluation>\r\n        </fieldDef>\r\n        <xmlDocumentContent>\r\n          <campus>%campus%</campus>\r\n        </xmlDocumentContent>\r\n      </routingConfig>\r\n','461ed2ac-299f-44d6-a566-54b4a1807a0b',1)
/
INSERT INTO KREW_RULE_ATTR_T (RULE_ATTR_ID,NM,LBL,RULE_ATTR_TYP_CD,CLS_NM,APPL_ID,DESC_TXT,XML,OBJ_ID,VER_NBR) VALUES ('1647','DFAC.CampusSearchAttribute','DFAC Campus Search Attribute','SearchableXmlAttribute','org.kuali.rice.kew.docsearch.xml.StandardGenericXMLSearchableAttribute',null,'DFAC Campus Search Attribute','<searchingConfig>\r\n        <fieldDef name="campus" title="Campus" workflowType="ALL">\r\n          <display>\r\n            <type>select</type>\r\n            <values title=""/>\r\n            <values title="(BL) Bloomington">BL</values>\r\n            <values title="(CO) Columbus">CO</values>\r\n            <values title="(EA) East Richmond">EA</values>\r\n            <values title="(FW) Fort Wayne">FW</values>\r\n            <values title="(IN) Indianapolis">IN</values>\r\n            <values title="(KO) Kokomo">KO</values>\r\n            <values title="(NW) Northwest-Gary">NW</values>\r\n            <values title="(SB) South Bend">SB</values>\r\n            <values title="(SE) Southeast-New Albany">SE</values>\r\n          </display>\r\n          <fieldEvaluation>\r\n            <xpathexpression>//version[@current="true"]/field[@name="campus"]/value</xpathexpression>\r\n          </fieldEvaluation>\r\n        </fieldDef>\r\n      </searchingConfig>\r\n','32be5de6-a979-43b1-95f4-cb152279a400',1)
/
INSERT INTO KREW_RULE_ATTR_T (RULE_ATTR_ID,NM,LBL,RULE_ATTR_TYP_CD,CLS_NM,APPL_ID,DESC_TXT,XML,OBJ_ID,VER_NBR) VALUES ('1648','DFAC.SchoolAttribute','DFAC School Routing','RuleXmlAttribute','org.kuali.rice.kew.rule.xmlrouting.StandardGenericXMLRuleAttribute',null,'DFAC School Routing','<routingConfig>\r\n        <fieldDef name="school" title="School" workflowType="ALL">\r\n          <display>\r\n            <type>select</type>\r\n            <values title="Select"/>\r\n            <!-- Bloomington School Section Starts Here -->\r\n            <values title="---BL Schools---">%-BL</values>\r\n            <values title="ADM-BL">ADM-BL</values>\r\n            <values title="ARSC-BL">ARSC-BL</values>\r\n            <values title="ASDV-BL">ASDV-BL</values>\r\n            <values title="BUS-BL">BUS-BL</values>\r\n            <values title="CCCS-BL">CCCS-BL</values>\r\n            <values title="CYOP-UA">CYOP-UA</values>\r\n            <values title="EDUC-BL">EDUC-BL</values>\r\n            <values title="EXEC-BL">EXEC-BL</values>\r\n            <values title="HPER-BL">HPER-BL</values>\r\n            <values title="INFO-BL">INFO-BL</values>\r\n            <values title="JOUR-BL">JOUR-BL</values>\r\n            <values title="LAWS-BL">LAWS-BL</values>\r\n            <values title="LIBR-BL">LIBR-BL</values>\r\n            <values title="MUS-BL">MUS-BL</values>\r\n            <values title="OPT-BL">OPT-BL</values>\r\n            <values title="RCEN-BL">RCEN-BL</values>\r\n            <values title="RUAD-BL">RUAD-BL</values>\r\n            <values title="SCS-BL">SCS-BL</values>\r\n            <values title="SLIS-BL">SLIS-BL</values>\r\n            <values title="SPEA-BL">SPEA-BL</values>\r\n            <values title="SSER-BL">SSER-BL</values>\r\n            <values title="UITS-BL">UITS-BL</values>\r\n            <values title="VPFA-BL">VPFA-BL</values>\r\n            <values title="VPUE-BL">VPUE-BL</values>\r\n            <!-- NW School Section Starts Here -->\r\n            <values title="---NW Schools---">%-NW</values>\r\n            <values title="AA-NW">AA-NW</values>\r\n            <values title="CHHS-NW">CHHS-NW</values>\r\n            <values title="COAS-NW">COAS-NW</values>\r\n            <values title="LIBR-NW">LIBR-NW</values>\r\n            <values title="SOBE-NW">SOBE-NW</values>\r\n            <values title="SOE-NW">SOE-NW</values>\r\n            <!-- KOSchool Section Starts Here -->\r\n            <values title="---KO Schools---">%-KO</values>\r\n            <values title="ACAD-KO">ACAD-KO</values>\r\n            <values title="AHLT-KO">AHLT-KO</values>\r\n            <values title="ARSC-KO">ARSC-KO</values>\r\n            <values title="BUS-KO">BUS-KO</values>\r\n            <values title="CHOF-KO">CHOF-KO</values>\r\n            <values title="CTSD-KO">CTSD-KO</values>\r\n            <values title="EDUC-KO">EDUC-KO</values>\r\n            <values title="NURS-KO">NURS-KO</values>\r\n            <values title="SPEA-KO">SPEA-KO</values>\r\n          </display>\r\n          <validation required="false"/>\r\n          <fieldEvaluation>\r\n            <xpathexpression>//school = wf:ruledata("school")</xpathexpression>\r\n          </fieldEvaluation>\r\n        </fieldDef>\r\n        <xmlDocumentContent>\r\n          <school>%school%</school>\r\n        </xmlDocumentContent>\r\n      </routingConfig>\r\n','b297cb06-4b2c-44e7-9f90-1da4dfa6c21b',1)
/
INSERT INTO KREW_RULE_ATTR_T (RULE_ATTR_ID,NM,LBL,RULE_ATTR_TYP_CD,CLS_NM,APPL_ID,DESC_TXT,XML,OBJ_ID,VER_NBR) VALUES ('1649','DFAC.SchoolSearchAttribute','DFAC School Search Attribute','SearchableXmlAttribute','org.kuali.rice.kew.docsearch.xml.StandardGenericXMLSearchableAttribute',null,'DFAC School Search Attribute','<searchingConfig>\r\n        <fieldDef name="school" title="School" workflowType="ALL">\r\n          <display>\r\n            <type>select</type>\r\n            <values title=""/>\r\n            <!-- Bloomington School Section Starts Here -->\r\n            <values title="---BL Schools---">%-BL</values>\r\n            <values title="ADM-BL">ADM-BL</values>\r\n            <values title="ARSC-BL">ARSC-BL</values>\r\n            <values title="ASDV-BL">ASDV-BL</values>\r\n            <values title="BUS-BL">BUS-BL</values>\r\n            <values title="CCCS-BL">CCCS-BL</values>\r\n            <values title="EDUC-BL">EDUC-BL</values>\r\n            <values title="EXEC-BL">EXEC-BL</values>\r\n            <values title="HPER-BL">HPER-BL</values>\r\n            <values title="INFO-BL">INFO-BL</values>\r\n            <values title="JOUR-BL">JOUR-BL</values>\r\n            <values title="LAWS-BL">LAWS-BL</values>\r\n            <values title="LIBR-BL">LIBR-BL</values>\r\n            <values title="MUS-BL">MUS-BL</values>\r\n            <values title="OPT-BL">OPT-BL</values>\r\n            <values title="RCEN-BL">RCEN-BL</values>\r\n            <values title="RUAD-BL">RUAD-BL</values>\r\n            <values title="SCS-BL">SCS-BL</values>\r\n            <values title="SLIS-BL">SLIS-BL</values>\r\n            <values title="SPEA-BL">SPEA-BL</values>\r\n            <values title="SSER-BL">SSER-BL</values>\r\n            <values title="UITS-BL">UITS-BL</values>\r\n            <values title="VPFA-BL">VPFA-BL</values>\r\n            <values title="VPUE-BL">VPUE-BL</values>\r\n            <!-- NW School Section Starts Here -->\r\n            <values title="---NW Schools---">%-NW</values>\r\n            <values title="AA-NW">AA-NW</values>\r\n            <values title="CHHS-NW">CHHS-NW</values>\r\n            <values title="COAS-NW">COAS-NW</values>\r\n            <values title="LIBR-NW">LIBR-NW</values>\r\n            <values title="SOBE-NW">SOBE-NW</values>\r\n            <values title="SOE-NW">SOE-NW</values>\r\n            <!-- KOSchool Section Starts Here -->\r\n            <values title="---KO Schools---">%-KO</values>\r\n            <values title="ACAD-KO">ACAD-KO</values>\r\n            <values title="AHLT-KO">AHLT-KO</values>\r\n            <values title="ARSC-KO">ARSC-KO</values>\r\n            <values title="BUS-KO">BUS-KO</values>\r\n            <values title="CHOF-KO">CHOF-KO</values>\r\n            <values title="CTSD-KO">CTSD-KO</values>\r\n            <values title="EDUC-KO">EDUC-KO</values>\r\n            <values title="NURS-KO">NURS-KO</values>\r\n            <values title="SPEA-KO">SPEA-KO</values>\r\n          </display>\r\n          <fieldEvaluation>\r\n            <xpathexpression>//version[@current="true"]/field[@name="school"]/value</xpathexpression>\r\n          </fieldEvaluation>\r\n        </fieldDef>\r\n      </searchingConfig>\r\n','737500b9-9e5d-4bf8-95e5-3faa73566a50',1)
/
INSERT INTO KREW_RULE_ATTR_T (RULE_ATTR_ID,NM,LBL,RULE_ATTR_TYP_CD,CLS_NM,APPL_ID,DESC_TXT,XML,OBJ_ID,VER_NBR) VALUES ('1650','DFAC.ViceChancellorforAcademicAffairsandDeanOfFacultiesAdHocNetworkIdRoleAttribute','ViceChancellor AdHoc Network Id','RuleXmlAttribute','org.kuali.rice.kew.rule.NetworkIdRoleAttribute',null,'ViceChancellor AdHoc Network Id Role Attribute','<configuration>\r\n        <xmlElementLabel>ViceChancellorAdHoc</xmlElementLabel>\r\n      </configuration>\r\n','11801121-81c1-46c0-82b3-0e11b1edc71b',1)
/
INSERT INTO KREW_RULE_ATTR_T (RULE_ATTR_ID,NM,LBL,RULE_ATTR_TYP_CD,CLS_NM,APPL_ID,DESC_TXT,XML,OBJ_ID,VER_NBR) VALUES ('1651','DFAC.AffirmativeActionOfficerAdHocNetworkIdRoleAttribute','AffirmativeActionOfficer AdHoc Network Id','RuleXmlAttribute','org.kuali.rice.kew.rule.NetworkIdRoleAttribute',null,'AffirmativeActionOfficer AdHoc Network Id Role Attribute','<configuration>\r\n        <xmlElementLabel>AffirmativeActionOfficerAdHoc</xmlElementLabel>\r\n      </configuration>\r\n','0b82fcbc-c8e8-40c3-a9bd-32bcb4b83c78',1)
/
INSERT INTO KREW_RULE_ATTR_T (RULE_ATTR_ID,NM,LBL,RULE_ATTR_TYP_CD,CLS_NM,APPL_ID,DESC_TXT,XML,OBJ_ID,VER_NBR) VALUES ('1652','EDLDepartmentSearchAttribute','Department Search Attribute','SearchableXmlAttribute','org.kuali.rice.kew.docsearch.xml.StandardGenericXMLSearchableAttribute',null,'Department Search Attribute','<searchingConfig>\r\n        <fieldDef name="department1" title="Department" workflowType="ALL">\r\n          <display>\r\n            <type>text</type>\r\n          </display>\r\n          <!--<searchDefinition autoWildcardLocation="suffixonly" />-->\r\n          <fieldEvaluation>\r\n            <xpathexpression>//version[@current="true"]/field[@name="department1"]/value</xpathexpression>\r\n          </fieldEvaluation>\r\n        </fieldDef>\r\n      </searchingConfig>\r\n','87c96d90-6c1f-4bc2-858b-fbbe96ac13a2',1)
/
INSERT INTO KREW_RULE_ATTR_T (RULE_ATTR_ID,NM,LBL,RULE_ATTR_TYP_CD,CLS_NM,APPL_ID,DESC_TXT,XML,OBJ_ID,VER_NBR) VALUES ('1653','InitiatorAttribute','Initiator Role Attribute','RuleAttribute','org.kuali.rice.kew.rule.InitiatorRoleAttribute',null,'Initiator Role Attribute',null,'103e6b6c-1c5c-489e-8323-154736618402',1)
/
INSERT INTO KREW_RULE_ATTR_T (RULE_ATTR_ID,NM,LBL,RULE_ATTR_TYP_CD,CLS_NM,APPL_ID,DESC_TXT,XML,OBJ_ID,VER_NBR) VALUES ('1654','EDLOAASearchAttribute','DepartmentSearchAttribute','SearchableXmlAttribute','org.kuali.rice.kew.docsearch.xml.StandardGenericXMLSearchableAttribute',null,'DepartmentSearchAttribute','<searchingConfig>\r\n        <fieldDef name="oaa" title="OAA#" workflowType="ALL">\r\n          <display>\r\n            <type>text</type>\r\n          </display>\r\n          <!--<searchDefinition autoWildcardLocation="suffixonly" />-->\r\n          <fieldEvaluation>\r\n            <xpathexpression>//version[@current="true"]/field[@name="oaa"]/value</xpathexpression>\r\n          </fieldEvaluation>\r\n        </fieldDef>\r\n      </searchingConfig>\r\n','f111215e-1225-484b-8ac8-c3ff2feef5fb',1)
/
UPDATE KREW_RULE_ATTR_T SET NM='DFAC_OAASearchStatusInformalOfferSearchAttribute',LBL='DFAC_OAA Search Status InformalOffer Approval Search Attribute',RULE_ATTR_TYP_CD='SearchableXmlAttribute',CLS_NM='org.kuali.rice.kew.docsearch.xml.StandardGenericXMLSearchableAttribute',APPL_ID=null,DESC_TXT='DFAC_OAA Search Status InformalOffer Approval Search Attribute',XML='<searchingConfig>\r\n        <fieldDef name="informalOffer" title="Were there informal Offers?" workflowType="ALL">\r\n          <display>\r\n            <type>radio</type>\r\n            <values title="Yes">yes</values>\r\n            <values title="No">no</values>\r\n            <values title="Either"/>\r\n          </display>\r\n          <fieldEvaluation>\r\n            <xpathexpression>//version[@current="true"]/field[@name="informalOffer"]/value</xpathexpression>\r\n          </fieldEvaluation>\r\n        </fieldDef>\r\n      </searchingConfig>\r\n',OBJ_ID='7ea37e4c-dee1-4374-a7eb-48eff453a2ad',VER_NBR=2 WHERE RULE_ATTR_ID = '1645'  AND VER_NBR = 1
/
INSERT INTO KREW_RULE_ATTR_T (RULE_ATTR_ID,NM,LBL,RULE_ATTR_TYP_CD,CLS_NM,APPL_ID,DESC_TXT,XML,OBJ_ID,VER_NBR) VALUES ('1655','EDLSchoolAttribute','EDL School Routing','RuleXmlAttribute','edu.iu.uis.eden.routetemplate.xmlrouting.StandardGenericXMLRuleAttribute',null,'EDL School Routing','<routingConfig>\r\n        <fieldDef name="school" title="School" workflowType="ALL">\r\n          <display>\r\n            <type>select</type>\r\n            <values title="ADM">ADM</values>\r\n            <values title="ARSC">ARSC</values>\r\n            <values title="ASDV">ASDV</values>\r\n            <values title="BUS">BUS</values>\r\n            <values title="CCCS">CCCS</values>\r\n            <values title="EDUC">EDOC</values>\r\n            <values title="EXEC">EXEC</values>\r\n            <values title="HPER">HPER</values>\r\n            <values title="INFO">INFO</values>\r\n            <values title="JOUR">JOUR</values>\r\n            <values title="LAWS">LAWS</values>\r\n            <values title="LIBR">LIBR</values>\r\n            <values title="MUS">MUS</values>\r\n            <values title="OPT">OPT</values>\r\n            <values title="RCEN">RCEN</values>\r\n            <values title="RUAD">RUAD</values>\r\n            <values title="SCS">SCS</values>\r\n            <values title="SLIS">SLIS</values>\r\n            <values title="SPEA">SPEA</values>\r\n            <values title="SSER">SSER</values>\r\n            <values title="UITS">UITS</values>\r\n            <values title="VPFA">VPFA</values>\r\n            <values title="VPUE">VPUE</values>\r\n          </display>\r\n          <validation required="true"/>\r\n          <fieldEvaluation>\r\n            <xpathexpression>//school = wf:ruledata("school")</xpathexpression>\r\n          </fieldEvaluation>\r\n        </fieldDef>\r\n        <xmlDocumentContent>\r\n          <school>%school%</school>\r\n        </xmlDocumentContent>\r\n      </routingConfig>\r\n','02c7fcc2-a074-4e70-9373-8300f71ddc33',1)
/
INSERT INTO KREW_RULE_ATTR_T (RULE_ATTR_ID,NM,LBL,RULE_ATTR_TYP_CD,CLS_NM,APPL_ID,DESC_TXT,XML,OBJ_ID,VER_NBR) VALUES ('1656','EDLSchoolSearchAttribute','Department Search Attribute','SearchableXmlAttribute','edu.iu.uis.eden.docsearch.xml.StandardGenericXMLSearchableAttribute',null,'Department Search Attribute','<searchingConfig>\r\n        <fieldDef name="school" title="School" workflowType="ALL">\r\n          <display>\r\n            <type>select</type>\r\n            <values title=""/>\r\n            <values title="ADM">ADM</values>\r\n            <values title="ARSC">ARSC</values>\r\n            <values title="ASDV">ASDV</values>\r\n            <values title="BUS">BUS</values>\r\n            <values title="DFAC">DFAC</values>\r\n            <values title="EDUC">EDOC</values>\r\n            <values title="EXEC">EXEC</values>\r\n            <values title="HPER">HPER</values>\r\n            <values title="INFO">INFO</values>\r\n            <values title="JOUR">JOUR</values>\r\n            <values title="LAWS">LAWS</values>\r\n            <values title="LIBR">LIBR</values>\r\n            <values title="MUS">MUS</values>\r\n            <values title="OPT">OPT</values>\r\n            <values title="RCEN">RCEN</values>\r\n            <values title="SCS">SCS</values>\r\n            <values title="SLIS">SLIS</values>\r\n            <values title="SPEA">SPEA</values>\r\n            <values title="SSER">SSER</values>\r\n            <values title="UITS">UITS</values>\r\n          </display>\r\n          <fieldEvaluation>\r\n            <xpathexpression>//version[@current="true"]/field[@name="school"]/value</xpathexpression>\r\n          </fieldEvaluation>\r\n        </fieldDef>\r\n      </searchingConfig>\r\n','dd7edbdd-7cb4-4fb2-bfc0-a6b087cdae78',1)
/
INSERT INTO KREW_RULE_ATTR_T (RULE_ATTR_ID,NM,LBL,RULE_ATTR_TYP_CD,CLS_NM,APPL_ID,DESC_TXT,XML,OBJ_ID,VER_NBR) VALUES ('1657','EDLExpectedStartDateSearchAttribute','EDL Expected Start Date Search Attribute','SearchableXmlAttribute','org.kuali.rice.kew.docsearch.xml.StandardGenericXMLSearchableAttribute',null,'EDL Expected Start Date Search Attribute','<searchingConfig>\r\n        <fieldDef name="expectedStartDate" title="Expected Start Date" workflowType="ALL">\r\n          <display>\r\n            <type>text</type>\r\n          </display>\r\n          <!--<searchDefinition autoWildcardLocation="suffixonly" />-->\r\n          <fieldEvaluation>\r\n            <xpathexpression>normalize-space(substring-before(//expectedStartDate, " "))</xpathexpression>\r\n          </fieldEvaluation>\r\n        </fieldDef>\r\n      </searchingConfig>\r\n','4f439b47-0420-4bc4-bf1e-d7f2c00c07a7',1)
/
INSERT INTO KREW_RULE_ATTR_T (RULE_ATTR_ID,NM,LBL,RULE_ATTR_TYP_CD,CLS_NM,APPL_ID,DESC_TXT,XML,OBJ_ID,VER_NBR) VALUES ('1658','EDLSalaryGradeSearchAttribute','EDL Salary Grade Search Attribute','SearchableXmlAttribute','org.kuali.rice.kew.docsearch.xml.StandardGenericXMLSearchableAttribute',null,'EDL Salary Grade Search Attribute','<searchingConfig>\r\n        <fieldDef name="rank" title="Salary Grade" workflowType="ALL">\r\n          <display>\r\n            <type>text</type>\r\n          </display>\r\n          <!--<searchDefinition autoWildcardLocation="suffixonly" />-->\r\n          <fieldEvaluation>\r\n            <xpathexpression>normalize-space(substring-before(//rank, " "))</xpathexpression>\r\n          </fieldEvaluation>\r\n        </fieldDef>\r\n      </searchingConfig>\r\n','beddca07-a014-45a8-ac6d-a4cf151db089',1)
/
INSERT INTO KREW_RULE_ATTR_T (RULE_ATTR_ID,NM,LBL,RULE_ATTR_TYP_CD,CLS_NM,APPL_ID,DESC_TXT,XML,OBJ_ID,VER_NBR) VALUES ('1659','EDLTotalApplicantsSearchAttribute','EDL Total Applicants Search Attribute','SearchableXmlAttribute','org.kuali.rice.kew.docsearch.xml.StandardGenericXMLSearchableAttribute',null,'EDL Total Applicants Search Attribute','<searchingConfig>\r\n        <fieldDef name="totalApplicants" title="Total Applicants">\r\n          <display>\r\n            <type>text</type>\r\n          </display>\r\n          <!--<searchDefinition autoWildcardLocation="suffixonly" />-->\r\n          <fieldEvaluation>\r\n            <xpathexpression>normalize-space(substring-before(//totalApplicants, " "))</xpathexpression>\r\n          </fieldEvaluation>\r\n        </fieldDef>\r\n      </searchingConfig>\r\n','423a16b7-ec1b-45b6-8aec-18a559a64183',1)
/
INSERT INTO KREW_RULE_ATTR_T (RULE_ATTR_ID,NM,LBL,RULE_ATTR_TYP_CD,CLS_NM,APPL_ID,DESC_TXT,XML,OBJ_ID,VER_NBR) VALUES ('1660','EDLTotalAMFsReceievedSearchAttribute','EDL Total AMFs Received Search Attribute','SearchableXmlAttribute','org.kuali.rice.kew.docsearch.xml.StandardGenericXMLSearchableAttribute',null,'EDL Total AMFs Received Search Attribute','<searchingConfig>\r\n        <fieldDef name="totalAMFsReceived" title="Total AMFs Received">\r\n          <display>\r\n            <type>text</type>\r\n          </display>\r\n          <!--<searchDefinition autoWildcardLocation="suffixonly" />-->\r\n          <fieldEvaluation>\r\n            <xpathexpression>normalize-space(substring-before(//totalAMFsReceived, " "))</xpathexpression>\r\n          </fieldEvaluation>\r\n        </fieldDef>\r\n      </searchingConfig>\r\n','8fa14669-ba27-40ae-b9bb-74a286ba9056',1)
/

INSERT INTO KREW_RULE_TMPL_T (RULE_TMPL_ID,NM,RULE_TMPL_DESC,DLGN_RULE_TMPL_ID,OBJ_ID,VER_NBR) VALUES ('1661','DFAC.AffirmativeActionOfficer.AdHoc','DFAC Affirmative Action Officer Optional AdHoc Routing',null,'f3d8c6ed-b54e-4956-a7d0-4d7e29d635be',1)
/
INSERT INTO KREW_RULE_TMPL_ATTR_T (RULE_TMPL_ATTR_ID,RULE_TMPL_ID,RULE_ATTR_ID,REQ_IND,ACTV_IND,DSPL_ORD,DFLT_VAL,OBJ_ID,VER_NBR) VALUES ('1662','1661','1651',0,1,0,null,'3c59970a-d6f2-4307-a0e4-b0cabcb4e02d',1)
/
UPDATE KREW_RULE_TMPL_T SET NM='DFAC.AffirmativeActionOfficer.AdHoc',RULE_TMPL_DESC='DFAC Affirmative Action Officer Optional AdHoc Routing',DLGN_RULE_TMPL_ID=null,OBJ_ID='f3d8c6ed-b54e-4956-a7d0-4d7e29d635be',VER_NBR=2 WHERE RULE_TMPL_ID = '1661'  AND VER_NBR = 1
/
UPDATE KREW_RULE_TMPL_ATTR_T SET RULE_TMPL_ID='1661',RULE_ATTR_ID='1651',REQ_IND=0,ACTV_IND=1,DSPL_ORD=0,DFLT_VAL=null,OBJ_ID='3c59970a-d6f2-4307-a0e4-b0cabcb4e02d',VER_NBR=2 WHERE RULE_TMPL_ATTR_ID = '1662'  AND VER_NBR = 1
/
INSERT INTO KREW_RULE_TMPL_T (RULE_TMPL_ID,NM,RULE_TMPL_DESC,DLGN_RULE_TMPL_ID,OBJ_ID,VER_NBR) VALUES ('1663','DFAC.ViceChancellorforAcademicAffairsandDeanOfFaculties.AdHoc','DFAC Vice Chancellor Optional AdHoc Routing',null,'77159249-cbcd-447d-87ed-996f21a72468',1)
/
INSERT INTO KREW_RULE_TMPL_ATTR_T (RULE_TMPL_ATTR_ID,RULE_TMPL_ID,RULE_ATTR_ID,REQ_IND,ACTV_IND,DSPL_ORD,DFLT_VAL,OBJ_ID,VER_NBR) VALUES ('1664','1663','1650',0,1,1,null,'db1862a6-4302-47ec-b21c-622dd4914c8e',1)
/
UPDATE KREW_RULE_TMPL_T SET NM='DFAC.ViceChancellorforAcademicAffairsandDeanOfFaculties.AdHoc',RULE_TMPL_DESC='DFAC Vice Chancellor Optional AdHoc Routing',DLGN_RULE_TMPL_ID=null,OBJ_ID='77159249-cbcd-447d-87ed-996f21a72468',VER_NBR=2 WHERE RULE_TMPL_ID = '1663'  AND VER_NBR = 1
/
UPDATE KREW_RULE_TMPL_ATTR_T SET RULE_TMPL_ID='1663',RULE_ATTR_ID='1650',REQ_IND=0,ACTV_IND=1,DSPL_ORD=1,DFLT_VAL=null,OBJ_ID='db1862a6-4302-47ec-b21c-622dd4914c8e',VER_NBR=2 WHERE RULE_TMPL_ATTR_ID = '1664'  AND VER_NBR = 1
/
INSERT INTO KREW_RULE_TMPL_T (RULE_TMPL_ID,NM,RULE_TMPL_DESC,DLGN_RULE_TMPL_ID,OBJ_ID,VER_NBR) VALUES ('1665','InitiatorRoleAcknowledgement','OAA Initiator Acknowledgement',null,'6c8b6adc-422c-4c5d-868c-767b344a902b',1)
/
INSERT INTO KREW_RULE_TMPL_ATTR_T (RULE_TMPL_ATTR_ID,RULE_TMPL_ID,RULE_ATTR_ID,REQ_IND,ACTV_IND,DSPL_ORD,DFLT_VAL,OBJ_ID,VER_NBR) VALUES ('1666','1665','1653',1,1,2,null,'134ab368-4caf-4be9-8c91-42814361954c',1)
/
INSERT INTO KREW_RULE_TMPL_ATTR_T (RULE_TMPL_ATTR_ID,RULE_TMPL_ID,RULE_ATTR_ID,REQ_IND,ACTV_IND,DSPL_ORD,DFLT_VAL,OBJ_ID,VER_NBR) VALUES ('1667','1665','1646',1,1,3,null,'c18389a6-88c5-436c-ac54-d79790c13315',1)
/
INSERT INTO KREW_RULE_TMPL_ATTR_T (RULE_TMPL_ATTR_ID,RULE_TMPL_ID,RULE_ATTR_ID,REQ_IND,ACTV_IND,DSPL_ORD,DFLT_VAL,OBJ_ID,VER_NBR) VALUES ('1668','1665','1648',1,1,4,null,'21de22ba-39bb-4593-80fd-11c37b8d1571',1)
/
UPDATE KREW_RULE_TMPL_T SET NM='InitiatorRoleAcknowledgement',RULE_TMPL_DESC='OAA Initiator Acknowledgement',DLGN_RULE_TMPL_ID=null,OBJ_ID='6c8b6adc-422c-4c5d-868c-767b344a902b',VER_NBR=2 WHERE RULE_TMPL_ID = '1665'  AND VER_NBR = 1
/
UPDATE KREW_RULE_TMPL_ATTR_T SET RULE_TMPL_ID='1665',RULE_ATTR_ID='1653',REQ_IND=1,ACTV_IND=1,DSPL_ORD=2,DFLT_VAL=null,OBJ_ID='134ab368-4caf-4be9-8c91-42814361954c',VER_NBR=2 WHERE RULE_TMPL_ATTR_ID = '1666'  AND VER_NBR = 1
/
UPDATE KREW_RULE_TMPL_ATTR_T SET RULE_TMPL_ID='1665',RULE_ATTR_ID='1646',REQ_IND=1,ACTV_IND=1,DSPL_ORD=3,DFLT_VAL=null,OBJ_ID='c18389a6-88c5-436c-ac54-d79790c13315',VER_NBR=2 WHERE RULE_TMPL_ATTR_ID = '1667'  AND VER_NBR = 1
/
UPDATE KREW_RULE_TMPL_ATTR_T SET RULE_TMPL_ID='1665',RULE_ATTR_ID='1648',REQ_IND=1,ACTV_IND=1,DSPL_ORD=4,DFLT_VAL=null,OBJ_ID='21de22ba-39bb-4593-80fd-11c37b8d1571',VER_NBR=2 WHERE RULE_TMPL_ATTR_ID = '1668'  AND VER_NBR = 1
/
INSERT INTO KREW_RULE_TMPL_T (RULE_TMPL_ID,NM,RULE_TMPL_DESC,DLGN_RULE_TMPL_ID,OBJ_ID,VER_NBR) VALUES ('1669','AffirmativeActionOfficer','Office Of Affirmative Action Officer',null,'41db6095-a134-42be-832b-e26e6d1f4647',1)
/
INSERT INTO KREW_RULE_TMPL_ATTR_T (RULE_TMPL_ATTR_ID,RULE_TMPL_ID,RULE_ATTR_ID,REQ_IND,ACTV_IND,DSPL_ORD,DFLT_VAL,OBJ_ID,VER_NBR) VALUES ('1670','1669','1646',1,1,5,null,'d6504aa7-fb45-46ed-a3bd-85bc857c797d',1)
/
INSERT INTO KREW_RULE_TMPL_ATTR_T (RULE_TMPL_ATTR_ID,RULE_TMPL_ID,RULE_ATTR_ID,REQ_IND,ACTV_IND,DSPL_ORD,DFLT_VAL,OBJ_ID,VER_NBR) VALUES ('1671','1669','1648',1,1,6,null,'5f716e9c-9347-4809-ac25-a39ab168b479',1)
/
UPDATE KREW_RULE_TMPL_T SET NM='AffirmativeActionOfficer',RULE_TMPL_DESC='Office Of Affirmative Action Officer',DLGN_RULE_TMPL_ID=null,OBJ_ID='41db6095-a134-42be-832b-e26e6d1f4647',VER_NBR=2 WHERE RULE_TMPL_ID = '1669'  AND VER_NBR = 1
/
UPDATE KREW_RULE_TMPL_ATTR_T SET RULE_TMPL_ID='1669',RULE_ATTR_ID='1646',REQ_IND=1,ACTV_IND=1,DSPL_ORD=5,DFLT_VAL=null,OBJ_ID='d6504aa7-fb45-46ed-a3bd-85bc857c797d',VER_NBR=2 WHERE RULE_TMPL_ATTR_ID = '1670'  AND VER_NBR = 1
/
UPDATE KREW_RULE_TMPL_ATTR_T SET RULE_TMPL_ID='1669',RULE_ATTR_ID='1648',REQ_IND=1,ACTV_IND=1,DSPL_ORD=6,DFLT_VAL=null,OBJ_ID='5f716e9c-9347-4809-ac25-a39ab168b479',VER_NBR=2 WHERE RULE_TMPL_ATTR_ID = '1671'  AND VER_NBR = 1
/
INSERT INTO KREW_RULE_TMPL_T (RULE_TMPL_ID,NM,RULE_TMPL_DESC,DLGN_RULE_TMPL_ID,OBJ_ID,VER_NBR) VALUES ('1672','OfficeOfAffirmativeAction-SchoolAcknowledgementRouting','Office Of Affirmative Action - School Acknowledgement Routing',null,'8244fb43-e573-49b8-8320-9c3b6d9336fb',1)
/
INSERT INTO KREW_RULE_TMPL_ATTR_T (RULE_TMPL_ATTR_ID,RULE_TMPL_ID,RULE_ATTR_ID,REQ_IND,ACTV_IND,DSPL_ORD,DFLT_VAL,OBJ_ID,VER_NBR) VALUES ('1673','1672','1646',1,1,7,null,'c0ff04d1-1cee-467a-96bb-cc645eadba8b',1)
/
INSERT INTO KREW_RULE_TMPL_ATTR_T (RULE_TMPL_ATTR_ID,RULE_TMPL_ID,RULE_ATTR_ID,REQ_IND,ACTV_IND,DSPL_ORD,DFLT_VAL,OBJ_ID,VER_NBR) VALUES ('1674','1672','1648',1,1,8,null,'6d3f9f1d-854d-4497-819e-4b4123764341',1)
/
UPDATE KREW_RULE_TMPL_T SET NM='OfficeOfAffirmativeAction-SchoolAcknowledgementRouting',RULE_TMPL_DESC='Office Of Affirmative Action - School Acknowledgement Routing',DLGN_RULE_TMPL_ID=null,OBJ_ID='8244fb43-e573-49b8-8320-9c3b6d9336fb',VER_NBR=2 WHERE RULE_TMPL_ID = '1672'  AND VER_NBR = 1
/
UPDATE KREW_RULE_TMPL_ATTR_T SET RULE_TMPL_ID='1672',RULE_ATTR_ID='1646',REQ_IND=1,ACTV_IND=1,DSPL_ORD=7,DFLT_VAL=null,OBJ_ID='c0ff04d1-1cee-467a-96bb-cc645eadba8b',VER_NBR=2 WHERE RULE_TMPL_ATTR_ID = '1673'  AND VER_NBR = 1
/
UPDATE KREW_RULE_TMPL_ATTR_T SET RULE_TMPL_ID='1672',RULE_ATTR_ID='1648',REQ_IND=1,ACTV_IND=1,DSPL_ORD=8,DFLT_VAL=null,OBJ_ID='6d3f9f1d-854d-4497-819e-4b4123764341',VER_NBR=2 WHERE RULE_TMPL_ATTR_ID = '1674'  AND VER_NBR = 1
/
INSERT INTO KREW_RULE_TMPL_T (RULE_TMPL_ID,NM,RULE_TMPL_DESC,DLGN_RULE_TMPL_ID,OBJ_ID,VER_NBR) VALUES ('1675','ViceChancellorforAcademicAffairsandDeanOfFaculties','Office Of Affirmative Action Officer',null,'786daa5e-c87f-443a-a43c-fc1a529bf9bb',1)
/
INSERT INTO KREW_RULE_TMPL_ATTR_T (RULE_TMPL_ATTR_ID,RULE_TMPL_ID,RULE_ATTR_ID,REQ_IND,ACTV_IND,DSPL_ORD,DFLT_VAL,OBJ_ID,VER_NBR) VALUES ('1676','1675','1646',1,1,9,null,'8a10dd7b-ee71-42d4-b8f1-9abab3e4b7eb',1)
/
INSERT INTO KREW_RULE_TMPL_ATTR_T (RULE_TMPL_ATTR_ID,RULE_TMPL_ID,RULE_ATTR_ID,REQ_IND,ACTV_IND,DSPL_ORD,DFLT_VAL,OBJ_ID,VER_NBR) VALUES ('1677','1675','1648',1,1,10,null,'f059132f-976a-4677-a7bd-1c36aaa0aeaf',1)
/
UPDATE KREW_RULE_TMPL_T SET NM='ViceChancellorforAcademicAffairsandDeanOfFaculties',RULE_TMPL_DESC='Office Of Affirmative Action Officer',DLGN_RULE_TMPL_ID=null,OBJ_ID='786daa5e-c87f-443a-a43c-fc1a529bf9bb',VER_NBR=2 WHERE RULE_TMPL_ID = '1675'  AND VER_NBR = 1
/
UPDATE KREW_RULE_TMPL_ATTR_T SET RULE_TMPL_ID='1675',RULE_ATTR_ID='1646',REQ_IND=1,ACTV_IND=1,DSPL_ORD=9,DFLT_VAL=null,OBJ_ID='8a10dd7b-ee71-42d4-b8f1-9abab3e4b7eb',VER_NBR=2 WHERE RULE_TMPL_ATTR_ID = '1676'  AND VER_NBR = 1
/
UPDATE KREW_RULE_TMPL_ATTR_T SET RULE_TMPL_ID='1675',RULE_ATTR_ID='1648',REQ_IND=1,ACTV_IND=1,DSPL_ORD=10,DFLT_VAL=null,OBJ_ID='f059132f-976a-4677-a7bd-1c36aaa0aeaf',VER_NBR=2 WHERE RULE_TMPL_ATTR_ID = '1677'  AND VER_NBR = 1
/
INSERT INTO KREW_RULE_TMPL_T (RULE_TMPL_ID,NM,RULE_TMPL_DESC,DLGN_RULE_TMPL_ID,OBJ_ID,VER_NBR) VALUES ('1678','OfficeOfAffirmativeAction-SchoolRouting','Office Of Affirmative Action - School Routing',null,'e4bc7a5a-c7c4-427d-8316-8cb7fb75f2bf',1)
/
INSERT INTO KREW_RULE_TMPL_ATTR_T (RULE_TMPL_ATTR_ID,RULE_TMPL_ID,RULE_ATTR_ID,REQ_IND,ACTV_IND,DSPL_ORD,DFLT_VAL,OBJ_ID,VER_NBR) VALUES ('1679','1678','1646',1,1,11,null,'3681ba49-97ff-4c5e-9b9d-7b2c91ddaddc',1)
/
INSERT INTO KREW_RULE_TMPL_ATTR_T (RULE_TMPL_ATTR_ID,RULE_TMPL_ID,RULE_ATTR_ID,REQ_IND,ACTV_IND,DSPL_ORD,DFLT_VAL,OBJ_ID,VER_NBR) VALUES ('1680','1678','1648',1,1,12,null,'307664ad-3a78-40b6-821b-3fe3b0906d10',1)
/
UPDATE KREW_RULE_TMPL_T SET NM='OfficeOfAffirmativeAction-SchoolRouting',RULE_TMPL_DESC='Office Of Affirmative Action - School Routing',DLGN_RULE_TMPL_ID=null,OBJ_ID='e4bc7a5a-c7c4-427d-8316-8cb7fb75f2bf',VER_NBR=2 WHERE RULE_TMPL_ID = '1678'  AND VER_NBR = 1
/
UPDATE KREW_RULE_TMPL_ATTR_T SET RULE_TMPL_ID='1678',RULE_ATTR_ID='1646',REQ_IND=1,ACTV_IND=1,DSPL_ORD=11,DFLT_VAL=null,OBJ_ID='3681ba49-97ff-4c5e-9b9d-7b2c91ddaddc',VER_NBR=2 WHERE RULE_TMPL_ATTR_ID = '1679'  AND VER_NBR = 1
/
UPDATE KREW_RULE_TMPL_ATTR_T SET RULE_TMPL_ID='1678',RULE_ATTR_ID='1648',REQ_IND=1,ACTV_IND=1,DSPL_ORD=12,DFLT_VAL=null,OBJ_ID='307664ad-3a78-40b6-821b-3fe3b0906d10',VER_NBR=2 WHERE RULE_TMPL_ATTR_ID = '1680'  AND VER_NBR = 1
/
INSERT INTO KREW_DOC_TYP_T (DOC_TYP_ID,PARNT_ID,DOC_TYP_NM,DOC_TYP_VER_NBR,ACTV_IND,CUR_IND,DOC_TYP_DESC,LBL,PREV_DOC_TYP_VER_NBR,DOC_HDR_ID,DOC_HDLR_URL,HELP_DEF_URL,DOC_SEARCH_HELP_URL,POST_PRCSR,AUTHORIZER,GRP_ID,BLNKT_APPR_GRP_ID,BLNKT_APPR_PLCY,RPT_GRP_ID,RTE_VER_NBR,NOTIFY_ADDR,SEC_XML,EMAIL_XSL,APPL_ID,OBJ_ID,VER_NBR) VALUES ('3010',null,'OfficeOfAffirmativeAction',0,1,1,'Office Of Affirmative Action Documents','Offic Of Affirmative Action Documents',null,null,'${workflow.url}/EDocLite','','','org.kuali.rice.edl.framework.workflow.EDocLitePostProcessor',null,'10026','10026',null,null,'2','workflow@indiana.edu',null,null,null,'cd1f5657-114b-422a-83f1-e36603046d59',1)
/
INSERT INTO KREW_DOC_TYP_PLCY_RELN_T (DOC_TYP_ID,DOC_PLCY_NM,PLCY_NM,PLCY_VAL,OBJ_ID,VER_NBR) VALUES ('3010','DEFAULT_APPROVE',0,null,'d396d942-5a34-4ffa-bce0-916c3e8d8d5b',1)
/
INSERT INTO KREW_DOC_TYP_ATTR_T (DOC_TYP_ATTRIB_ID,DOC_TYP_ID,RULE_ATTR_ID,ORD_INDX) VALUES ('2010','3010','1652',1)
/
INSERT INTO KREW_DOC_TYP_ATTR_T (DOC_TYP_ATTRIB_ID,DOC_TYP_ID,RULE_ATTR_ID,ORD_INDX) VALUES ('2011','3010','1654',2)
/
INSERT INTO KREW_DOC_TYP_ATTR_T (DOC_TYP_ATTRIB_ID,DOC_TYP_ID,RULE_ATTR_ID,ORD_INDX) VALUES ('2012','3010','1647',3)
/
INSERT INTO KREW_DOC_TYP_ATTR_T (DOC_TYP_ATTRIB_ID,DOC_TYP_ID,RULE_ATTR_ID,ORD_INDX) VALUES ('2013','3010','1649',4)
/
INSERT INTO KREW_RTE_NODE_T (RTE_NODE_ID,DOC_TYP_ID,NM,TYP,RTE_MTHD_NM,FNL_APRVR_IND,MNDTRY_RTE_IND,GRP_ID,RTE_MTHD_CD,ACTVN_TYP,BRCH_PROTO_ID,NEXT_DOC_STAT,VER_NBR) VALUES ('2923','3010','Initiated','org.kuali.rice.kew.engine.node.InitialNode',null,0,0,'10026',null,'P',null,null,1)
/
INSERT INTO KREW_RTE_NODE_CFG_PARM_T (RTE_NODE_CFG_PARM_ID,RTE_NODE_ID,KEY_CD,VAL) VALUES ('2485','2923','contentFragment','<start name="Initiated">\r\n<activationType>P</activationType>\r\n<mandatoryRoute>false</mandatoryRoute>\r\n<finalApproval>false</finalApproval>\r\n</start>\r\n')
/
INSERT INTO KREW_RTE_NODE_CFG_PARM_T (RTE_NODE_CFG_PARM_ID,RTE_NODE_ID,KEY_CD,VAL) VALUES ('2486','2923','activationType','P')
/
INSERT INTO KREW_RTE_NODE_CFG_PARM_T (RTE_NODE_CFG_PARM_ID,RTE_NODE_ID,KEY_CD,VAL) VALUES ('2487','2923','mandatoryRoute','false')
/
INSERT INTO KREW_RTE_NODE_CFG_PARM_T (RTE_NODE_CFG_PARM_ID,RTE_NODE_ID,KEY_CD,VAL) VALUES ('2488','2923','finalApproval','false')
/
INSERT INTO KREW_RTE_NODE_CFG_PARM_T (RTE_NODE_CFG_PARM_ID,RTE_NODE_ID,KEY_CD,VAL) VALUES ('2489','2923','ruleSelector','Template')
/
INSERT INTO KREW_RTE_NODE_T (RTE_NODE_ID,DOC_TYP_ID,NM,TYP,RTE_MTHD_NM,FNL_APRVR_IND,MNDTRY_RTE_IND,GRP_ID,RTE_MTHD_CD,ACTVN_TYP,BRCH_PROTO_ID,NEXT_DOC_STAT,VER_NBR) VALUES ('2924','3010','School','org.kuali.rice.kew.engine.node.RequestsNode','OfficeOfAffirmativeAction-SchoolRouting',0,0,'10026','FR','S',null,null,1)
/
INSERT INTO KREW_RTE_NODE_CFG_PARM_T (RTE_NODE_CFG_PARM_ID,RTE_NODE_ID,KEY_CD,VAL) VALUES ('2490','2924','contentFragment','<requests name="School">\r\n<activationType>S</activationType>\r\n<ruleTemplate>OfficeOfAffirmativeAction-SchoolRouting</ruleTemplate>\r\n<mandatoryRoute>false</mandatoryRoute>\r\n<finalApproval>false</finalApproval>\r\n</requests>\r\n')
/
INSERT INTO KREW_RTE_NODE_CFG_PARM_T (RTE_NODE_CFG_PARM_ID,RTE_NODE_ID,KEY_CD,VAL) VALUES ('2491','2924','activationType','S')
/
INSERT INTO KREW_RTE_NODE_CFG_PARM_T (RTE_NODE_CFG_PARM_ID,RTE_NODE_ID,KEY_CD,VAL) VALUES ('2492','2924','ruleTemplate','OfficeOfAffirmativeAction-SchoolRouting')
/
INSERT INTO KREW_RTE_NODE_CFG_PARM_T (RTE_NODE_CFG_PARM_ID,RTE_NODE_ID,KEY_CD,VAL) VALUES ('2493','2924','mandatoryRoute','false')
/
INSERT INTO KREW_RTE_NODE_CFG_PARM_T (RTE_NODE_CFG_PARM_ID,RTE_NODE_ID,KEY_CD,VAL) VALUES ('2494','2924','finalApproval','false')
/
INSERT INTO KREW_RTE_NODE_CFG_PARM_T (RTE_NODE_CFG_PARM_ID,RTE_NODE_ID,KEY_CD,VAL) VALUES ('2495','2924','ruleSelector','Template')
/
INSERT INTO KREW_RTE_NODE_LNK_T (TO_RTE_NODE_ID,FROM_RTE_NODE_ID) VALUES ('2924','2923')
/
INSERT INTO KREW_RTE_NODE_T (RTE_NODE_ID,DOC_TYP_ID,NM,TYP,RTE_MTHD_NM,FNL_APRVR_IND,MNDTRY_RTE_IND,GRP_ID,RTE_MTHD_CD,ACTVN_TYP,BRCH_PROTO_ID,NEXT_DOC_STAT,VER_NBR) VALUES ('2925','3010','AffirmativeActionOfficer','org.kuali.rice.kew.engine.node.RequestsNode','AffirmativeActionOfficer',0,0,'10026','FR','S',null,null,1)
/
INSERT INTO KREW_RTE_NODE_CFG_PARM_T (RTE_NODE_CFG_PARM_ID,RTE_NODE_ID,KEY_CD,VAL) VALUES ('2496','2925','contentFragment','<requests name="AffirmativeActionOfficer">\r\n<activationType>S</activationType>\r\n<ruleTemplate>AffirmativeActionOfficer</ruleTemplate>\r\n<mandatoryRoute>false</mandatoryRoute>\r\n<finalApproval>false</finalApproval>\r\n</requests>\r\n')
/
INSERT INTO KREW_RTE_NODE_CFG_PARM_T (RTE_NODE_CFG_PARM_ID,RTE_NODE_ID,KEY_CD,VAL) VALUES ('2497','2925','activationType','S')
/
INSERT INTO KREW_RTE_NODE_CFG_PARM_T (RTE_NODE_CFG_PARM_ID,RTE_NODE_ID,KEY_CD,VAL) VALUES ('2498','2925','ruleTemplate','AffirmativeActionOfficer')
/
INSERT INTO KREW_RTE_NODE_CFG_PARM_T (RTE_NODE_CFG_PARM_ID,RTE_NODE_ID,KEY_CD,VAL) VALUES ('2499','2925','mandatoryRoute','false')
/
INSERT INTO KREW_RTE_NODE_CFG_PARM_T (RTE_NODE_CFG_PARM_ID,RTE_NODE_ID,KEY_CD,VAL) VALUES ('2500','2925','finalApproval','false')
/
INSERT INTO KREW_RTE_NODE_CFG_PARM_T (RTE_NODE_CFG_PARM_ID,RTE_NODE_ID,KEY_CD,VAL) VALUES ('2501','2925','ruleSelector','Template')
/
INSERT INTO KREW_RTE_NODE_LNK_T (TO_RTE_NODE_ID,FROM_RTE_NODE_ID) VALUES ('2925','2924')
/
INSERT INTO KREW_RTE_NODE_T (RTE_NODE_ID,DOC_TYP_ID,NM,TYP,RTE_MTHD_NM,FNL_APRVR_IND,MNDTRY_RTE_IND,GRP_ID,RTE_MTHD_CD,ACTVN_TYP,BRCH_PROTO_ID,NEXT_DOC_STAT,VER_NBR) VALUES ('2926','3010','AffirmativeActionOfficerAdHoc','org.kuali.rice.kew.engine.node.RequestsNode','DFAC.AffirmativeActionOfficer.AdHoc',0,0,'10026','FR','P',null,null,1)
/
INSERT INTO KREW_RTE_NODE_CFG_PARM_T (RTE_NODE_CFG_PARM_ID,RTE_NODE_ID,KEY_CD,VAL) VALUES ('2502','2926','contentFragment','<requests name="AffirmativeActionOfficerAdHoc">\r\n<activationType>P</activationType>\r\n<ruleTemplate>DFAC.AffirmativeActionOfficer.AdHoc</ruleTemplate>\r\n<mandatoryRoute>false</mandatoryRoute>\r\n<finalApproval>false</finalApproval>\r\n</requests>\r\n')
/
INSERT INTO KREW_RTE_NODE_CFG_PARM_T (RTE_NODE_CFG_PARM_ID,RTE_NODE_ID,KEY_CD,VAL) VALUES ('2503','2926','activationType','P')
/
INSERT INTO KREW_RTE_NODE_CFG_PARM_T (RTE_NODE_CFG_PARM_ID,RTE_NODE_ID,KEY_CD,VAL) VALUES ('2504','2926','ruleTemplate','DFAC.AffirmativeActionOfficer.AdHoc')
/
INSERT INTO KREW_RTE_NODE_CFG_PARM_T (RTE_NODE_CFG_PARM_ID,RTE_NODE_ID,KEY_CD,VAL) VALUES ('2505','2926','mandatoryRoute','false')
/
INSERT INTO KREW_RTE_NODE_CFG_PARM_T (RTE_NODE_CFG_PARM_ID,RTE_NODE_ID,KEY_CD,VAL) VALUES ('2506','2926','finalApproval','false')
/
INSERT INTO KREW_RTE_NODE_CFG_PARM_T (RTE_NODE_CFG_PARM_ID,RTE_NODE_ID,KEY_CD,VAL) VALUES ('2507','2926','ruleSelector','Template')
/
INSERT INTO KREW_RTE_NODE_LNK_T (TO_RTE_NODE_ID,FROM_RTE_NODE_ID) VALUES ('2926','2925')
/
INSERT INTO KREW_RTE_NODE_T (RTE_NODE_ID,DOC_TYP_ID,NM,TYP,RTE_MTHD_NM,FNL_APRVR_IND,MNDTRY_RTE_IND,GRP_ID,RTE_MTHD_CD,ACTVN_TYP,BRCH_PROTO_ID,NEXT_DOC_STAT,VER_NBR) VALUES ('2927','3010','ViceChancellorforAcademicAffairsandDeanOfFaculties','org.kuali.rice.kew.engine.node.RequestsNode','ViceChancellorforAcademicAffairsandDeanOfFaculties',0,0,'10026','FR','S',null,null,1)
/
INSERT INTO KREW_RTE_NODE_CFG_PARM_T (RTE_NODE_CFG_PARM_ID,RTE_NODE_ID,KEY_CD,VAL) VALUES ('2508','2927','contentFragment','<requests name="ViceChancellorforAcademicAffairsandDeanOfFaculties">\r\n<activationType>S</activationType>\r\n<ruleTemplate>ViceChancellorforAcademicAffairsandDeanOfFaculties</ruleTemplate>\r\n<mandatoryRoute>false</mandatoryRoute>\r\n<finalApproval>false</finalApproval>\r\n</requests>\r\n')
/
INSERT INTO KREW_RTE_NODE_CFG_PARM_T (RTE_NODE_CFG_PARM_ID,RTE_NODE_ID,KEY_CD,VAL) VALUES ('2509','2927','activationType','S')
/
INSERT INTO KREW_RTE_NODE_CFG_PARM_T (RTE_NODE_CFG_PARM_ID,RTE_NODE_ID,KEY_CD,VAL) VALUES ('2510','2927','ruleTemplate','ViceChancellorforAcademicAffairsandDeanOfFaculties')
/
INSERT INTO KREW_RTE_NODE_CFG_PARM_T (RTE_NODE_CFG_PARM_ID,RTE_NODE_ID,KEY_CD,VAL) VALUES ('2511','2927','mandatoryRoute','false')
/
INSERT INTO KREW_RTE_NODE_CFG_PARM_T (RTE_NODE_CFG_PARM_ID,RTE_NODE_ID,KEY_CD,VAL) VALUES ('2512','2927','finalApproval','false')
/
INSERT INTO KREW_RTE_NODE_CFG_PARM_T (RTE_NODE_CFG_PARM_ID,RTE_NODE_ID,KEY_CD,VAL) VALUES ('2513','2927','ruleSelector','Template')
/
INSERT INTO KREW_RTE_NODE_LNK_T (TO_RTE_NODE_ID,FROM_RTE_NODE_ID) VALUES ('2927','2926')
/
INSERT INTO KREW_RTE_NODE_T (RTE_NODE_ID,DOC_TYP_ID,NM,TYP,RTE_MTHD_NM,FNL_APRVR_IND,MNDTRY_RTE_IND,GRP_ID,RTE_MTHD_CD,ACTVN_TYP,BRCH_PROTO_ID,NEXT_DOC_STAT,VER_NBR) VALUES ('2928','3010','ViceChancellorforAcademicAffairsandDeanOfFacultiesAdHoc','org.kuali.rice.kew.engine.node.RequestsNode','DFAC.ViceChancellorforAcademicAffairsandDeanOfFaculties.AdHoc',0,0,'10026','FR','P',null,null,1)
/
INSERT INTO KREW_RTE_NODE_CFG_PARM_T (RTE_NODE_CFG_PARM_ID,RTE_NODE_ID,KEY_CD,VAL) VALUES ('2514','2928','contentFragment','<requests name="ViceChancellorforAcademicAffairsandDeanOfFacultiesAdHoc">\r\n<activationType>P</activationType>\r\n<ruleTemplate>DFAC.ViceChancellorforAcademicAffairsandDeanOfFaculties.AdHoc</ruleTemplate>\r\n<mandatoryRoute>false</mandatoryRoute>\r\n<finalApproval>false</finalApproval>\r\n</requests>\r\n')
/
INSERT INTO KREW_RTE_NODE_CFG_PARM_T (RTE_NODE_CFG_PARM_ID,RTE_NODE_ID,KEY_CD,VAL) VALUES ('2515','2928','activationType','P')
/
INSERT INTO KREW_RTE_NODE_CFG_PARM_T (RTE_NODE_CFG_PARM_ID,RTE_NODE_ID,KEY_CD,VAL) VALUES ('2516','2928','ruleTemplate','DFAC.ViceChancellorforAcademicAffairsandDeanOfFaculties.AdHoc')
/
INSERT INTO KREW_RTE_NODE_CFG_PARM_T (RTE_NODE_CFG_PARM_ID,RTE_NODE_ID,KEY_CD,VAL) VALUES ('2517','2928','mandatoryRoute','false')
/
INSERT INTO KREW_RTE_NODE_CFG_PARM_T (RTE_NODE_CFG_PARM_ID,RTE_NODE_ID,KEY_CD,VAL) VALUES ('2518','2928','finalApproval','false')
/
INSERT INTO KREW_RTE_NODE_CFG_PARM_T (RTE_NODE_CFG_PARM_ID,RTE_NODE_ID,KEY_CD,VAL) VALUES ('2519','2928','ruleSelector','Template')
/
INSERT INTO KREW_RTE_NODE_LNK_T (TO_RTE_NODE_ID,FROM_RTE_NODE_ID) VALUES ('2928','2927')
/
INSERT INTO KREW_RTE_NODE_T (RTE_NODE_ID,DOC_TYP_ID,NM,TYP,RTE_MTHD_NM,FNL_APRVR_IND,MNDTRY_RTE_IND,GRP_ID,RTE_MTHD_CD,ACTVN_TYP,BRCH_PROTO_ID,NEXT_DOC_STAT,VER_NBR) VALUES ('2929','3010','SchoolAcknowledgement','org.kuali.rice.kew.engine.node.RequestsNode','OfficeOfAffirmativeAction-SchoolAcknowledgementRouting',0,0,'10026','FR','S',null,null,1)
/
INSERT INTO KREW_RTE_NODE_CFG_PARM_T (RTE_NODE_CFG_PARM_ID,RTE_NODE_ID,KEY_CD,VAL) VALUES ('2520','2929','contentFragment','<requests name="SchoolAcknowledgement">\r\n<activationType>S</activationType>\r\n<ruleTemplate>OfficeOfAffirmativeAction-SchoolAcknowledgementRouting</ruleTemplate>\r\n<mandatoryRoute>false</mandatoryRoute>\r\n<finalApproval>false</finalApproval>\r\n</requests>\r\n')
/
INSERT INTO KREW_RTE_NODE_CFG_PARM_T (RTE_NODE_CFG_PARM_ID,RTE_NODE_ID,KEY_CD,VAL) VALUES ('2521','2929','activationType','S')
/
INSERT INTO KREW_RTE_NODE_CFG_PARM_T (RTE_NODE_CFG_PARM_ID,RTE_NODE_ID,KEY_CD,VAL) VALUES ('2522','2929','ruleTemplate','OfficeOfAffirmativeAction-SchoolAcknowledgementRouting')
/
INSERT INTO KREW_RTE_NODE_CFG_PARM_T (RTE_NODE_CFG_PARM_ID,RTE_NODE_ID,KEY_CD,VAL) VALUES ('2523','2929','mandatoryRoute','false')
/
INSERT INTO KREW_RTE_NODE_CFG_PARM_T (RTE_NODE_CFG_PARM_ID,RTE_NODE_ID,KEY_CD,VAL) VALUES ('2524','2929','finalApproval','false')
/
INSERT INTO KREW_RTE_NODE_CFG_PARM_T (RTE_NODE_CFG_PARM_ID,RTE_NODE_ID,KEY_CD,VAL) VALUES ('2525','2929','ruleSelector','Template')
/
INSERT INTO KREW_RTE_NODE_LNK_T (TO_RTE_NODE_ID,FROM_RTE_NODE_ID) VALUES ('2929','2928')
/
INSERT INTO KREW_RTE_NODE_T (RTE_NODE_ID,DOC_TYP_ID,NM,TYP,RTE_MTHD_NM,FNL_APRVR_IND,MNDTRY_RTE_IND,GRP_ID,RTE_MTHD_CD,ACTVN_TYP,BRCH_PROTO_ID,NEXT_DOC_STAT,VER_NBR) VALUES ('2930','3010','InitiatorAcknowledgement','org.kuali.rice.kew.engine.node.RequestsNode','InitiatorRoleAcknowledgement',0,0,'10026','FR','S',null,null,1)
/
INSERT INTO KREW_RTE_NODE_CFG_PARM_T (RTE_NODE_CFG_PARM_ID,RTE_NODE_ID,KEY_CD,VAL) VALUES ('2526','2930','contentFragment','<requests name="InitiatorAcknowledgement">\r\n<activationType>S</activationType>\r\n<ruleTemplate>InitiatorRoleAcknowledgement</ruleTemplate>\r\n<mandatoryRoute>false</mandatoryRoute>\r\n<finalApproval>false</finalApproval>\r\n</requests>\r\n')
/
INSERT INTO KREW_RTE_NODE_CFG_PARM_T (RTE_NODE_CFG_PARM_ID,RTE_NODE_ID,KEY_CD,VAL) VALUES ('2527','2930','activationType','S')
/
INSERT INTO KREW_RTE_NODE_CFG_PARM_T (RTE_NODE_CFG_PARM_ID,RTE_NODE_ID,KEY_CD,VAL) VALUES ('2528','2930','ruleTemplate','InitiatorRoleAcknowledgement')
/
INSERT INTO KREW_RTE_NODE_CFG_PARM_T (RTE_NODE_CFG_PARM_ID,RTE_NODE_ID,KEY_CD,VAL) VALUES ('2529','2930','mandatoryRoute','false')
/
INSERT INTO KREW_RTE_NODE_CFG_PARM_T (RTE_NODE_CFG_PARM_ID,RTE_NODE_ID,KEY_CD,VAL) VALUES ('2530','2930','finalApproval','false')
/
INSERT INTO KREW_RTE_NODE_CFG_PARM_T (RTE_NODE_CFG_PARM_ID,RTE_NODE_ID,KEY_CD,VAL) VALUES ('2531','2930','ruleSelector','Template')
/
INSERT INTO KREW_RTE_NODE_LNK_T (TO_RTE_NODE_ID,FROM_RTE_NODE_ID) VALUES ('2930','2929')
/
INSERT INTO KREW_DOC_TYP_PROC_T (DOC_TYP_PROC_ID,DOC_TYP_ID,INIT_RTE_NODE_ID,NM,INIT_IND,VER_NBR) VALUES ('2931','3010','2923','PRIMARY',1,1)
/
INSERT INTO KREW_DOC_TYP_T (DOC_TYP_ID,PARNT_ID,DOC_TYP_NM,DOC_TYP_VER_NBR,ACTV_IND,CUR_IND,DOC_TYP_DESC,LBL,PREV_DOC_TYP_VER_NBR,DOC_HDR_ID,DOC_HDLR_URL,HELP_DEF_URL,DOC_SEARCH_HELP_URL,POST_PRCSR,AUTHORIZER,GRP_ID,BLNKT_APPR_GRP_ID,BLNKT_APPR_PLCY,RPT_GRP_ID,RTE_VER_NBR,NOTIFY_ADDR,SEC_XML,EMAIL_XSL,APPL_ID,OBJ_ID,VER_NBR) VALUES ('3011','3010','DFAC_OAA.WorkgroupTypeDoctype',0,1,1,'DFAC_OAA Workgroup Type Document Type','DFAC_OAA Workgroup Type Document Type',null,null,'${workflow.url}/Workgroup.do?methodToCall=docHandler','','','org.kuali.rice.kew.workgroup.WorkgroupPostProcessor',null,'10000',null,null,null,'1',null,null,null,null,'ffd2da38-bc9c-4af7-a3f7-7422c989377a',1)
/
INSERT INTO KREW_RTE_NODE_T (RTE_NODE_ID,DOC_TYP_ID,NM,TYP,RTE_MTHD_NM,FNL_APRVR_IND,MNDTRY_RTE_IND,GRP_ID,RTE_MTHD_CD,ACTVN_TYP,BRCH_PROTO_ID,NEXT_DOC_STAT,VER_NBR) VALUES ('2932','3011','Adhoc Routing','org.kuali.rice.kew.engine.node.InitialNode',null,0,0,'10000',null,'P',null,null,1)
/
INSERT INTO KREW_RTE_NODE_CFG_PARM_T (RTE_NODE_CFG_PARM_ID,RTE_NODE_ID,KEY_CD,VAL) VALUES ('2532','2932','contentFragment','<start name="Adhoc Routing">\r\n<activationType>P</activationType>\r\n<mandatoryRoute>false</mandatoryRoute>\r\n<finalApproval>false</finalApproval>\r\n</start>\r\n')
/
INSERT INTO KREW_RTE_NODE_CFG_PARM_T (RTE_NODE_CFG_PARM_ID,RTE_NODE_ID,KEY_CD,VAL) VALUES ('2533','2932','activationType','P')
/
INSERT INTO KREW_RTE_NODE_CFG_PARM_T (RTE_NODE_CFG_PARM_ID,RTE_NODE_ID,KEY_CD,VAL) VALUES ('2534','2932','mandatoryRoute','false')
/
INSERT INTO KREW_RTE_NODE_CFG_PARM_T (RTE_NODE_CFG_PARM_ID,RTE_NODE_ID,KEY_CD,VAL) VALUES ('2535','2932','finalApproval','false')
/
INSERT INTO KREW_RTE_NODE_CFG_PARM_T (RTE_NODE_CFG_PARM_ID,RTE_NODE_ID,KEY_CD,VAL) VALUES ('2536','2932','ruleSelector','Template')
/
INSERT INTO KREW_RTE_NODE_T (RTE_NODE_ID,DOC_TYP_ID,NM,TYP,RTE_MTHD_NM,FNL_APRVR_IND,MNDTRY_RTE_IND,GRP_ID,RTE_MTHD_CD,ACTVN_TYP,BRCH_PROTO_ID,NEXT_DOC_STAT,VER_NBR) VALUES ('2933','3011','DFAC_OAA Workgroup Approval','org.kuali.rice.kew.engine.node.RequestsNode','WorkflowDocumentTemplate',0,1,'10000','FR','P',null,null,1)
/
INSERT INTO KREW_RTE_NODE_CFG_PARM_T (RTE_NODE_CFG_PARM_ID,RTE_NODE_ID,KEY_CD,VAL) VALUES ('2537','2933','contentFragment','<requests name="DFAC_OAA Workgroup Approval">\r\n<activationType>P</activationType>\r\n<ruleTemplate>WorkflowDocumentTemplate</ruleTemplate>\r\n<mandatoryRoute>true</mandatoryRoute>\r\n<finalApproval>false</finalApproval>\r\n</requests>\r\n')
/
INSERT INTO KREW_RTE_NODE_CFG_PARM_T (RTE_NODE_CFG_PARM_ID,RTE_NODE_ID,KEY_CD,VAL) VALUES ('2538','2933','activationType','P')
/
INSERT INTO KREW_RTE_NODE_CFG_PARM_T (RTE_NODE_CFG_PARM_ID,RTE_NODE_ID,KEY_CD,VAL) VALUES ('2539','2933','ruleTemplate','WorkflowDocumentTemplate')
/
INSERT INTO KREW_RTE_NODE_CFG_PARM_T (RTE_NODE_CFG_PARM_ID,RTE_NODE_ID,KEY_CD,VAL) VALUES ('2540','2933','mandatoryRoute','true')
/
INSERT INTO KREW_RTE_NODE_CFG_PARM_T (RTE_NODE_CFG_PARM_ID,RTE_NODE_ID,KEY_CD,VAL) VALUES ('2541','2933','finalApproval','false')
/
INSERT INTO KREW_RTE_NODE_CFG_PARM_T (RTE_NODE_CFG_PARM_ID,RTE_NODE_ID,KEY_CD,VAL) VALUES ('2542','2933','ruleSelector','Template')
/
INSERT INTO KREW_RTE_NODE_LNK_T (TO_RTE_NODE_ID,FROM_RTE_NODE_ID) VALUES ('2933','2932')
/
INSERT INTO KREW_DOC_TYP_PROC_T (DOC_TYP_PROC_ID,DOC_TYP_ID,INIT_RTE_NODE_ID,NM,INIT_IND,VER_NBR) VALUES ('2934','3011','2932','PRIMARY',1,1)
/
UPDATE KREW_DOC_TYP_T SET PARNT_ID=null,DOC_TYP_NM='OfficeOfAffirmativeAction',DOC_TYP_VER_NBR=0,ACTV_IND=1,CUR_IND=1,DOC_TYP_DESC='Office Of Affirmative Action Documents',LBL='Offic Of Affirmative Action Documents',PREV_DOC_TYP_VER_NBR=null,DOC_HDR_ID=null,DOC_HDLR_URL='${workflow.url}/EDocLite',HELP_DEF_URL='',DOC_SEARCH_HELP_URL='',POST_PRCSR='org.kuali.rice.edl.framework.workflow.EDocLitePostProcessor',AUTHORIZER=null,GRP_ID='10026',BLNKT_APPR_GRP_ID='10026',BLNKT_APPR_PLCY=null,RPT_GRP_ID=null,RTE_VER_NBR='2',NOTIFY_ADDR='workflow@indiana.edu',SEC_XML=null,EMAIL_XSL=null,APPL_ID=null,OBJ_ID='cd1f5657-114b-422a-83f1-e36603046d59',VER_NBR=2 WHERE DOC_TYP_ID = '3010'  AND VER_NBR = 1
/
UPDATE KREW_DOC_TYP_PLCY_RELN_T SET PLCY_NM=0,PLCY_VAL=null,OBJ_ID='d396d942-5a34-4ffa-bce0-916c3e8d8d5b',VER_NBR=2 WHERE DOC_TYP_ID = '3010'  AND DOC_PLCY_NM = 'DEFAULT_APPROVE'  AND VER_NBR = 1
/
UPDATE KREW_DOC_TYP_ATTR_T SET DOC_TYP_ID='3010',RULE_ATTR_ID='1652',ORD_INDX=1 WHERE DOC_TYP_ATTRIB_ID = '2010'
/
UPDATE KREW_DOC_TYP_ATTR_T SET DOC_TYP_ID='3010',RULE_ATTR_ID='1654',ORD_INDX=2 WHERE DOC_TYP_ATTRIB_ID = '2011'
/
UPDATE KREW_DOC_TYP_ATTR_T SET DOC_TYP_ID='3010',RULE_ATTR_ID='1647',ORD_INDX=3 WHERE DOC_TYP_ATTRIB_ID = '2012'
/
UPDATE KREW_DOC_TYP_ATTR_T SET DOC_TYP_ID='3010',RULE_ATTR_ID='1649',ORD_INDX=4 WHERE DOC_TYP_ATTRIB_ID = '2013'
/
UPDATE KREW_RTE_NODE_T SET DOC_TYP_ID='3010',NM='Initiated',TYP='org.kuali.rice.kew.engine.node.InitialNode',RTE_MTHD_NM=null,FNL_APRVR_IND=0,MNDTRY_RTE_IND=0,GRP_ID='10026',RTE_MTHD_CD=null,ACTVN_TYP='P',BRCH_PROTO_ID=null,NEXT_DOC_STAT=null,VER_NBR=2 WHERE RTE_NODE_ID = '2923'  AND VER_NBR = 1
/
UPDATE KREW_RTE_NODE_CFG_PARM_T SET RTE_NODE_ID='2923',KEY_CD='contentFragment',VAL='<start name="Initiated">\r\n<activationType>P</activationType>\r\n<mandatoryRoute>false</mandatoryRoute>\r\n<finalApproval>false</finalApproval>\r\n</start>\r\n' WHERE RTE_NODE_CFG_PARM_ID = '2485'
/
UPDATE KREW_RTE_NODE_CFG_PARM_T SET RTE_NODE_ID='2923',KEY_CD='activationType',VAL='P' WHERE RTE_NODE_CFG_PARM_ID = '2486'
/
UPDATE KREW_RTE_NODE_CFG_PARM_T SET RTE_NODE_ID='2923',KEY_CD='mandatoryRoute',VAL='false' WHERE RTE_NODE_CFG_PARM_ID = '2487'
/
UPDATE KREW_RTE_NODE_CFG_PARM_T SET RTE_NODE_ID='2923',KEY_CD='finalApproval',VAL='false' WHERE RTE_NODE_CFG_PARM_ID = '2488'
/
UPDATE KREW_RTE_NODE_CFG_PARM_T SET RTE_NODE_ID='2923',KEY_CD='ruleSelector',VAL='Template' WHERE RTE_NODE_CFG_PARM_ID = '2489'
/
UPDATE KREW_DOC_TYP_PROC_T SET DOC_TYP_ID='3010',INIT_RTE_NODE_ID='2923',NM='PRIMARY',INIT_IND=1,VER_NBR=2 WHERE DOC_TYP_PROC_ID = '2931'  AND VER_NBR = 1
/
INSERT INTO KREW_DOC_TYP_T (DOC_TYP_ID,PARNT_ID,DOC_TYP_NM,DOC_TYP_VER_NBR,ACTV_IND,CUR_IND,DOC_TYP_DESC,LBL,PREV_DOC_TYP_VER_NBR,DOC_HDR_ID,DOC_HDLR_URL,HELP_DEF_URL,DOC_SEARCH_HELP_URL,POST_PRCSR,AUTHORIZER,GRP_ID,BLNKT_APPR_GRP_ID,BLNKT_APPR_PLCY,RPT_GRP_ID,RTE_VER_NBR,NOTIFY_ADDR,SEC_XML,EMAIL_XSL,APPL_ID,OBJ_ID,VER_NBR) VALUES ('3012','3010','OfferRequest',0,1,1,'Offer Request','Offer Request',null,null,'${workflow.url}/EDocLite','','','org.kuali.rice.edl.framework.workflow.EDocLitePostProcessor',null,'10026','10026',null,'10025','2',null,null,null,null,'2cdff7d3-69c9-482b-ac09-0416622996ad',1)
/
INSERT INTO KREW_DOC_TYP_ATTR_T (DOC_TYP_ATTRIB_ID,DOC_TYP_ID,RULE_ATTR_ID,ORD_INDX) VALUES ('2014','3012','1654',1)
/
INSERT INTO KREW_DOC_TYP_ATTR_T (DOC_TYP_ATTRIB_ID,DOC_TYP_ID,RULE_ATTR_ID,ORD_INDX) VALUES ('2015','3012','1652',2)
/
INSERT INTO KREW_DOC_TYP_ATTR_T (DOC_TYP_ATTRIB_ID,DOC_TYP_ID,RULE_ATTR_ID,ORD_INDX) VALUES ('2016','3012','1647',3)
/
INSERT INTO KREW_DOC_TYP_ATTR_T (DOC_TYP_ATTRIB_ID,DOC_TYP_ID,RULE_ATTR_ID,ORD_INDX) VALUES ('2017','3012','1649',4)
/
UPDATE KREW_DOC_TYP_T SET PARNT_ID=null,DOC_TYP_NM='OfficeOfAffirmativeAction',DOC_TYP_VER_NBR=0,ACTV_IND=1,CUR_IND=1,DOC_TYP_DESC='Office Of Affirmative Action Documents',LBL='Offic Of Affirmative Action Documents',PREV_DOC_TYP_VER_NBR=null,DOC_HDR_ID=null,DOC_HDLR_URL='${workflow.url}/EDocLite',HELP_DEF_URL='',DOC_SEARCH_HELP_URL='',POST_PRCSR='org.kuali.rice.edl.framework.workflow.EDocLitePostProcessor',AUTHORIZER=null,GRP_ID='10026',BLNKT_APPR_GRP_ID='10026',BLNKT_APPR_PLCY=null,RPT_GRP_ID=null,RTE_VER_NBR='2',NOTIFY_ADDR='workflow@indiana.edu',SEC_XML=null,EMAIL_XSL=null,APPL_ID=null,OBJ_ID='cd1f5657-114b-422a-83f1-e36603046d59',VER_NBR=3 WHERE DOC_TYP_ID = '3010'  AND VER_NBR = 2
/
UPDATE KREW_DOC_TYP_PLCY_RELN_T SET PLCY_NM=0,PLCY_VAL=null,OBJ_ID='d396d942-5a34-4ffa-bce0-916c3e8d8d5b',VER_NBR=3 WHERE DOC_TYP_ID = '3010'  AND DOC_PLCY_NM = 'DEFAULT_APPROVE'  AND VER_NBR = 2
/
UPDATE KREW_DOC_TYP_ATTR_T SET DOC_TYP_ID='3010',RULE_ATTR_ID='1652',ORD_INDX=1 WHERE DOC_TYP_ATTRIB_ID = '2010'
/
UPDATE KREW_DOC_TYP_ATTR_T SET DOC_TYP_ID='3010',RULE_ATTR_ID='1654',ORD_INDX=2 WHERE DOC_TYP_ATTRIB_ID = '2011'
/
UPDATE KREW_DOC_TYP_ATTR_T SET DOC_TYP_ID='3010',RULE_ATTR_ID='1647',ORD_INDX=3 WHERE DOC_TYP_ATTRIB_ID = '2012'
/
UPDATE KREW_DOC_TYP_ATTR_T SET DOC_TYP_ID='3010',RULE_ATTR_ID='1649',ORD_INDX=4 WHERE DOC_TYP_ATTRIB_ID = '2013'
/
UPDATE KREW_RTE_NODE_T SET DOC_TYP_ID='3010',NM='Initiated',TYP='org.kuali.rice.kew.engine.node.InitialNode',RTE_MTHD_NM=null,FNL_APRVR_IND=0,MNDTRY_RTE_IND=0,GRP_ID='10026',RTE_MTHD_CD=null,ACTVN_TYP='P',BRCH_PROTO_ID=null,NEXT_DOC_STAT=null,VER_NBR=3 WHERE RTE_NODE_ID = '2923'  AND VER_NBR = 2
/
UPDATE KREW_RTE_NODE_CFG_PARM_T SET RTE_NODE_ID='2923',KEY_CD='contentFragment',VAL='<start name="Initiated">\r\n<activationType>P</activationType>\r\n<mandatoryRoute>false</mandatoryRoute>\r\n<finalApproval>false</finalApproval>\r\n</start>\r\n' WHERE RTE_NODE_CFG_PARM_ID = '2485'
/
UPDATE KREW_RTE_NODE_CFG_PARM_T SET RTE_NODE_ID='2923',KEY_CD='activationType',VAL='P' WHERE RTE_NODE_CFG_PARM_ID = '2486'
/
UPDATE KREW_RTE_NODE_CFG_PARM_T SET RTE_NODE_ID='2923',KEY_CD='mandatoryRoute',VAL='false' WHERE RTE_NODE_CFG_PARM_ID = '2487'
/
UPDATE KREW_RTE_NODE_CFG_PARM_T SET RTE_NODE_ID='2923',KEY_CD='finalApproval',VAL='false' WHERE RTE_NODE_CFG_PARM_ID = '2488'
/
UPDATE KREW_RTE_NODE_CFG_PARM_T SET RTE_NODE_ID='2923',KEY_CD='ruleSelector',VAL='Template' WHERE RTE_NODE_CFG_PARM_ID = '2489'
/
UPDATE KREW_RTE_NODE_T SET DOC_TYP_ID='3010',NM='School',TYP='org.kuali.rice.kew.engine.node.RequestsNode',RTE_MTHD_NM='OfficeOfAffirmativeAction-SchoolRouting',FNL_APRVR_IND=0,MNDTRY_RTE_IND=0,GRP_ID='10026',RTE_MTHD_CD='FR',ACTVN_TYP='S',BRCH_PROTO_ID=null,NEXT_DOC_STAT=null,VER_NBR=2 WHERE RTE_NODE_ID = '2924'  AND VER_NBR = 1
/
UPDATE KREW_RTE_NODE_CFG_PARM_T SET RTE_NODE_ID='2924',KEY_CD='contentFragment',VAL='<requests name="School">\r\n<activationType>S</activationType>\r\n<ruleTemplate>OfficeOfAffirmativeAction-SchoolRouting</ruleTemplate>\r\n<mandatoryRoute>false</mandatoryRoute>\r\n<finalApproval>false</finalApproval>\r\n</requests>\r\n' WHERE RTE_NODE_CFG_PARM_ID = '2490'
/
UPDATE KREW_RTE_NODE_CFG_PARM_T SET RTE_NODE_ID='2924',KEY_CD='activationType',VAL='S' WHERE RTE_NODE_CFG_PARM_ID = '2491'
/
UPDATE KREW_RTE_NODE_CFG_PARM_T SET RTE_NODE_ID='2924',KEY_CD='ruleTemplate',VAL='OfficeOfAffirmativeAction-SchoolRouting' WHERE RTE_NODE_CFG_PARM_ID = '2492'
/
UPDATE KREW_RTE_NODE_CFG_PARM_T SET RTE_NODE_ID='2924',KEY_CD='mandatoryRoute',VAL='false' WHERE RTE_NODE_CFG_PARM_ID = '2493'
/
UPDATE KREW_RTE_NODE_CFG_PARM_T SET RTE_NODE_ID='2924',KEY_CD='finalApproval',VAL='false' WHERE RTE_NODE_CFG_PARM_ID = '2494'
/
UPDATE KREW_RTE_NODE_CFG_PARM_T SET RTE_NODE_ID='2924',KEY_CD='ruleSelector',VAL='Template' WHERE RTE_NODE_CFG_PARM_ID = '2495'
/
UPDATE KREW_DOC_TYP_PROC_T SET DOC_TYP_ID='3010',INIT_RTE_NODE_ID='2923',NM='PRIMARY',INIT_IND=1,VER_NBR=3 WHERE DOC_TYP_PROC_ID = '2931'  AND VER_NBR = 2
/
INSERT INTO KREW_DOC_TYP_T (DOC_TYP_ID,PARNT_ID,DOC_TYP_NM,DOC_TYP_VER_NBR,ACTV_IND,CUR_IND,DOC_TYP_DESC,LBL,PREV_DOC_TYP_VER_NBR,DOC_HDR_ID,DOC_HDLR_URL,HELP_DEF_URL,DOC_SEARCH_HELP_URL,POST_PRCSR,AUTHORIZER,GRP_ID,BLNKT_APPR_GRP_ID,BLNKT_APPR_PLCY,RPT_GRP_ID,RTE_VER_NBR,NOTIFY_ADDR,SEC_XML,EMAIL_XSL,APPL_ID,OBJ_ID,VER_NBR) VALUES ('3013','3010','SearchStatus',0,1,1,'Search Status','Search Status',null,null,'${workflow.url}/EDocLite','','','org.kuali.rice.edl.framework.workflow.EDocLitePostProcessor',null,'10026','10026',null,'10025','2',null,null,null,null,'305465ef-3529-4682-808a-0a4cb84be2d6',1)
/
INSERT INTO KREW_DOC_TYP_ATTR_T (DOC_TYP_ATTRIB_ID,DOC_TYP_ID,RULE_ATTR_ID,ORD_INDX) VALUES ('2018','3013','1654',1)
/
INSERT INTO KREW_DOC_TYP_ATTR_T (DOC_TYP_ATTRIB_ID,DOC_TYP_ID,RULE_ATTR_ID,ORD_INDX) VALUES ('2019','3013','1647',2)
/
INSERT INTO KREW_DOC_TYP_ATTR_T (DOC_TYP_ATTRIB_ID,DOC_TYP_ID,RULE_ATTR_ID,ORD_INDX) VALUES ('2020','3013','1649',3)
/
INSERT INTO KREW_DOC_TYP_ATTR_T (DOC_TYP_ATTRIB_ID,DOC_TYP_ID,RULE_ATTR_ID,ORD_INDX) VALUES ('2021','3013','1645',4)
/
INSERT INTO KREW_DOC_TYP_ATTR_T (DOC_TYP_ATTRIB_ID,DOC_TYP_ID,RULE_ATTR_ID,ORD_INDX) VALUES ('2022','3013','1657',5)
/
INSERT INTO KREW_DOC_TYP_ATTR_T (DOC_TYP_ATTRIB_ID,DOC_TYP_ID,RULE_ATTR_ID,ORD_INDX) VALUES ('2023','3013','1658',6)
/
INSERT INTO KREW_DOC_TYP_ATTR_T (DOC_TYP_ATTRIB_ID,DOC_TYP_ID,RULE_ATTR_ID,ORD_INDX) VALUES ('2024','3013','1652',7)
/
UPDATE KREW_DOC_TYP_T SET PARNT_ID=null,DOC_TYP_NM='OfficeOfAffirmativeAction',DOC_TYP_VER_NBR=0,ACTV_IND=1,CUR_IND=1,DOC_TYP_DESC='Office Of Affirmative Action Documents',LBL='Offic Of Affirmative Action Documents',PREV_DOC_TYP_VER_NBR=null,DOC_HDR_ID=null,DOC_HDLR_URL='${workflow.url}/EDocLite',HELP_DEF_URL='',DOC_SEARCH_HELP_URL='',POST_PRCSR='org.kuali.rice.edl.framework.workflow.EDocLitePostProcessor',AUTHORIZER=null,GRP_ID='10026',BLNKT_APPR_GRP_ID='10026',BLNKT_APPR_PLCY=null,RPT_GRP_ID=null,RTE_VER_NBR='2',NOTIFY_ADDR='workflow@indiana.edu',SEC_XML=null,EMAIL_XSL=null,APPL_ID=null,OBJ_ID='cd1f5657-114b-422a-83f1-e36603046d59',VER_NBR=4 WHERE DOC_TYP_ID = '3010'  AND VER_NBR = 3
/
UPDATE KREW_DOC_TYP_PLCY_RELN_T SET PLCY_NM=0,PLCY_VAL=null,OBJ_ID='d396d942-5a34-4ffa-bce0-916c3e8d8d5b',VER_NBR=4 WHERE DOC_TYP_ID = '3010'  AND DOC_PLCY_NM = 'DEFAULT_APPROVE'  AND VER_NBR = 3
/
UPDATE KREW_DOC_TYP_ATTR_T SET DOC_TYP_ID='3010',RULE_ATTR_ID='1652',ORD_INDX=1 WHERE DOC_TYP_ATTRIB_ID = '2010'
/
UPDATE KREW_DOC_TYP_ATTR_T SET DOC_TYP_ID='3010',RULE_ATTR_ID='1654',ORD_INDX=2 WHERE DOC_TYP_ATTRIB_ID = '2011'
/
UPDATE KREW_DOC_TYP_ATTR_T SET DOC_TYP_ID='3010',RULE_ATTR_ID='1647',ORD_INDX=3 WHERE DOC_TYP_ATTRIB_ID = '2012'
/
UPDATE KREW_DOC_TYP_ATTR_T SET DOC_TYP_ID='3010',RULE_ATTR_ID='1649',ORD_INDX=4 WHERE DOC_TYP_ATTRIB_ID = '2013'
/
UPDATE KREW_RTE_NODE_T SET DOC_TYP_ID='3010',NM='Initiated',TYP='org.kuali.rice.kew.engine.node.InitialNode',RTE_MTHD_NM=null,FNL_APRVR_IND=0,MNDTRY_RTE_IND=0,GRP_ID='10026',RTE_MTHD_CD=null,ACTVN_TYP='P',BRCH_PROTO_ID=null,NEXT_DOC_STAT=null,VER_NBR=4 WHERE RTE_NODE_ID = '2923'  AND VER_NBR = 3
/
UPDATE KREW_RTE_NODE_CFG_PARM_T SET RTE_NODE_ID='2923',KEY_CD='contentFragment',VAL='<start name="Initiated">\r\n<activationType>P</activationType>\r\n<mandatoryRoute>false</mandatoryRoute>\r\n<finalApproval>false</finalApproval>\r\n</start>\r\n' WHERE RTE_NODE_CFG_PARM_ID = '2485'
/
UPDATE KREW_RTE_NODE_CFG_PARM_T SET RTE_NODE_ID='2923',KEY_CD='activationType',VAL='P' WHERE RTE_NODE_CFG_PARM_ID = '2486'
/
UPDATE KREW_RTE_NODE_CFG_PARM_T SET RTE_NODE_ID='2923',KEY_CD='mandatoryRoute',VAL='false' WHERE RTE_NODE_CFG_PARM_ID = '2487'
/
UPDATE KREW_RTE_NODE_CFG_PARM_T SET RTE_NODE_ID='2923',KEY_CD='finalApproval',VAL='false' WHERE RTE_NODE_CFG_PARM_ID = '2488'
/
UPDATE KREW_RTE_NODE_CFG_PARM_T SET RTE_NODE_ID='2923',KEY_CD='ruleSelector',VAL='Template' WHERE RTE_NODE_CFG_PARM_ID = '2489'
/
UPDATE KREW_RTE_NODE_T SET DOC_TYP_ID='3010',NM='School',TYP='org.kuali.rice.kew.engine.node.RequestsNode',RTE_MTHD_NM='OfficeOfAffirmativeAction-SchoolRouting',FNL_APRVR_IND=0,MNDTRY_RTE_IND=0,GRP_ID='10026',RTE_MTHD_CD='FR',ACTVN_TYP='S',BRCH_PROTO_ID=null,NEXT_DOC_STAT=null,VER_NBR=3 WHERE RTE_NODE_ID = '2924'  AND VER_NBR = 2
/
UPDATE KREW_RTE_NODE_CFG_PARM_T SET RTE_NODE_ID='2924',KEY_CD='contentFragment',VAL='<requests name="School">\r\n<activationType>S</activationType>\r\n<ruleTemplate>OfficeOfAffirmativeAction-SchoolRouting</ruleTemplate>\r\n<mandatoryRoute>false</mandatoryRoute>\r\n<finalApproval>false</finalApproval>\r\n</requests>\r\n' WHERE RTE_NODE_CFG_PARM_ID = '2490'
/
UPDATE KREW_RTE_NODE_CFG_PARM_T SET RTE_NODE_ID='2924',KEY_CD='activationType',VAL='S' WHERE RTE_NODE_CFG_PARM_ID = '2491'
/
UPDATE KREW_RTE_NODE_CFG_PARM_T SET RTE_NODE_ID='2924',KEY_CD='ruleTemplate',VAL='OfficeOfAffirmativeAction-SchoolRouting' WHERE RTE_NODE_CFG_PARM_ID = '2492'
/
UPDATE KREW_RTE_NODE_CFG_PARM_T SET RTE_NODE_ID='2924',KEY_CD='mandatoryRoute',VAL='false' WHERE RTE_NODE_CFG_PARM_ID = '2493'
/
UPDATE KREW_RTE_NODE_CFG_PARM_T SET RTE_NODE_ID='2924',KEY_CD='finalApproval',VAL='false' WHERE RTE_NODE_CFG_PARM_ID = '2494'
/
UPDATE KREW_RTE_NODE_CFG_PARM_T SET RTE_NODE_ID='2924',KEY_CD='ruleSelector',VAL='Template' WHERE RTE_NODE_CFG_PARM_ID = '2495'
/
UPDATE KREW_RTE_NODE_T SET DOC_TYP_ID='3010',NM='AffirmativeActionOfficer',TYP='org.kuali.rice.kew.engine.node.RequestsNode',RTE_MTHD_NM='AffirmativeActionOfficer',FNL_APRVR_IND=0,MNDTRY_RTE_IND=0,GRP_ID='10026',RTE_MTHD_CD='FR',ACTVN_TYP='S',BRCH_PROTO_ID=null,NEXT_DOC_STAT=null,VER_NBR=2 WHERE RTE_NODE_ID = '2925'  AND VER_NBR = 1
/
UPDATE KREW_RTE_NODE_CFG_PARM_T SET RTE_NODE_ID='2925',KEY_CD='contentFragment',VAL='<requests name="AffirmativeActionOfficer">\r\n<activationType>S</activationType>\r\n<ruleTemplate>AffirmativeActionOfficer</ruleTemplate>\r\n<mandatoryRoute>false</mandatoryRoute>\r\n<finalApproval>false</finalApproval>\r\n</requests>\r\n' WHERE RTE_NODE_CFG_PARM_ID = '2496'
/
UPDATE KREW_RTE_NODE_CFG_PARM_T SET RTE_NODE_ID='2925',KEY_CD='activationType',VAL='S' WHERE RTE_NODE_CFG_PARM_ID = '2497'
/
UPDATE KREW_RTE_NODE_CFG_PARM_T SET RTE_NODE_ID='2925',KEY_CD='ruleTemplate',VAL='AffirmativeActionOfficer' WHERE RTE_NODE_CFG_PARM_ID = '2498'
/
UPDATE KREW_RTE_NODE_CFG_PARM_T SET RTE_NODE_ID='2925',KEY_CD='mandatoryRoute',VAL='false' WHERE RTE_NODE_CFG_PARM_ID = '2499'
/
UPDATE KREW_RTE_NODE_CFG_PARM_T SET RTE_NODE_ID='2925',KEY_CD='finalApproval',VAL='false' WHERE RTE_NODE_CFG_PARM_ID = '2500'
/
UPDATE KREW_RTE_NODE_CFG_PARM_T SET RTE_NODE_ID='2925',KEY_CD='ruleSelector',VAL='Template' WHERE RTE_NODE_CFG_PARM_ID = '2501'
/
UPDATE KREW_DOC_TYP_PROC_T SET DOC_TYP_ID='3010',INIT_RTE_NODE_ID='2923',NM='PRIMARY',INIT_IND=1,VER_NBR=4 WHERE DOC_TYP_PROC_ID = '2931'  AND VER_NBR = 3
/
INSERT INTO KREW_DOC_TYP_T (DOC_TYP_ID,PARNT_ID,DOC_TYP_NM,DOC_TYP_VER_NBR,ACTV_IND,CUR_IND,DOC_TYP_DESC,LBL,PREV_DOC_TYP_VER_NBR,DOC_HDR_ID,DOC_HDLR_URL,HELP_DEF_URL,DOC_SEARCH_HELP_URL,POST_PRCSR,AUTHORIZER,GRP_ID,BLNKT_APPR_GRP_ID,BLNKT_APPR_PLCY,RPT_GRP_ID,RTE_VER_NBR,NOTIFY_ADDR,SEC_XML,EMAIL_XSL,APPL_ID,OBJ_ID,VER_NBR) VALUES ('3014','3010','VacancyNotice',0,1,1,'Vacancy Notice','Vacancy Notice',null,null,'${workflow.url}/EDocLite','','','org.kuali.rice.edl.framework.workflow.EDocLitePostProcessor',null,'10026','10026',null,'10025','2',null,null,null,null,'52fb08c3-4973-4fd4-8b62-015afda245c0',1)
/
INSERT INTO KREW_DOC_TYP_ATTR_T (DOC_TYP_ATTRIB_ID,DOC_TYP_ID,RULE_ATTR_ID,ORD_INDX) VALUES ('2025','3014','1654',1)
/
INSERT INTO KREW_DOC_TYP_ATTR_T (DOC_TYP_ATTRIB_ID,DOC_TYP_ID,RULE_ATTR_ID,ORD_INDX) VALUES ('2026','3014','1647',2)
/
INSERT INTO KREW_DOC_TYP_ATTR_T (DOC_TYP_ATTRIB_ID,DOC_TYP_ID,RULE_ATTR_ID,ORD_INDX) VALUES ('2027','3014','1649',3)
/
INSERT INTO KREW_DOC_TYP_ATTR_T (DOC_TYP_ATTRIB_ID,DOC_TYP_ID,RULE_ATTR_ID,ORD_INDX) VALUES ('2028','3014','1657',4)
/
INSERT INTO KREW_DOC_TYP_ATTR_T (DOC_TYP_ATTRIB_ID,DOC_TYP_ID,RULE_ATTR_ID,ORD_INDX) VALUES ('2029','3014','1658',5)
/
INSERT INTO KREW_DOC_TYP_ATTR_T (DOC_TYP_ATTRIB_ID,DOC_TYP_ID,RULE_ATTR_ID,ORD_INDX) VALUES ('2030','3014','1652',6)
/
UPDATE KREW_DOC_TYP_T SET PARNT_ID=null,DOC_TYP_NM='OfficeOfAffirmativeAction',DOC_TYP_VER_NBR=0,ACTV_IND=1,CUR_IND=1,DOC_TYP_DESC='Office Of Affirmative Action Documents',LBL='Offic Of Affirmative Action Documents',PREV_DOC_TYP_VER_NBR=null,DOC_HDR_ID=null,DOC_HDLR_URL='${workflow.url}/EDocLite',HELP_DEF_URL='',DOC_SEARCH_HELP_URL='',POST_PRCSR='org.kuali.rice.edl.framework.workflow.EDocLitePostProcessor',AUTHORIZER=null,GRP_ID='10026',BLNKT_APPR_GRP_ID='10026',BLNKT_APPR_PLCY=null,RPT_GRP_ID=null,RTE_VER_NBR='2',NOTIFY_ADDR='workflow@indiana.edu',SEC_XML=null,EMAIL_XSL=null,APPL_ID=null,OBJ_ID='cd1f5657-114b-422a-83f1-e36603046d59',VER_NBR=5 WHERE DOC_TYP_ID = '3010'  AND VER_NBR = 4
/
UPDATE KREW_DOC_TYP_PLCY_RELN_T SET PLCY_NM=0,PLCY_VAL=null,OBJ_ID='d396d942-5a34-4ffa-bce0-916c3e8d8d5b',VER_NBR=5 WHERE DOC_TYP_ID = '3010'  AND DOC_PLCY_NM = 'DEFAULT_APPROVE'  AND VER_NBR = 4
/
UPDATE KREW_DOC_TYP_ATTR_T SET DOC_TYP_ID='3010',RULE_ATTR_ID='1652',ORD_INDX=1 WHERE DOC_TYP_ATTRIB_ID = '2010'
/
UPDATE KREW_DOC_TYP_ATTR_T SET DOC_TYP_ID='3010',RULE_ATTR_ID='1654',ORD_INDX=2 WHERE DOC_TYP_ATTRIB_ID = '2011'
/
UPDATE KREW_DOC_TYP_ATTR_T SET DOC_TYP_ID='3010',RULE_ATTR_ID='1647',ORD_INDX=3 WHERE DOC_TYP_ATTRIB_ID = '2012'
/
UPDATE KREW_DOC_TYP_ATTR_T SET DOC_TYP_ID='3010',RULE_ATTR_ID='1649',ORD_INDX=4 WHERE DOC_TYP_ATTRIB_ID = '2013'
/
UPDATE KREW_RTE_NODE_T SET DOC_TYP_ID='3010',NM='Initiated',TYP='org.kuali.rice.kew.engine.node.InitialNode',RTE_MTHD_NM=null,FNL_APRVR_IND=0,MNDTRY_RTE_IND=0,GRP_ID='10026',RTE_MTHD_CD=null,ACTVN_TYP='P',BRCH_PROTO_ID=null,NEXT_DOC_STAT=null,VER_NBR=5 WHERE RTE_NODE_ID = '2923'  AND VER_NBR = 4
/
UPDATE KREW_RTE_NODE_CFG_PARM_T SET RTE_NODE_ID='2923',KEY_CD='contentFragment',VAL='<start name="Initiated">\r\n<activationType>P</activationType>\r\n<mandatoryRoute>false</mandatoryRoute>\r\n<finalApproval>false</finalApproval>\r\n</start>\r\n' WHERE RTE_NODE_CFG_PARM_ID = '2485'
/
UPDATE KREW_RTE_NODE_CFG_PARM_T SET RTE_NODE_ID='2923',KEY_CD='activationType',VAL='P' WHERE RTE_NODE_CFG_PARM_ID = '2486'
/
UPDATE KREW_RTE_NODE_CFG_PARM_T SET RTE_NODE_ID='2923',KEY_CD='mandatoryRoute',VAL='false' WHERE RTE_NODE_CFG_PARM_ID = '2487'
/
UPDATE KREW_RTE_NODE_CFG_PARM_T SET RTE_NODE_ID='2923',KEY_CD='finalApproval',VAL='false' WHERE RTE_NODE_CFG_PARM_ID = '2488'
/
UPDATE KREW_RTE_NODE_CFG_PARM_T SET RTE_NODE_ID='2923',KEY_CD='ruleSelector',VAL='Template' WHERE RTE_NODE_CFG_PARM_ID = '2489'
/
UPDATE KREW_RTE_NODE_T SET DOC_TYP_ID='3010',NM='School',TYP='org.kuali.rice.kew.engine.node.RequestsNode',RTE_MTHD_NM='OfficeOfAffirmativeAction-SchoolRouting',FNL_APRVR_IND=0,MNDTRY_RTE_IND=0,GRP_ID='10026',RTE_MTHD_CD='FR',ACTVN_TYP='S',BRCH_PROTO_ID=null,NEXT_DOC_STAT=null,VER_NBR=4 WHERE RTE_NODE_ID = '2924'  AND VER_NBR = 3
/
UPDATE KREW_RTE_NODE_CFG_PARM_T SET RTE_NODE_ID='2924',KEY_CD='contentFragment',VAL='<requests name="School">\r\n<activationType>S</activationType>\r\n<ruleTemplate>OfficeOfAffirmativeAction-SchoolRouting</ruleTemplate>\r\n<mandatoryRoute>false</mandatoryRoute>\r\n<finalApproval>false</finalApproval>\r\n</requests>\r\n' WHERE RTE_NODE_CFG_PARM_ID = '2490'
/
UPDATE KREW_RTE_NODE_CFG_PARM_T SET RTE_NODE_ID='2924',KEY_CD='activationType',VAL='S' WHERE RTE_NODE_CFG_PARM_ID = '2491'
/
UPDATE KREW_RTE_NODE_CFG_PARM_T SET RTE_NODE_ID='2924',KEY_CD='ruleTemplate',VAL='OfficeOfAffirmativeAction-SchoolRouting' WHERE RTE_NODE_CFG_PARM_ID = '2492'
/
UPDATE KREW_RTE_NODE_CFG_PARM_T SET RTE_NODE_ID='2924',KEY_CD='mandatoryRoute',VAL='false' WHERE RTE_NODE_CFG_PARM_ID = '2493'
/
UPDATE KREW_RTE_NODE_CFG_PARM_T SET RTE_NODE_ID='2924',KEY_CD='finalApproval',VAL='false' WHERE RTE_NODE_CFG_PARM_ID = '2494'
/
UPDATE KREW_RTE_NODE_CFG_PARM_T SET RTE_NODE_ID='2924',KEY_CD='ruleSelector',VAL='Template' WHERE RTE_NODE_CFG_PARM_ID = '2495'
/
UPDATE KREW_RTE_NODE_T SET DOC_TYP_ID='3010',NM='AffirmativeActionOfficer',TYP='org.kuali.rice.kew.engine.node.RequestsNode',RTE_MTHD_NM='AffirmativeActionOfficer',FNL_APRVR_IND=0,MNDTRY_RTE_IND=0,GRP_ID='10026',RTE_MTHD_CD='FR',ACTVN_TYP='S',BRCH_PROTO_ID=null,NEXT_DOC_STAT=null,VER_NBR=3 WHERE RTE_NODE_ID = '2925'  AND VER_NBR = 2
/
UPDATE KREW_RTE_NODE_CFG_PARM_T SET RTE_NODE_ID='2925',KEY_CD='contentFragment',VAL='<requests name="AffirmativeActionOfficer">\r\n<activationType>S</activationType>\r\n<ruleTemplate>AffirmativeActionOfficer</ruleTemplate>\r\n<mandatoryRoute>false</mandatoryRoute>\r\n<finalApproval>false</finalApproval>\r\n</requests>\r\n' WHERE RTE_NODE_CFG_PARM_ID = '2496'
/
UPDATE KREW_RTE_NODE_CFG_PARM_T SET RTE_NODE_ID='2925',KEY_CD='activationType',VAL='S' WHERE RTE_NODE_CFG_PARM_ID = '2497'
/
UPDATE KREW_RTE_NODE_CFG_PARM_T SET RTE_NODE_ID='2925',KEY_CD='ruleTemplate',VAL='AffirmativeActionOfficer' WHERE RTE_NODE_CFG_PARM_ID = '2498'
/
UPDATE KREW_RTE_NODE_CFG_PARM_T SET RTE_NODE_ID='2925',KEY_CD='mandatoryRoute',VAL='false' WHERE RTE_NODE_CFG_PARM_ID = '2499'
/
UPDATE KREW_RTE_NODE_CFG_PARM_T SET RTE_NODE_ID='2925',KEY_CD='finalApproval',VAL='false' WHERE RTE_NODE_CFG_PARM_ID = '2500'
/
UPDATE KREW_RTE_NODE_CFG_PARM_T SET RTE_NODE_ID='2925',KEY_CD='ruleSelector',VAL='Template' WHERE RTE_NODE_CFG_PARM_ID = '2501'
/
UPDATE KREW_RTE_NODE_T SET DOC_TYP_ID='3010',NM='AffirmativeActionOfficerAdHoc',TYP='org.kuali.rice.kew.engine.node.RequestsNode',RTE_MTHD_NM='DFAC.AffirmativeActionOfficer.AdHoc',FNL_APRVR_IND=0,MNDTRY_RTE_IND=0,GRP_ID='10026',RTE_MTHD_CD='FR',ACTVN_TYP='P',BRCH_PROTO_ID=null,NEXT_DOC_STAT=null,VER_NBR=2 WHERE RTE_NODE_ID = '2926'  AND VER_NBR = 1
/
UPDATE KREW_RTE_NODE_CFG_PARM_T SET RTE_NODE_ID='2926',KEY_CD='contentFragment',VAL='<requests name="AffirmativeActionOfficerAdHoc">\r\n<activationType>P</activationType>\r\n<ruleTemplate>DFAC.AffirmativeActionOfficer.AdHoc</ruleTemplate>\r\n<mandatoryRoute>false</mandatoryRoute>\r\n<finalApproval>false</finalApproval>\r\n</requests>\r\n' WHERE RTE_NODE_CFG_PARM_ID = '2502'
/
UPDATE KREW_RTE_NODE_CFG_PARM_T SET RTE_NODE_ID='2926',KEY_CD='activationType',VAL='P' WHERE RTE_NODE_CFG_PARM_ID = '2503'
/
UPDATE KREW_RTE_NODE_CFG_PARM_T SET RTE_NODE_ID='2926',KEY_CD='ruleTemplate',VAL='DFAC.AffirmativeActionOfficer.AdHoc' WHERE RTE_NODE_CFG_PARM_ID = '2504'
/
UPDATE KREW_RTE_NODE_CFG_PARM_T SET RTE_NODE_ID='2926',KEY_CD='mandatoryRoute',VAL='false' WHERE RTE_NODE_CFG_PARM_ID = '2505'
/
UPDATE KREW_RTE_NODE_CFG_PARM_T SET RTE_NODE_ID='2926',KEY_CD='finalApproval',VAL='false' WHERE RTE_NODE_CFG_PARM_ID = '2506'
/
UPDATE KREW_RTE_NODE_CFG_PARM_T SET RTE_NODE_ID='2926',KEY_CD='ruleSelector',VAL='Template' WHERE RTE_NODE_CFG_PARM_ID = '2507'
/
UPDATE KREW_DOC_TYP_PROC_T SET DOC_TYP_ID='3010',INIT_RTE_NODE_ID='2923',NM='PRIMARY',INIT_IND=1,VER_NBR=5 WHERE DOC_TYP_PROC_ID = '2931'  AND VER_NBR = 4
/
INSERT INTO KREW_DOC_TYP_T (DOC_TYP_ID,PARNT_ID,DOC_TYP_NM,DOC_TYP_VER_NBR,ACTV_IND,CUR_IND,DOC_TYP_DESC,LBL,PREV_DOC_TYP_VER_NBR,DOC_HDR_ID,DOC_HDLR_URL,HELP_DEF_URL,DOC_SEARCH_HELP_URL,POST_PRCSR,AUTHORIZER,GRP_ID,BLNKT_APPR_GRP_ID,BLNKT_APPR_PLCY,RPT_GRP_ID,RTE_VER_NBR,NOTIFY_ADDR,SEC_XML,EMAIL_XSL,APPL_ID,OBJ_ID,VER_NBR) VALUES ('3015','3010','WaiverRequest',0,1,1,'Waiver Request','Waiver Request',null,null,'${workflow.url}/EDocLite','','','org.kuali.rice.edl.framework.workflow.EDocLitePostProcessor',null,'10026','10026',null,'10025','2',null,null,null,null,'eaca1f30-3a84-49f0-a3d6-126f8cdeb0f5',1)
/
INSERT INTO KREW_DOC_TYP_ATTR_T (DOC_TYP_ATTRIB_ID,DOC_TYP_ID,RULE_ATTR_ID,ORD_INDX) VALUES ('2031','3015','1654',1)
/
INSERT INTO KREW_DOC_TYP_ATTR_T (DOC_TYP_ATTRIB_ID,DOC_TYP_ID,RULE_ATTR_ID,ORD_INDX) VALUES ('2032','3015','1647',2)
/
INSERT INTO KREW_DOC_TYP_ATTR_T (DOC_TYP_ATTRIB_ID,DOC_TYP_ID,RULE_ATTR_ID,ORD_INDX) VALUES ('2033','3015','1649',3)
/
INSERT INTO KREW_DOC_TYP_ATTR_T (DOC_TYP_ATTRIB_ID,DOC_TYP_ID,RULE_ATTR_ID,ORD_INDX) VALUES ('2034','3015','1658',4)
/
INSERT INTO KREW_DOC_TYP_ATTR_T (DOC_TYP_ATTRIB_ID,DOC_TYP_ID,RULE_ATTR_ID,ORD_INDX) VALUES ('2035','3015','1657',5)
/
INSERT INTO KREW_DOC_TYP_ATTR_T (DOC_TYP_ATTRIB_ID,DOC_TYP_ID,RULE_ATTR_ID,ORD_INDX) VALUES ('2036','3015','1652',6)
/
UPDATE KREW_DOC_TYP_T SET PARNT_ID=null,DOC_TYP_NM='OfficeOfAffirmativeAction',DOC_TYP_VER_NBR=0,ACTV_IND=1,CUR_IND=1,DOC_TYP_DESC='Office Of Affirmative Action Documents',LBL='Offic Of Affirmative Action Documents',PREV_DOC_TYP_VER_NBR=null,DOC_HDR_ID=null,DOC_HDLR_URL='${workflow.url}/EDocLite',HELP_DEF_URL='',DOC_SEARCH_HELP_URL='',POST_PRCSR='org.kuali.rice.edl.framework.workflow.EDocLitePostProcessor',AUTHORIZER=null,GRP_ID='10026',BLNKT_APPR_GRP_ID='10026',BLNKT_APPR_PLCY=null,RPT_GRP_ID=null,RTE_VER_NBR='2',NOTIFY_ADDR='workflow@indiana.edu',SEC_XML=null,EMAIL_XSL=null,APPL_ID=null,OBJ_ID='cd1f5657-114b-422a-83f1-e36603046d59',VER_NBR=6 WHERE DOC_TYP_ID = '3010'  AND VER_NBR = 5
/
UPDATE KREW_DOC_TYP_PLCY_RELN_T SET PLCY_NM=0,PLCY_VAL=null,OBJ_ID='d396d942-5a34-4ffa-bce0-916c3e8d8d5b',VER_NBR=6 WHERE DOC_TYP_ID = '3010'  AND DOC_PLCY_NM = 'DEFAULT_APPROVE'  AND VER_NBR = 5
/
UPDATE KREW_DOC_TYP_ATTR_T SET DOC_TYP_ID='3010',RULE_ATTR_ID='1652',ORD_INDX=1 WHERE DOC_TYP_ATTRIB_ID = '2010'
/
UPDATE KREW_DOC_TYP_ATTR_T SET DOC_TYP_ID='3010',RULE_ATTR_ID='1654',ORD_INDX=2 WHERE DOC_TYP_ATTRIB_ID = '2011'
/
UPDATE KREW_DOC_TYP_ATTR_T SET DOC_TYP_ID='3010',RULE_ATTR_ID='1647',ORD_INDX=3 WHERE DOC_TYP_ATTRIB_ID = '2012'
/
UPDATE KREW_DOC_TYP_ATTR_T SET DOC_TYP_ID='3010',RULE_ATTR_ID='1649',ORD_INDX=4 WHERE DOC_TYP_ATTRIB_ID = '2013'
/
UPDATE KREW_RTE_NODE_T SET DOC_TYP_ID='3010',NM='Initiated',TYP='org.kuali.rice.kew.engine.node.InitialNode',RTE_MTHD_NM=null,FNL_APRVR_IND=0,MNDTRY_RTE_IND=0,GRP_ID='10026',RTE_MTHD_CD=null,ACTVN_TYP='P',BRCH_PROTO_ID=null,NEXT_DOC_STAT=null,VER_NBR=6 WHERE RTE_NODE_ID = '2923'  AND VER_NBR = 5
/
UPDATE KREW_RTE_NODE_CFG_PARM_T SET RTE_NODE_ID='2923',KEY_CD='contentFragment',VAL='<start name="Initiated">\r\n<activationType>P</activationType>\r\n<mandatoryRoute>false</mandatoryRoute>\r\n<finalApproval>false</finalApproval>\r\n</start>\r\n' WHERE RTE_NODE_CFG_PARM_ID = '2485'
/
UPDATE KREW_RTE_NODE_CFG_PARM_T SET RTE_NODE_ID='2923',KEY_CD='activationType',VAL='P' WHERE RTE_NODE_CFG_PARM_ID = '2486'
/
UPDATE KREW_RTE_NODE_CFG_PARM_T SET RTE_NODE_ID='2923',KEY_CD='mandatoryRoute',VAL='false' WHERE RTE_NODE_CFG_PARM_ID = '2487'
/
UPDATE KREW_RTE_NODE_CFG_PARM_T SET RTE_NODE_ID='2923',KEY_CD='finalApproval',VAL='false' WHERE RTE_NODE_CFG_PARM_ID = '2488'
/
UPDATE KREW_RTE_NODE_CFG_PARM_T SET RTE_NODE_ID='2923',KEY_CD='ruleSelector',VAL='Template' WHERE RTE_NODE_CFG_PARM_ID = '2489'
/
UPDATE KREW_RTE_NODE_T SET DOC_TYP_ID='3010',NM='School',TYP='org.kuali.rice.kew.engine.node.RequestsNode',RTE_MTHD_NM='OfficeOfAffirmativeAction-SchoolRouting',FNL_APRVR_IND=0,MNDTRY_RTE_IND=0,GRP_ID='10026',RTE_MTHD_CD='FR',ACTVN_TYP='S',BRCH_PROTO_ID=null,NEXT_DOC_STAT=null,VER_NBR=5 WHERE RTE_NODE_ID = '2924'  AND VER_NBR = 4
/
UPDATE KREW_RTE_NODE_CFG_PARM_T SET RTE_NODE_ID='2924',KEY_CD='contentFragment',VAL='<requests name="School">\r\n<activationType>S</activationType>\r\n<ruleTemplate>OfficeOfAffirmativeAction-SchoolRouting</ruleTemplate>\r\n<mandatoryRoute>false</mandatoryRoute>\r\n<finalApproval>false</finalApproval>\r\n</requests>\r\n' WHERE RTE_NODE_CFG_PARM_ID = '2490'
/
UPDATE KREW_RTE_NODE_CFG_PARM_T SET RTE_NODE_ID='2924',KEY_CD='activationType',VAL='S' WHERE RTE_NODE_CFG_PARM_ID = '2491'
/
UPDATE KREW_RTE_NODE_CFG_PARM_T SET RTE_NODE_ID='2924',KEY_CD='ruleTemplate',VAL='OfficeOfAffirmativeAction-SchoolRouting' WHERE RTE_NODE_CFG_PARM_ID = '2492'
/
UPDATE KREW_RTE_NODE_CFG_PARM_T SET RTE_NODE_ID='2924',KEY_CD='mandatoryRoute',VAL='false' WHERE RTE_NODE_CFG_PARM_ID = '2493'
/
UPDATE KREW_RTE_NODE_CFG_PARM_T SET RTE_NODE_ID='2924',KEY_CD='finalApproval',VAL='false' WHERE RTE_NODE_CFG_PARM_ID = '2494'
/
UPDATE KREW_RTE_NODE_CFG_PARM_T SET RTE_NODE_ID='2924',KEY_CD='ruleSelector',VAL='Template' WHERE RTE_NODE_CFG_PARM_ID = '2495'
/
UPDATE KREW_RTE_NODE_T SET DOC_TYP_ID='3010',NM='AffirmativeActionOfficer',TYP='org.kuali.rice.kew.engine.node.RequestsNode',RTE_MTHD_NM='AffirmativeActionOfficer',FNL_APRVR_IND=0,MNDTRY_RTE_IND=0,GRP_ID='10026',RTE_MTHD_CD='FR',ACTVN_TYP='S',BRCH_PROTO_ID=null,NEXT_DOC_STAT=null,VER_NBR=4 WHERE RTE_NODE_ID = '2925'  AND VER_NBR = 3
/
UPDATE KREW_RTE_NODE_CFG_PARM_T SET RTE_NODE_ID='2925',KEY_CD='contentFragment',VAL='<requests name="AffirmativeActionOfficer">\r\n<activationType>S</activationType>\r\n<ruleTemplate>AffirmativeActionOfficer</ruleTemplate>\r\n<mandatoryRoute>false</mandatoryRoute>\r\n<finalApproval>false</finalApproval>\r\n</requests>\r\n' WHERE RTE_NODE_CFG_PARM_ID = '2496'
/
UPDATE KREW_RTE_NODE_CFG_PARM_T SET RTE_NODE_ID='2925',KEY_CD='activationType',VAL='S' WHERE RTE_NODE_CFG_PARM_ID = '2497'
/
UPDATE KREW_RTE_NODE_CFG_PARM_T SET RTE_NODE_ID='2925',KEY_CD='ruleTemplate',VAL='AffirmativeActionOfficer' WHERE RTE_NODE_CFG_PARM_ID = '2498'
/
UPDATE KREW_RTE_NODE_CFG_PARM_T SET RTE_NODE_ID='2925',KEY_CD='mandatoryRoute',VAL='false' WHERE RTE_NODE_CFG_PARM_ID = '2499'
/
UPDATE KREW_RTE_NODE_CFG_PARM_T SET RTE_NODE_ID='2925',KEY_CD='finalApproval',VAL='false' WHERE RTE_NODE_CFG_PARM_ID = '2500'
/
UPDATE KREW_RTE_NODE_CFG_PARM_T SET RTE_NODE_ID='2925',KEY_CD='ruleSelector',VAL='Template' WHERE RTE_NODE_CFG_PARM_ID = '2501'
/
UPDATE KREW_RTE_NODE_T SET DOC_TYP_ID='3010',NM='AffirmativeActionOfficerAdHoc',TYP='org.kuali.rice.kew.engine.node.RequestsNode',RTE_MTHD_NM='DFAC.AffirmativeActionOfficer.AdHoc',FNL_APRVR_IND=0,MNDTRY_RTE_IND=0,GRP_ID='10026',RTE_MTHD_CD='FR',ACTVN_TYP='P',BRCH_PROTO_ID=null,NEXT_DOC_STAT=null,VER_NBR=3 WHERE RTE_NODE_ID = '2926'  AND VER_NBR = 2
/
UPDATE KREW_RTE_NODE_CFG_PARM_T SET RTE_NODE_ID='2926',KEY_CD='contentFragment',VAL='<requests name="AffirmativeActionOfficerAdHoc">\r\n<activationType>P</activationType>\r\n<ruleTemplate>DFAC.AffirmativeActionOfficer.AdHoc</ruleTemplate>\r\n<mandatoryRoute>false</mandatoryRoute>\r\n<finalApproval>false</finalApproval>\r\n</requests>\r\n' WHERE RTE_NODE_CFG_PARM_ID = '2502'
/
UPDATE KREW_RTE_NODE_CFG_PARM_T SET RTE_NODE_ID='2926',KEY_CD='activationType',VAL='P' WHERE RTE_NODE_CFG_PARM_ID = '2503'
/
UPDATE KREW_RTE_NODE_CFG_PARM_T SET RTE_NODE_ID='2926',KEY_CD='ruleTemplate',VAL='DFAC.AffirmativeActionOfficer.AdHoc' WHERE RTE_NODE_CFG_PARM_ID = '2504'
/
UPDATE KREW_RTE_NODE_CFG_PARM_T SET RTE_NODE_ID='2926',KEY_CD='mandatoryRoute',VAL='false' WHERE RTE_NODE_CFG_PARM_ID = '2505'
/
UPDATE KREW_RTE_NODE_CFG_PARM_T SET RTE_NODE_ID='2926',KEY_CD='finalApproval',VAL='false' WHERE RTE_NODE_CFG_PARM_ID = '2506'
/
UPDATE KREW_RTE_NODE_CFG_PARM_T SET RTE_NODE_ID='2926',KEY_CD='ruleSelector',VAL='Template' WHERE RTE_NODE_CFG_PARM_ID = '2507'
/
UPDATE KREW_RTE_NODE_T SET DOC_TYP_ID='3010',NM='ViceChancellorforAcademicAffairsandDeanOfFaculties',TYP='org.kuali.rice.kew.engine.node.RequestsNode',RTE_MTHD_NM='ViceChancellorforAcademicAffairsandDeanOfFaculties',FNL_APRVR_IND=0,MNDTRY_RTE_IND=0,GRP_ID='10026',RTE_MTHD_CD='FR',ACTVN_TYP='S',BRCH_PROTO_ID=null,NEXT_DOC_STAT=null,VER_NBR=2 WHERE RTE_NODE_ID = '2927'  AND VER_NBR = 1
/
UPDATE KREW_RTE_NODE_CFG_PARM_T SET RTE_NODE_ID='2927',KEY_CD='contentFragment',VAL='<requests name="ViceChancellorforAcademicAffairsandDeanOfFaculties">\r\n<activationType>S</activationType>\r\n<ruleTemplate>ViceChancellorforAcademicAffairsandDeanOfFaculties</ruleTemplate>\r\n<mandatoryRoute>false</mandatoryRoute>\r\n<finalApproval>false</finalApproval>\r\n</requests>\r\n' WHERE RTE_NODE_CFG_PARM_ID = '2508'
/
UPDATE KREW_RTE_NODE_CFG_PARM_T SET RTE_NODE_ID='2927',KEY_CD='activationType',VAL='S' WHERE RTE_NODE_CFG_PARM_ID = '2509'
/
UPDATE KREW_RTE_NODE_CFG_PARM_T SET RTE_NODE_ID='2927',KEY_CD='ruleTemplate',VAL='ViceChancellorforAcademicAffairsandDeanOfFaculties' WHERE RTE_NODE_CFG_PARM_ID = '2510'
/
UPDATE KREW_RTE_NODE_CFG_PARM_T SET RTE_NODE_ID='2927',KEY_CD='mandatoryRoute',VAL='false' WHERE RTE_NODE_CFG_PARM_ID = '2511'
/
UPDATE KREW_RTE_NODE_CFG_PARM_T SET RTE_NODE_ID='2927',KEY_CD='finalApproval',VAL='false' WHERE RTE_NODE_CFG_PARM_ID = '2512'
/
UPDATE KREW_RTE_NODE_CFG_PARM_T SET RTE_NODE_ID='2927',KEY_CD='ruleSelector',VAL='Template' WHERE RTE_NODE_CFG_PARM_ID = '2513'
/
UPDATE KREW_DOC_TYP_PROC_T SET DOC_TYP_ID='3010',INIT_RTE_NODE_ID='2923',NM='PRIMARY',INIT_IND=1,VER_NBR=6 WHERE DOC_TYP_PROC_ID = '2931'  AND VER_NBR = 5
/
INSERT INTO KREW_DOC_TYP_T (DOC_TYP_ID,PARNT_ID,DOC_TYP_NM,DOC_TYP_VER_NBR,ACTV_IND,CUR_IND,DOC_TYP_DESC,LBL,PREV_DOC_TYP_VER_NBR,DOC_HDR_ID,DOC_HDLR_URL,HELP_DEF_URL,DOC_SEARCH_HELP_URL,POST_PRCSR,AUTHORIZER,GRP_ID,BLNKT_APPR_GRP_ID,BLNKT_APPR_PLCY,RPT_GRP_ID,RTE_VER_NBR,NOTIFY_ADDR,SEC_XML,EMAIL_XSL,APPL_ID,OBJ_ID,VER_NBR) VALUES ('3016','3010','LoadTest',0,1,1,'Load Test','Load Test',null,null,'${workflow.url}/EDocLite','','','org.kuali.rice.edl.framework.workflow.EDocLitePostProcessor',null,'10026','10026',null,'10025','2',null,null,null,null,'9e9ea59d-9a54-4ada-8a4d-e8878b7bf788',1)
/
INSERT INTO KREW_DOC_TYP_ATTR_T (DOC_TYP_ATTRIB_ID,DOC_TYP_ID,RULE_ATTR_ID,ORD_INDX) VALUES ('2037','3016','1654',1)
/
INSERT INTO KREW_DOC_TYP_ATTR_T (DOC_TYP_ATTRIB_ID,DOC_TYP_ID,RULE_ATTR_ID,ORD_INDX) VALUES ('2038','3016','1647',2)
/
INSERT INTO KREW_DOC_TYP_ATTR_T (DOC_TYP_ATTRIB_ID,DOC_TYP_ID,RULE_ATTR_ID,ORD_INDX) VALUES ('2039','3016','1649',3)
/
INSERT INTO KREW_DOC_TYP_ATTR_T (DOC_TYP_ATTRIB_ID,DOC_TYP_ID,RULE_ATTR_ID,ORD_INDX) VALUES ('2040','3016','1658',4)
/
INSERT INTO KREW_DOC_TYP_ATTR_T (DOC_TYP_ATTRIB_ID,DOC_TYP_ID,RULE_ATTR_ID,ORD_INDX) VALUES ('2041','3016','1657',5)
/
INSERT INTO KREW_DOC_TYP_ATTR_T (DOC_TYP_ATTRIB_ID,DOC_TYP_ID,RULE_ATTR_ID,ORD_INDX) VALUES ('2042','3016','1652',6)
/
UPDATE KREW_DOC_TYP_T SET PARNT_ID=null,DOC_TYP_NM='OfficeOfAffirmativeAction',DOC_TYP_VER_NBR=0,ACTV_IND=1,CUR_IND=1,DOC_TYP_DESC='Office Of Affirmative Action Documents',LBL='Offic Of Affirmative Action Documents',PREV_DOC_TYP_VER_NBR=null,DOC_HDR_ID=null,DOC_HDLR_URL='${workflow.url}/EDocLite',HELP_DEF_URL='',DOC_SEARCH_HELP_URL='',POST_PRCSR='org.kuali.rice.edl.framework.workflow.EDocLitePostProcessor',AUTHORIZER=null,GRP_ID='10026',BLNKT_APPR_GRP_ID='10026',BLNKT_APPR_PLCY=null,RPT_GRP_ID=null,RTE_VER_NBR='2',NOTIFY_ADDR='workflow@indiana.edu',SEC_XML=null,EMAIL_XSL=null,APPL_ID=null,OBJ_ID='cd1f5657-114b-422a-83f1-e36603046d59',VER_NBR=7 WHERE DOC_TYP_ID = '3010'  AND VER_NBR = 6
/
UPDATE KREW_DOC_TYP_PLCY_RELN_T SET PLCY_NM=0,PLCY_VAL=null,OBJ_ID='d396d942-5a34-4ffa-bce0-916c3e8d8d5b',VER_NBR=7 WHERE DOC_TYP_ID = '3010'  AND DOC_PLCY_NM = 'DEFAULT_APPROVE'  AND VER_NBR = 6
/
UPDATE KREW_DOC_TYP_ATTR_T SET DOC_TYP_ID='3010',RULE_ATTR_ID='1652',ORD_INDX=1 WHERE DOC_TYP_ATTRIB_ID = '2010'
/
UPDATE KREW_DOC_TYP_ATTR_T SET DOC_TYP_ID='3010',RULE_ATTR_ID='1654',ORD_INDX=2 WHERE DOC_TYP_ATTRIB_ID = '2011'
/
UPDATE KREW_DOC_TYP_ATTR_T SET DOC_TYP_ID='3010',RULE_ATTR_ID='1647',ORD_INDX=3 WHERE DOC_TYP_ATTRIB_ID = '2012'
/
UPDATE KREW_DOC_TYP_ATTR_T SET DOC_TYP_ID='3010',RULE_ATTR_ID='1649',ORD_INDX=4 WHERE DOC_TYP_ATTRIB_ID = '2013'
/
UPDATE KREW_RTE_NODE_T SET DOC_TYP_ID='3010',NM='Initiated',TYP='org.kuali.rice.kew.engine.node.InitialNode',RTE_MTHD_NM=null,FNL_APRVR_IND=0,MNDTRY_RTE_IND=0,GRP_ID='10026',RTE_MTHD_CD=null,ACTVN_TYP='P',BRCH_PROTO_ID=null,NEXT_DOC_STAT=null,VER_NBR=7 WHERE RTE_NODE_ID = '2923'  AND VER_NBR = 6
/
UPDATE KREW_RTE_NODE_CFG_PARM_T SET RTE_NODE_ID='2923',KEY_CD='contentFragment',VAL='<start name="Initiated">\r\n<activationType>P</activationType>\r\n<mandatoryRoute>false</mandatoryRoute>\r\n<finalApproval>false</finalApproval>\r\n</start>\r\n' WHERE RTE_NODE_CFG_PARM_ID = '2485'
/
UPDATE KREW_RTE_NODE_CFG_PARM_T SET RTE_NODE_ID='2923',KEY_CD='activationType',VAL='P' WHERE RTE_NODE_CFG_PARM_ID = '2486'
/
UPDATE KREW_RTE_NODE_CFG_PARM_T SET RTE_NODE_ID='2923',KEY_CD='mandatoryRoute',VAL='false' WHERE RTE_NODE_CFG_PARM_ID = '2487'
/
UPDATE KREW_RTE_NODE_CFG_PARM_T SET RTE_NODE_ID='2923',KEY_CD='finalApproval',VAL='false' WHERE RTE_NODE_CFG_PARM_ID = '2488'
/
UPDATE KREW_RTE_NODE_CFG_PARM_T SET RTE_NODE_ID='2923',KEY_CD='ruleSelector',VAL='Template' WHERE RTE_NODE_CFG_PARM_ID = '2489'
/
UPDATE KREW_RTE_NODE_T SET DOC_TYP_ID='3010',NM='School',TYP='org.kuali.rice.kew.engine.node.RequestsNode',RTE_MTHD_NM='OfficeOfAffirmativeAction-SchoolRouting',FNL_APRVR_IND=0,MNDTRY_RTE_IND=0,GRP_ID='10026',RTE_MTHD_CD='FR',ACTVN_TYP='S',BRCH_PROTO_ID=null,NEXT_DOC_STAT=null,VER_NBR=6 WHERE RTE_NODE_ID = '2924'  AND VER_NBR = 5
/
UPDATE KREW_RTE_NODE_CFG_PARM_T SET RTE_NODE_ID='2924',KEY_CD='contentFragment',VAL='<requests name="School">\r\n<activationType>S</activationType>\r\n<ruleTemplate>OfficeOfAffirmativeAction-SchoolRouting</ruleTemplate>\r\n<mandatoryRoute>false</mandatoryRoute>\r\n<finalApproval>false</finalApproval>\r\n</requests>\r\n' WHERE RTE_NODE_CFG_PARM_ID = '2490'
/
UPDATE KREW_RTE_NODE_CFG_PARM_T SET RTE_NODE_ID='2924',KEY_CD='activationType',VAL='S' WHERE RTE_NODE_CFG_PARM_ID = '2491'
/
UPDATE KREW_RTE_NODE_CFG_PARM_T SET RTE_NODE_ID='2924',KEY_CD='ruleTemplate',VAL='OfficeOfAffirmativeAction-SchoolRouting' WHERE RTE_NODE_CFG_PARM_ID = '2492'
/
UPDATE KREW_RTE_NODE_CFG_PARM_T SET RTE_NODE_ID='2924',KEY_CD='mandatoryRoute',VAL='false' WHERE RTE_NODE_CFG_PARM_ID = '2493'
/
UPDATE KREW_RTE_NODE_CFG_PARM_T SET RTE_NODE_ID='2924',KEY_CD='finalApproval',VAL='false' WHERE RTE_NODE_CFG_PARM_ID = '2494'
/
UPDATE KREW_RTE_NODE_CFG_PARM_T SET RTE_NODE_ID='2924',KEY_CD='ruleSelector',VAL='Template' WHERE RTE_NODE_CFG_PARM_ID = '2495'
/
UPDATE KREW_RTE_NODE_T SET DOC_TYP_ID='3010',NM='AffirmativeActionOfficer',TYP='org.kuali.rice.kew.engine.node.RequestsNode',RTE_MTHD_NM='AffirmativeActionOfficer',FNL_APRVR_IND=0,MNDTRY_RTE_IND=0,GRP_ID='10026',RTE_MTHD_CD='FR',ACTVN_TYP='S',BRCH_PROTO_ID=null,NEXT_DOC_STAT=null,VER_NBR=5 WHERE RTE_NODE_ID = '2925'  AND VER_NBR = 4
/
UPDATE KREW_RTE_NODE_CFG_PARM_T SET RTE_NODE_ID='2925',KEY_CD='contentFragment',VAL='<requests name="AffirmativeActionOfficer">\r\n<activationType>S</activationType>\r\n<ruleTemplate>AffirmativeActionOfficer</ruleTemplate>\r\n<mandatoryRoute>false</mandatoryRoute>\r\n<finalApproval>false</finalApproval>\r\n</requests>\r\n' WHERE RTE_NODE_CFG_PARM_ID = '2496'
/
UPDATE KREW_RTE_NODE_CFG_PARM_T SET RTE_NODE_ID='2925',KEY_CD='activationType',VAL='S' WHERE RTE_NODE_CFG_PARM_ID = '2497'
/
UPDATE KREW_RTE_NODE_CFG_PARM_T SET RTE_NODE_ID='2925',KEY_CD='ruleTemplate',VAL='AffirmativeActionOfficer' WHERE RTE_NODE_CFG_PARM_ID = '2498'
/
UPDATE KREW_RTE_NODE_CFG_PARM_T SET RTE_NODE_ID='2925',KEY_CD='mandatoryRoute',VAL='false' WHERE RTE_NODE_CFG_PARM_ID = '2499'
/
UPDATE KREW_RTE_NODE_CFG_PARM_T SET RTE_NODE_ID='2925',KEY_CD='finalApproval',VAL='false' WHERE RTE_NODE_CFG_PARM_ID = '2500'
/
UPDATE KREW_RTE_NODE_CFG_PARM_T SET RTE_NODE_ID='2925',KEY_CD='ruleSelector',VAL='Template' WHERE RTE_NODE_CFG_PARM_ID = '2501'
/
UPDATE KREW_RTE_NODE_T SET DOC_TYP_ID='3010',NM='AffirmativeActionOfficerAdHoc',TYP='org.kuali.rice.kew.engine.node.RequestsNode',RTE_MTHD_NM='DFAC.AffirmativeActionOfficer.AdHoc',FNL_APRVR_IND=0,MNDTRY_RTE_IND=0,GRP_ID='10026',RTE_MTHD_CD='FR',ACTVN_TYP='P',BRCH_PROTO_ID=null,NEXT_DOC_STAT=null,VER_NBR=4 WHERE RTE_NODE_ID = '2926'  AND VER_NBR = 3
/
UPDATE KREW_RTE_NODE_CFG_PARM_T SET RTE_NODE_ID='2926',KEY_CD='contentFragment',VAL='<requests name="AffirmativeActionOfficerAdHoc">\r\n<activationType>P</activationType>\r\n<ruleTemplate>DFAC.AffirmativeActionOfficer.AdHoc</ruleTemplate>\r\n<mandatoryRoute>false</mandatoryRoute>\r\n<finalApproval>false</finalApproval>\r\n</requests>\r\n' WHERE RTE_NODE_CFG_PARM_ID = '2502'
/
UPDATE KREW_RTE_NODE_CFG_PARM_T SET RTE_NODE_ID='2926',KEY_CD='activationType',VAL='P' WHERE RTE_NODE_CFG_PARM_ID = '2503'
/
UPDATE KREW_RTE_NODE_CFG_PARM_T SET RTE_NODE_ID='2926',KEY_CD='ruleTemplate',VAL='DFAC.AffirmativeActionOfficer.AdHoc' WHERE RTE_NODE_CFG_PARM_ID = '2504'
/
UPDATE KREW_RTE_NODE_CFG_PARM_T SET RTE_NODE_ID='2926',KEY_CD='mandatoryRoute',VAL='false' WHERE RTE_NODE_CFG_PARM_ID = '2505'
/
UPDATE KREW_RTE_NODE_CFG_PARM_T SET RTE_NODE_ID='2926',KEY_CD='finalApproval',VAL='false' WHERE RTE_NODE_CFG_PARM_ID = '2506'
/
UPDATE KREW_RTE_NODE_CFG_PARM_T SET RTE_NODE_ID='2926',KEY_CD='ruleSelector',VAL='Template' WHERE RTE_NODE_CFG_PARM_ID = '2507'
/
UPDATE KREW_RTE_NODE_T SET DOC_TYP_ID='3010',NM='ViceChancellorforAcademicAffairsandDeanOfFaculties',TYP='org.kuali.rice.kew.engine.node.RequestsNode',RTE_MTHD_NM='ViceChancellorforAcademicAffairsandDeanOfFaculties',FNL_APRVR_IND=0,MNDTRY_RTE_IND=0,GRP_ID='10026',RTE_MTHD_CD='FR',ACTVN_TYP='S',BRCH_PROTO_ID=null,NEXT_DOC_STAT=null,VER_NBR=3 WHERE RTE_NODE_ID = '2927'  AND VER_NBR = 2
/
UPDATE KREW_RTE_NODE_CFG_PARM_T SET RTE_NODE_ID='2927',KEY_CD='contentFragment',VAL='<requests name="ViceChancellorforAcademicAffairsandDeanOfFaculties">\r\n<activationType>S</activationType>\r\n<ruleTemplate>ViceChancellorforAcademicAffairsandDeanOfFaculties</ruleTemplate>\r\n<mandatoryRoute>false</mandatoryRoute>\r\n<finalApproval>false</finalApproval>\r\n</requests>\r\n' WHERE RTE_NODE_CFG_PARM_ID = '2508'
/
UPDATE KREW_RTE_NODE_CFG_PARM_T SET RTE_NODE_ID='2927',KEY_CD='activationType',VAL='S' WHERE RTE_NODE_CFG_PARM_ID = '2509'
/
UPDATE KREW_RTE_NODE_CFG_PARM_T SET RTE_NODE_ID='2927',KEY_CD='ruleTemplate',VAL='ViceChancellorforAcademicAffairsandDeanOfFaculties' WHERE RTE_NODE_CFG_PARM_ID = '2510'
/
UPDATE KREW_RTE_NODE_CFG_PARM_T SET RTE_NODE_ID='2927',KEY_CD='mandatoryRoute',VAL='false' WHERE RTE_NODE_CFG_PARM_ID = '2511'
/
UPDATE KREW_RTE_NODE_CFG_PARM_T SET RTE_NODE_ID='2927',KEY_CD='finalApproval',VAL='false' WHERE RTE_NODE_CFG_PARM_ID = '2512'
/
UPDATE KREW_RTE_NODE_CFG_PARM_T SET RTE_NODE_ID='2927',KEY_CD='ruleSelector',VAL='Template' WHERE RTE_NODE_CFG_PARM_ID = '2513'
/
UPDATE KREW_RTE_NODE_T SET DOC_TYP_ID='3010',NM='ViceChancellorforAcademicAffairsandDeanOfFacultiesAdHoc',TYP='org.kuali.rice.kew.engine.node.RequestsNode',RTE_MTHD_NM='DFAC.ViceChancellorforAcademicAffairsandDeanOfFaculties.AdHoc',FNL_APRVR_IND=0,MNDTRY_RTE_IND=0,GRP_ID='10026',RTE_MTHD_CD='FR',ACTVN_TYP='P',BRCH_PROTO_ID=null,NEXT_DOC_STAT=null,VER_NBR=2 WHERE RTE_NODE_ID = '2928'  AND VER_NBR = 1
/
UPDATE KREW_RTE_NODE_CFG_PARM_T SET RTE_NODE_ID='2928',KEY_CD='contentFragment',VAL='<requests name="ViceChancellorforAcademicAffairsandDeanOfFacultiesAdHoc">\r\n<activationType>P</activationType>\r\n<ruleTemplate>DFAC.ViceChancellorforAcademicAffairsandDeanOfFaculties.AdHoc</ruleTemplate>\r\n<mandatoryRoute>false</mandatoryRoute>\r\n<finalApproval>false</finalApproval>\r\n</requests>\r\n' WHERE RTE_NODE_CFG_PARM_ID = '2514'
/
UPDATE KREW_RTE_NODE_CFG_PARM_T SET RTE_NODE_ID='2928',KEY_CD='activationType',VAL='P' WHERE RTE_NODE_CFG_PARM_ID = '2515'
/
UPDATE KREW_RTE_NODE_CFG_PARM_T SET RTE_NODE_ID='2928',KEY_CD='ruleTemplate',VAL='DFAC.ViceChancellorforAcademicAffairsandDeanOfFaculties.AdHoc' WHERE RTE_NODE_CFG_PARM_ID = '2516'
/
UPDATE KREW_RTE_NODE_CFG_PARM_T SET RTE_NODE_ID='2928',KEY_CD='mandatoryRoute',VAL='false' WHERE RTE_NODE_CFG_PARM_ID = '2517'
/
UPDATE KREW_RTE_NODE_CFG_PARM_T SET RTE_NODE_ID='2928',KEY_CD='finalApproval',VAL='false' WHERE RTE_NODE_CFG_PARM_ID = '2518'
/
UPDATE KREW_RTE_NODE_CFG_PARM_T SET RTE_NODE_ID='2928',KEY_CD='ruleSelector',VAL='Template' WHERE RTE_NODE_CFG_PARM_ID = '2519'
/
UPDATE KREW_DOC_TYP_PROC_T SET DOC_TYP_ID='3010',INIT_RTE_NODE_ID='2923',NM='PRIMARY',INIT_IND=1,VER_NBR=7 WHERE DOC_TYP_PROC_ID = '2931'  AND VER_NBR = 6
/
INSERT INTO KREW_DOC_TYP_T (DOC_TYP_ID,PARNT_ID,DOC_TYP_NM,DOC_TYP_VER_NBR,ACTV_IND,CUR_IND,DOC_TYP_DESC,LBL,PREV_DOC_TYP_VER_NBR,DOC_HDR_ID,DOC_HDLR_URL,HELP_DEF_URL,DOC_SEARCH_HELP_URL,POST_PRCSR,AUTHORIZER,GRP_ID,BLNKT_APPR_GRP_ID,BLNKT_APPR_PLCY,RPT_GRP_ID,RTE_VER_NBR,NOTIFY_ADDR,SEC_XML,EMAIL_XSL,APPL_ID,OBJ_ID,VER_NBR) VALUES ('3017','3010','InterviewRequest',0,1,1,'Interview Request','Interview Request',null,null,'${workflow.url}/EDocLite','','','org.kuali.rice.edl.framework.workflow.EDocLitePostProcessor',null,'10026','10026',null,'10025','2',null,null,null,null,'d7a2a7b3-e961-42bb-8921-a7c6186c51c5',1)
/
INSERT INTO KREW_DOC_TYP_ATTR_T (DOC_TYP_ATTRIB_ID,DOC_TYP_ID,RULE_ATTR_ID,ORD_INDX) VALUES ('2043','3017','1654',1)
/
INSERT INTO KREW_DOC_TYP_ATTR_T (DOC_TYP_ATTRIB_ID,DOC_TYP_ID,RULE_ATTR_ID,ORD_INDX) VALUES ('2044','3017','1647',2)
/
INSERT INTO KREW_DOC_TYP_ATTR_T (DOC_TYP_ATTRIB_ID,DOC_TYP_ID,RULE_ATTR_ID,ORD_INDX) VALUES ('2045','3017','1649',3)
/
INSERT INTO KREW_DOC_TYP_ATTR_T (DOC_TYP_ATTRIB_ID,DOC_TYP_ID,RULE_ATTR_ID,ORD_INDX) VALUES ('2046','3017','1652',4)
/
INSERT INTO KREW_DOC_TYP_ATTR_T (DOC_TYP_ATTRIB_ID,DOC_TYP_ID,RULE_ATTR_ID,ORD_INDX) VALUES ('2047','3017','1659',5)
/
INSERT INTO KREW_DOC_TYP_ATTR_T (DOC_TYP_ATTRIB_ID,DOC_TYP_ID,RULE_ATTR_ID,ORD_INDX) VALUES ('2048','3017','1660',6)
/
INSERT INTO KREW_DOC_TYP_ATTR_T (DOC_TYP_ATTRIB_ID,DOC_TYP_ID,RULE_ATTR_ID,ORD_INDX) VALUES ('2049','3017','1658',7)
/
UPDATE KREW_DOC_TYP_T SET PARNT_ID=null,DOC_TYP_NM='OfficeOfAffirmativeAction',DOC_TYP_VER_NBR=0,ACTV_IND=1,CUR_IND=1,DOC_TYP_DESC='Office Of Affirmative Action Documents',LBL='Offic Of Affirmative Action Documents',PREV_DOC_TYP_VER_NBR=null,DOC_HDR_ID=null,DOC_HDLR_URL='${workflow.url}/EDocLite',HELP_DEF_URL='',DOC_SEARCH_HELP_URL='',POST_PRCSR='org.kuali.rice.edl.framework.workflow.EDocLitePostProcessor',AUTHORIZER=null,GRP_ID='10026',BLNKT_APPR_GRP_ID='10026',BLNKT_APPR_PLCY=null,RPT_GRP_ID=null,RTE_VER_NBR='2',NOTIFY_ADDR='workflow@indiana.edu',SEC_XML=null,EMAIL_XSL=null,APPL_ID=null,OBJ_ID='cd1f5657-114b-422a-83f1-e36603046d59',VER_NBR=8 WHERE DOC_TYP_ID = '3010'  AND VER_NBR = 7
/
UPDATE KREW_DOC_TYP_PLCY_RELN_T SET PLCY_NM=0,PLCY_VAL=null,OBJ_ID='d396d942-5a34-4ffa-bce0-916c3e8d8d5b',VER_NBR=8 WHERE DOC_TYP_ID = '3010'  AND DOC_PLCY_NM = 'DEFAULT_APPROVE'  AND VER_NBR = 7
/
UPDATE KREW_DOC_TYP_ATTR_T SET DOC_TYP_ID='3010',RULE_ATTR_ID='1652',ORD_INDX=1 WHERE DOC_TYP_ATTRIB_ID = '2010'
/
UPDATE KREW_DOC_TYP_ATTR_T SET DOC_TYP_ID='3010',RULE_ATTR_ID='1654',ORD_INDX=2 WHERE DOC_TYP_ATTRIB_ID = '2011'
/
UPDATE KREW_DOC_TYP_ATTR_T SET DOC_TYP_ID='3010',RULE_ATTR_ID='1647',ORD_INDX=3 WHERE DOC_TYP_ATTRIB_ID = '2012'
/
UPDATE KREW_DOC_TYP_ATTR_T SET DOC_TYP_ID='3010',RULE_ATTR_ID='1649',ORD_INDX=4 WHERE DOC_TYP_ATTRIB_ID = '2013'
/
UPDATE KREW_RTE_NODE_T SET DOC_TYP_ID='3010',NM='Initiated',TYP='org.kuali.rice.kew.engine.node.InitialNode',RTE_MTHD_NM=null,FNL_APRVR_IND=0,MNDTRY_RTE_IND=0,GRP_ID='10026',RTE_MTHD_CD=null,ACTVN_TYP='P',BRCH_PROTO_ID=null,NEXT_DOC_STAT=null,VER_NBR=8 WHERE RTE_NODE_ID = '2923'  AND VER_NBR = 7
/
UPDATE KREW_RTE_NODE_CFG_PARM_T SET RTE_NODE_ID='2923',KEY_CD='contentFragment',VAL='<start name="Initiated">\r\n<activationType>P</activationType>\r\n<mandatoryRoute>false</mandatoryRoute>\r\n<finalApproval>false</finalApproval>\r\n</start>\r\n' WHERE RTE_NODE_CFG_PARM_ID = '2485'
/
UPDATE KREW_RTE_NODE_CFG_PARM_T SET RTE_NODE_ID='2923',KEY_CD='activationType',VAL='P' WHERE RTE_NODE_CFG_PARM_ID = '2486'
/
UPDATE KREW_RTE_NODE_CFG_PARM_T SET RTE_NODE_ID='2923',KEY_CD='mandatoryRoute',VAL='false' WHERE RTE_NODE_CFG_PARM_ID = '2487'
/
UPDATE KREW_RTE_NODE_CFG_PARM_T SET RTE_NODE_ID='2923',KEY_CD='finalApproval',VAL='false' WHERE RTE_NODE_CFG_PARM_ID = '2488'
/
UPDATE KREW_RTE_NODE_CFG_PARM_T SET RTE_NODE_ID='2923',KEY_CD='ruleSelector',VAL='Template' WHERE RTE_NODE_CFG_PARM_ID = '2489'
/
UPDATE KREW_RTE_NODE_T SET DOC_TYP_ID='3010',NM='School',TYP='org.kuali.rice.kew.engine.node.RequestsNode',RTE_MTHD_NM='OfficeOfAffirmativeAction-SchoolRouting',FNL_APRVR_IND=0,MNDTRY_RTE_IND=0,GRP_ID='10026',RTE_MTHD_CD='FR',ACTVN_TYP='S',BRCH_PROTO_ID=null,NEXT_DOC_STAT=null,VER_NBR=7 WHERE RTE_NODE_ID = '2924'  AND VER_NBR = 6
/
UPDATE KREW_RTE_NODE_CFG_PARM_T SET RTE_NODE_ID='2924',KEY_CD='contentFragment',VAL='<requests name="School">\r\n<activationType>S</activationType>\r\n<ruleTemplate>OfficeOfAffirmativeAction-SchoolRouting</ruleTemplate>\r\n<mandatoryRoute>false</mandatoryRoute>\r\n<finalApproval>false</finalApproval>\r\n</requests>\r\n' WHERE RTE_NODE_CFG_PARM_ID = '2490'
/
UPDATE KREW_RTE_NODE_CFG_PARM_T SET RTE_NODE_ID='2924',KEY_CD='activationType',VAL='S' WHERE RTE_NODE_CFG_PARM_ID = '2491'
/
UPDATE KREW_RTE_NODE_CFG_PARM_T SET RTE_NODE_ID='2924',KEY_CD='ruleTemplate',VAL='OfficeOfAffirmativeAction-SchoolRouting' WHERE RTE_NODE_CFG_PARM_ID = '2492'
/
UPDATE KREW_RTE_NODE_CFG_PARM_T SET RTE_NODE_ID='2924',KEY_CD='mandatoryRoute',VAL='false' WHERE RTE_NODE_CFG_PARM_ID = '2493'
/
UPDATE KREW_RTE_NODE_CFG_PARM_T SET RTE_NODE_ID='2924',KEY_CD='finalApproval',VAL='false' WHERE RTE_NODE_CFG_PARM_ID = '2494'
/
UPDATE KREW_RTE_NODE_CFG_PARM_T SET RTE_NODE_ID='2924',KEY_CD='ruleSelector',VAL='Template' WHERE RTE_NODE_CFG_PARM_ID = '2495'
/
UPDATE KREW_RTE_NODE_T SET DOC_TYP_ID='3010',NM='AffirmativeActionOfficer',TYP='org.kuali.rice.kew.engine.node.RequestsNode',RTE_MTHD_NM='AffirmativeActionOfficer',FNL_APRVR_IND=0,MNDTRY_RTE_IND=0,GRP_ID='10026',RTE_MTHD_CD='FR',ACTVN_TYP='S',BRCH_PROTO_ID=null,NEXT_DOC_STAT=null,VER_NBR=6 WHERE RTE_NODE_ID = '2925'  AND VER_NBR = 5
/
UPDATE KREW_RTE_NODE_CFG_PARM_T SET RTE_NODE_ID='2925',KEY_CD='contentFragment',VAL='<requests name="AffirmativeActionOfficer">\r\n<activationType>S</activationType>\r\n<ruleTemplate>AffirmativeActionOfficer</ruleTemplate>\r\n<mandatoryRoute>false</mandatoryRoute>\r\n<finalApproval>false</finalApproval>\r\n</requests>\r\n' WHERE RTE_NODE_CFG_PARM_ID = '2496'
/
UPDATE KREW_RTE_NODE_CFG_PARM_T SET RTE_NODE_ID='2925',KEY_CD='activationType',VAL='S' WHERE RTE_NODE_CFG_PARM_ID = '2497'
/
UPDATE KREW_RTE_NODE_CFG_PARM_T SET RTE_NODE_ID='2925',KEY_CD='ruleTemplate',VAL='AffirmativeActionOfficer' WHERE RTE_NODE_CFG_PARM_ID = '2498'
/
UPDATE KREW_RTE_NODE_CFG_PARM_T SET RTE_NODE_ID='2925',KEY_CD='mandatoryRoute',VAL='false' WHERE RTE_NODE_CFG_PARM_ID = '2499'
/
UPDATE KREW_RTE_NODE_CFG_PARM_T SET RTE_NODE_ID='2925',KEY_CD='finalApproval',VAL='false' WHERE RTE_NODE_CFG_PARM_ID = '2500'
/
UPDATE KREW_RTE_NODE_CFG_PARM_T SET RTE_NODE_ID='2925',KEY_CD='ruleSelector',VAL='Template' WHERE RTE_NODE_CFG_PARM_ID = '2501'
/
UPDATE KREW_RTE_NODE_T SET DOC_TYP_ID='3010',NM='AffirmativeActionOfficerAdHoc',TYP='org.kuali.rice.kew.engine.node.RequestsNode',RTE_MTHD_NM='DFAC.AffirmativeActionOfficer.AdHoc',FNL_APRVR_IND=0,MNDTRY_RTE_IND=0,GRP_ID='10026',RTE_MTHD_CD='FR',ACTVN_TYP='P',BRCH_PROTO_ID=null,NEXT_DOC_STAT=null,VER_NBR=5 WHERE RTE_NODE_ID = '2926'  AND VER_NBR = 4
/
UPDATE KREW_RTE_NODE_CFG_PARM_T SET RTE_NODE_ID='2926',KEY_CD='contentFragment',VAL='<requests name="AffirmativeActionOfficerAdHoc">\r\n<activationType>P</activationType>\r\n<ruleTemplate>DFAC.AffirmativeActionOfficer.AdHoc</ruleTemplate>\r\n<mandatoryRoute>false</mandatoryRoute>\r\n<finalApproval>false</finalApproval>\r\n</requests>\r\n' WHERE RTE_NODE_CFG_PARM_ID = '2502'
/
UPDATE KREW_RTE_NODE_CFG_PARM_T SET RTE_NODE_ID='2926',KEY_CD='activationType',VAL='P' WHERE RTE_NODE_CFG_PARM_ID = '2503'
/
UPDATE KREW_RTE_NODE_CFG_PARM_T SET RTE_NODE_ID='2926',KEY_CD='ruleTemplate',VAL='DFAC.AffirmativeActionOfficer.AdHoc' WHERE RTE_NODE_CFG_PARM_ID = '2504'
/
UPDATE KREW_RTE_NODE_CFG_PARM_T SET RTE_NODE_ID='2926',KEY_CD='mandatoryRoute',VAL='false' WHERE RTE_NODE_CFG_PARM_ID = '2505'
/
UPDATE KREW_RTE_NODE_CFG_PARM_T SET RTE_NODE_ID='2926',KEY_CD='finalApproval',VAL='false' WHERE RTE_NODE_CFG_PARM_ID = '2506'
/
UPDATE KREW_RTE_NODE_CFG_PARM_T SET RTE_NODE_ID='2926',KEY_CD='ruleSelector',VAL='Template' WHERE RTE_NODE_CFG_PARM_ID = '2507'
/
UPDATE KREW_RTE_NODE_T SET DOC_TYP_ID='3010',NM='ViceChancellorforAcademicAffairsandDeanOfFaculties',TYP='org.kuali.rice.kew.engine.node.RequestsNode',RTE_MTHD_NM='ViceChancellorforAcademicAffairsandDeanOfFaculties',FNL_APRVR_IND=0,MNDTRY_RTE_IND=0,GRP_ID='10026',RTE_MTHD_CD='FR',ACTVN_TYP='S',BRCH_PROTO_ID=null,NEXT_DOC_STAT=null,VER_NBR=4 WHERE RTE_NODE_ID = '2927'  AND VER_NBR = 3
/
UPDATE KREW_RTE_NODE_CFG_PARM_T SET RTE_NODE_ID='2927',KEY_CD='contentFragment',VAL='<requests name="ViceChancellorforAcademicAffairsandDeanOfFaculties">\r\n<activationType>S</activationType>\r\n<ruleTemplate>ViceChancellorforAcademicAffairsandDeanOfFaculties</ruleTemplate>\r\n<mandatoryRoute>false</mandatoryRoute>\r\n<finalApproval>false</finalApproval>\r\n</requests>\r\n' WHERE RTE_NODE_CFG_PARM_ID = '2508'
/
UPDATE KREW_RTE_NODE_CFG_PARM_T SET RTE_NODE_ID='2927',KEY_CD='activationType',VAL='S' WHERE RTE_NODE_CFG_PARM_ID = '2509'
/
UPDATE KREW_RTE_NODE_CFG_PARM_T SET RTE_NODE_ID='2927',KEY_CD='ruleTemplate',VAL='ViceChancellorforAcademicAffairsandDeanOfFaculties' WHERE RTE_NODE_CFG_PARM_ID = '2510'
/
UPDATE KREW_RTE_NODE_CFG_PARM_T SET RTE_NODE_ID='2927',KEY_CD='mandatoryRoute',VAL='false' WHERE RTE_NODE_CFG_PARM_ID = '2511'
/
UPDATE KREW_RTE_NODE_CFG_PARM_T SET RTE_NODE_ID='2927',KEY_CD='finalApproval',VAL='false' WHERE RTE_NODE_CFG_PARM_ID = '2512'
/
UPDATE KREW_RTE_NODE_CFG_PARM_T SET RTE_NODE_ID='2927',KEY_CD='ruleSelector',VAL='Template' WHERE RTE_NODE_CFG_PARM_ID = '2513'
/
UPDATE KREW_RTE_NODE_T SET DOC_TYP_ID='3010',NM='ViceChancellorforAcademicAffairsandDeanOfFacultiesAdHoc',TYP='org.kuali.rice.kew.engine.node.RequestsNode',RTE_MTHD_NM='DFAC.ViceChancellorforAcademicAffairsandDeanOfFaculties.AdHoc',FNL_APRVR_IND=0,MNDTRY_RTE_IND=0,GRP_ID='10026',RTE_MTHD_CD='FR',ACTVN_TYP='P',BRCH_PROTO_ID=null,NEXT_DOC_STAT=null,VER_NBR=3 WHERE RTE_NODE_ID = '2928'  AND VER_NBR = 2
/
UPDATE KREW_RTE_NODE_CFG_PARM_T SET RTE_NODE_ID='2928',KEY_CD='contentFragment',VAL='<requests name="ViceChancellorforAcademicAffairsandDeanOfFacultiesAdHoc">\r\n<activationType>P</activationType>\r\n<ruleTemplate>DFAC.ViceChancellorforAcademicAffairsandDeanOfFaculties.AdHoc</ruleTemplate>\r\n<mandatoryRoute>false</mandatoryRoute>\r\n<finalApproval>false</finalApproval>\r\n</requests>\r\n' WHERE RTE_NODE_CFG_PARM_ID = '2514'
/
UPDATE KREW_RTE_NODE_CFG_PARM_T SET RTE_NODE_ID='2928',KEY_CD='activationType',VAL='P' WHERE RTE_NODE_CFG_PARM_ID = '2515'
/
UPDATE KREW_RTE_NODE_CFG_PARM_T SET RTE_NODE_ID='2928',KEY_CD='ruleTemplate',VAL='DFAC.ViceChancellorforAcademicAffairsandDeanOfFaculties.AdHoc' WHERE RTE_NODE_CFG_PARM_ID = '2516'
/
UPDATE KREW_RTE_NODE_CFG_PARM_T SET RTE_NODE_ID='2928',KEY_CD='mandatoryRoute',VAL='false' WHERE RTE_NODE_CFG_PARM_ID = '2517'
/
UPDATE KREW_RTE_NODE_CFG_PARM_T SET RTE_NODE_ID='2928',KEY_CD='finalApproval',VAL='false' WHERE RTE_NODE_CFG_PARM_ID = '2518'
/
UPDATE KREW_RTE_NODE_CFG_PARM_T SET RTE_NODE_ID='2928',KEY_CD='ruleSelector',VAL='Template' WHERE RTE_NODE_CFG_PARM_ID = '2519'
/
UPDATE KREW_RTE_NODE_T SET DOC_TYP_ID='3010',NM='SchoolAcknowledgement',TYP='org.kuali.rice.kew.engine.node.RequestsNode',RTE_MTHD_NM='OfficeOfAffirmativeAction-SchoolAcknowledgementRouting',FNL_APRVR_IND=0,MNDTRY_RTE_IND=0,GRP_ID='10026',RTE_MTHD_CD='FR',ACTVN_TYP='S',BRCH_PROTO_ID=null,NEXT_DOC_STAT=null,VER_NBR=2 WHERE RTE_NODE_ID = '2929'  AND VER_NBR = 1
/
UPDATE KREW_RTE_NODE_CFG_PARM_T SET RTE_NODE_ID='2929',KEY_CD='contentFragment',VAL='<requests name="SchoolAcknowledgement">\r\n<activationType>S</activationType>\r\n<ruleTemplate>OfficeOfAffirmativeAction-SchoolAcknowledgementRouting</ruleTemplate>\r\n<mandatoryRoute>false</mandatoryRoute>\r\n<finalApproval>false</finalApproval>\r\n</requests>\r\n' WHERE RTE_NODE_CFG_PARM_ID = '2520'
/
UPDATE KREW_RTE_NODE_CFG_PARM_T SET RTE_NODE_ID='2929',KEY_CD='activationType',VAL='S' WHERE RTE_NODE_CFG_PARM_ID = '2521'
/
UPDATE KREW_RTE_NODE_CFG_PARM_T SET RTE_NODE_ID='2929',KEY_CD='ruleTemplate',VAL='OfficeOfAffirmativeAction-SchoolAcknowledgementRouting' WHERE RTE_NODE_CFG_PARM_ID = '2522'
/
UPDATE KREW_RTE_NODE_CFG_PARM_T SET RTE_NODE_ID='2929',KEY_CD='mandatoryRoute',VAL='false' WHERE RTE_NODE_CFG_PARM_ID = '2523'
/
UPDATE KREW_RTE_NODE_CFG_PARM_T SET RTE_NODE_ID='2929',KEY_CD='finalApproval',VAL='false' WHERE RTE_NODE_CFG_PARM_ID = '2524'
/
UPDATE KREW_RTE_NODE_CFG_PARM_T SET RTE_NODE_ID='2929',KEY_CD='ruleSelector',VAL='Template' WHERE RTE_NODE_CFG_PARM_ID = '2525'
/
UPDATE KREW_DOC_TYP_PROC_T SET DOC_TYP_ID='3010',INIT_RTE_NODE_ID='2923',NM='PRIMARY',INIT_IND=1,VER_NBR=8 WHERE DOC_TYP_PROC_ID = '2931'  AND VER_NBR = 7
/

INSERT INTO KREW_RULE_T (RULE_ID,NM,RULE_VER_NBR,RULE_TMPL_ID,RULE_EXPR_ID,ACTV_IND,RULE_BASE_VAL_DESC,FRC_ACTN,DOC_TYP_NM,DOC_HDR_ID,FRM_DT,TO_DT,DACTVN_DT,CUR_IND,TMPL_RULE_IND,PREV_VER_RULE_ID,DLGN_IND,ACTVN_DT,OBJ_ID,VER_NBR) VALUES ('1681','862491A2169408BFE0404F0A3A627BFA',0,'1665',null,1,'OAA Initiator Acknowledgment',1,'OfficeOfAffirmativeAction',null,null,null,null,1,0,null,0,TO_DATE('2013-03-29 16:15:26', 'YYYY-MM-DD HH24:MI:SS'),'1244178a-2bb3-4366-b1ec-babcd2ff37ca',1)
/
INSERT INTO KREW_RULE_RSP_T (RULE_RSP_ID,RSP_ID,RULE_ID,PRIO,ACTN_RQST_CD,NM,TYP,APPR_PLCY,OBJ_ID,VER_NBR) VALUES ('2066','2065','1681',1,'K','org.kuali.rice.kew.rule.InitiatorRoleAttribute!INITIATOR','R','F','73ea191f-4cd1-44b7-9844-8cc9a2e601e1',1)
/
INSERT INTO KREW_RULE_T (RULE_ID,NM,RULE_VER_NBR,RULE_TMPL_ID,RULE_EXPR_ID,ACTV_IND,RULE_BASE_VAL_DESC,FRC_ACTN,DOC_TYP_NM,DOC_HDR_ID,FRM_DT,TO_DT,DACTVN_DT,CUR_IND,TMPL_RULE_IND,PREV_VER_RULE_ID,DLGN_IND,ACTVN_DT,OBJ_ID,VER_NBR) VALUES ('1682','862491A217F708BFE0404F0A3A627BFA',0,'1678',null,1,'School/RC of BL-COAS for OAA eDoc Lite',0,'OfficeOfAffirmativeAction',null,null,null,null,1,0,null,0,TO_DATE('2013-03-29 16:15:26', 'YYYY-MM-DD HH24:MI:SS'),'023dfe53-4dea-4129-b6b5-d6ebfbaa8d30',1)
/
INSERT INTO KREW_RULE_RSP_T (RULE_RSP_ID,RSP_ID,RULE_ID,PRIO,ACTN_RQST_CD,NM,TYP,APPR_PLCY,OBJ_ID,VER_NBR) VALUES ('2068','2067','1682',1,'A','10032','G','F','4c4f1330-a2fe-4c2f-8494-c879782c33ad',1)
/
INSERT INTO KREW_RULE_EXT_T (RULE_EXT_ID,RULE_TMPL_ATTR_ID,RULE_ID,VER_NBR) VALUES ('1683','1680','1682',1)
/
INSERT INTO KREW_RULE_EXT_VAL_T (RULE_EXT_VAL_ID,RULE_EXT_ID,VAL,KEY_CD,VER_NBR) VALUES ('1684','1683','COAS','school',1)
/
INSERT INTO KREW_RULE_T (RULE_ID,NM,RULE_VER_NBR,RULE_TMPL_ID,RULE_EXPR_ID,ACTV_IND,RULE_BASE_VAL_DESC,FRC_ACTN,DOC_TYP_NM,DOC_HDR_ID,FRM_DT,TO_DT,DACTVN_DT,CUR_IND,TMPL_RULE_IND,PREV_VER_RULE_ID,DLGN_IND,ACTVN_DT,OBJ_ID,VER_NBR) VALUES ('1685','862491A217F808BFE0404F0A3A627BFA',0,'1678',null,1,'School/RC of BL-PSY for OAA eDoc Lite',0,'OfficeOfAffirmativeAction',null,null,null,null,1,0,null,0,TO_DATE('2013-03-29 16:15:26', 'YYYY-MM-DD HH24:MI:SS'),'c0264cf4-acee-45fa-b135-843fc42a28d2',1)
/
INSERT INTO KREW_RULE_RSP_T (RULE_RSP_ID,RSP_ID,RULE_ID,PRIO,ACTN_RQST_CD,NM,TYP,APPR_PLCY,OBJ_ID,VER_NBR) VALUES ('2070','2069','1685',1,'A','10005','G','F','0d8f1681-9bc7-4230-be84-9568d12f66db',1)
/
INSERT INTO KREW_RULE_EXT_T (RULE_EXT_ID,RULE_TMPL_ATTR_ID,RULE_ID,VER_NBR) VALUES ('1686','1680','1685',1)
/
INSERT INTO KREW_RULE_EXT_VAL_T (RULE_EXT_VAL_ID,RULE_EXT_ID,VAL,KEY_CD,VER_NBR) VALUES ('1687','1686','BUS','school',1)
/
INSERT INTO KREW_RULE_T (RULE_ID,NM,RULE_VER_NBR,RULE_TMPL_ID,RULE_EXPR_ID,ACTV_IND,RULE_BASE_VAL_DESC,FRC_ACTN,DOC_TYP_NM,DOC_HDR_ID,FRM_DT,TO_DT,DACTVN_DT,CUR_IND,TMPL_RULE_IND,PREV_VER_RULE_ID,DLGN_IND,ACTVN_DT,OBJ_ID,VER_NBR) VALUES ('1688','862491A2247A08BFE0404F0A3A627BFA',0,'1678',null,1,'School/RC of BL-CCCS for OAA eDoc Lite',0,'OfficeOfAffirmativeAction',null,null,null,null,1,0,null,0,TO_DATE('2013-03-29 16:15:26', 'YYYY-MM-DD HH24:MI:SS'),'ac1b5409-1dca-4acc-8353-8a3b1a889802',1)
/
INSERT INTO KREW_RULE_RSP_T (RULE_RSP_ID,RSP_ID,RULE_ID,PRIO,ACTN_RQST_CD,NM,TYP,APPR_PLCY,OBJ_ID,VER_NBR) VALUES ('2072','2071','1688',1,'A','10012','G','F','c5acfec2-5009-4d48-9ca2-b9834abb9184',1)
/
INSERT INTO KREW_RULE_EXT_T (RULE_EXT_ID,RULE_TMPL_ATTR_ID,RULE_ID,VER_NBR) VALUES ('1689','1679','1688',1)
/
INSERT INTO KREW_RULE_EXT_VAL_T (RULE_EXT_VAL_ID,RULE_EXT_ID,VAL,KEY_CD,VER_NBR) VALUES ('1690','1689','BL','campus',1)
/
INSERT INTO KREW_RULE_EXT_T (RULE_EXT_ID,RULE_TMPL_ATTR_ID,RULE_ID,VER_NBR) VALUES ('1691','1680','1688',1)
/
INSERT INTO KREW_RULE_EXT_VAL_T (RULE_EXT_VAL_ID,RULE_EXT_ID,VAL,KEY_CD,VER_NBR) VALUES ('1692','1691','CCCS-BL','school',1)
/
INSERT INTO KREW_RULE_T (RULE_ID,NM,RULE_VER_NBR,RULE_TMPL_ID,RULE_EXPR_ID,ACTV_IND,RULE_BASE_VAL_DESC,FRC_ACTN,DOC_TYP_NM,DOC_HDR_ID,FRM_DT,TO_DT,DACTVN_DT,CUR_IND,TMPL_RULE_IND,PREV_VER_RULE_ID,DLGN_IND,ACTVN_DT,OBJ_ID,VER_NBR) VALUES ('1693','862491A2169808BFE0404F0A3A627BFA',0,'1672',null,1,'send acknowledgment to school BL-BUS',1,'OfficeOfAffirmativeAction',null,null,null,null,1,0,null,0,TO_DATE('2013-03-29 16:15:26', 'YYYY-MM-DD HH24:MI:SS'),'0446e194-8175-4ac4-a836-996723a6d5d2',1)
/
INSERT INTO KREW_RULE_RSP_T (RULE_RSP_ID,RSP_ID,RULE_ID,PRIO,ACTN_RQST_CD,NM,TYP,APPR_PLCY,OBJ_ID,VER_NBR) VALUES ('2074','2073','1693',1,'K','10006','G','F','221c77c5-b943-44f6-ab48-3d59116962f7',1)
/
INSERT INTO KREW_RULE_EXT_T (RULE_EXT_ID,RULE_TMPL_ATTR_ID,RULE_ID,VER_NBR) VALUES ('1694','1673','1693',1)
/
INSERT INTO KREW_RULE_EXT_VAL_T (RULE_EXT_VAL_ID,RULE_EXT_ID,VAL,KEY_CD,VER_NBR) VALUES ('1695','1694','BL','campus',1)
/
INSERT INTO KREW_RULE_EXT_T (RULE_EXT_ID,RULE_TMPL_ATTR_ID,RULE_ID,VER_NBR) VALUES ('1696','1674','1693',1)
/
INSERT INTO KREW_RULE_EXT_VAL_T (RULE_EXT_VAL_ID,RULE_EXT_ID,VAL,KEY_CD,VER_NBR) VALUES ('1697','1696','BUS-BL','school',1)
/
INSERT INTO KREW_RULE_T (RULE_ID,NM,RULE_VER_NBR,RULE_TMPL_ID,RULE_EXPR_ID,ACTV_IND,RULE_BASE_VAL_DESC,FRC_ACTN,DOC_TYP_NM,DOC_HDR_ID,FRM_DT,TO_DT,DACTVN_DT,CUR_IND,TMPL_RULE_IND,PREV_VER_RULE_ID,DLGN_IND,ACTVN_DT,OBJ_ID,VER_NBR) VALUES ('1698','862491A2291408BFE0404F0A3A627BFA',0,'1672',null,1,'send acknowledgment to school BL-SCS',1,'OfficeOfAffirmativeAction',null,null,null,null,1,0,null,0,TO_DATE('2013-03-29 16:15:26', 'YYYY-MM-DD HH24:MI:SS'),'53123319-554b-418e-ba0e-98eb1f7459ab',1)
/
INSERT INTO KREW_RULE_RSP_T (RULE_RSP_ID,RSP_ID,RULE_ID,PRIO,ACTN_RQST_CD,NM,TYP,APPR_PLCY,OBJ_ID,VER_NBR) VALUES ('2076','2075','1698',1,'K','10011','G','F','5ef4be11-007a-402d-9b1b-ad9158360d07',1)
/
INSERT INTO KREW_RULE_EXT_T (RULE_EXT_ID,RULE_TMPL_ATTR_ID,RULE_ID,VER_NBR) VALUES ('1699','1673','1698',1)
/
INSERT INTO KREW_RULE_EXT_VAL_T (RULE_EXT_VAL_ID,RULE_EXT_ID,VAL,KEY_CD,VER_NBR) VALUES ('1700','1699','BL','campus',1)
/
INSERT INTO KREW_RULE_EXT_T (RULE_EXT_ID,RULE_TMPL_ATTR_ID,RULE_ID,VER_NBR) VALUES ('1701','1674','1698',1)
/
INSERT INTO KREW_RULE_EXT_VAL_T (RULE_EXT_VAL_ID,RULE_EXT_ID,VAL,KEY_CD,VER_NBR) VALUES ('1702','1701','SCS-BL','school',1)
/
INSERT INTO KREW_RULE_T (RULE_ID,NM,RULE_VER_NBR,RULE_TMPL_ID,RULE_EXPR_ID,ACTV_IND,RULE_BASE_VAL_DESC,FRC_ACTN,DOC_TYP_NM,DOC_HDR_ID,FRM_DT,TO_DT,DACTVN_DT,CUR_IND,TMPL_RULE_IND,PREV_VER_RULE_ID,DLGN_IND,ACTVN_DT,OBJ_ID,VER_NBR) VALUES ('1703','862491A2169308BFE0404F0A3A627BFA',0,'1675',null,1,'Bloomington Academic Affairs Approval',1,'OfficeOfAffirmativeAction',null,null,null,null,1,0,null,0,TO_DATE('2013-03-29 16:15:26', 'YYYY-MM-DD HH24:MI:SS'),'38208329-fd58-4cfd-b390-220c73285e53',1)
/
INSERT INTO KREW_RULE_RSP_T (RULE_RSP_ID,RSP_ID,RULE_ID,PRIO,ACTN_RQST_CD,NM,TYP,APPR_PLCY,OBJ_ID,VER_NBR) VALUES ('2078','2077','1703',1,'A','10001','G','F','f1016e25-c848-437f-842e-d8b878307608',1)
/
INSERT INTO KREW_RULE_EXT_T (RULE_EXT_ID,RULE_TMPL_ATTR_ID,RULE_ID,VER_NBR) VALUES ('1704','1676','1703',1)
/
INSERT INTO KREW_RULE_EXT_VAL_T (RULE_EXT_VAL_ID,RULE_EXT_ID,VAL,KEY_CD,VER_NBR) VALUES ('1705','1704','BL','campus',1)
/
INSERT INTO KREW_RULE_T (RULE_ID,NM,RULE_VER_NBR,RULE_TMPL_ID,RULE_EXPR_ID,ACTV_IND,RULE_BASE_VAL_DESC,FRC_ACTN,DOC_TYP_NM,DOC_HDR_ID,FRM_DT,TO_DT,DACTVN_DT,CUR_IND,TMPL_RULE_IND,PREV_VER_RULE_ID,DLGN_IND,ACTVN_DT,OBJ_ID,VER_NBR) VALUES ('1706','7EC9145F-BF44-7B6F-740D-EDD509199054',0,'1672',null,1,'send acknowledgment to school NW-CHHS',0,'OfficeOfAffirmativeAction',null,null,null,null,1,0,null,0,TO_DATE('2013-03-29 16:15:26', 'YYYY-MM-DD HH24:MI:SS'),'aa926116-c98d-41f4-be47-98c16c8b030c',1)
/
INSERT INTO KREW_RULE_RSP_T (RULE_RSP_ID,RSP_ID,RULE_ID,PRIO,ACTN_RQST_CD,NM,TYP,APPR_PLCY,OBJ_ID,VER_NBR) VALUES ('2080','2079','1706',1,'K','10039','G','F','13829d47-db9c-4373-8a38-4d6d77cac1ef',1)
/
INSERT INTO KREW_RULE_EXT_T (RULE_EXT_ID,RULE_TMPL_ATTR_ID,RULE_ID,VER_NBR) VALUES ('1707','1673','1706',1)
/
INSERT INTO KREW_RULE_EXT_VAL_T (RULE_EXT_VAL_ID,RULE_EXT_ID,VAL,KEY_CD,VER_NBR) VALUES ('1708','1707','NW','campus',1)
/
INSERT INTO KREW_RULE_EXT_T (RULE_EXT_ID,RULE_TMPL_ATTR_ID,RULE_ID,VER_NBR) VALUES ('1709','1674','1706',1)
/
INSERT INTO KREW_RULE_EXT_VAL_T (RULE_EXT_VAL_ID,RULE_EXT_ID,VAL,KEY_CD,VER_NBR) VALUES ('1710','1709','CHHS-NW','school',1)
/
INSERT INTO KREW_RULE_T (RULE_ID,NM,RULE_VER_NBR,RULE_TMPL_ID,RULE_EXPR_ID,ACTV_IND,RULE_BASE_VAL_DESC,FRC_ACTN,DOC_TYP_NM,DOC_HDR_ID,FRM_DT,TO_DT,DACTVN_DT,CUR_IND,TMPL_RULE_IND,PREV_VER_RULE_ID,DLGN_IND,ACTVN_DT,OBJ_ID,VER_NBR) VALUES ('1711','3BB42730-D7D5-665C-418F-23B03A4B6CB7',0,'1672',null,1,'send acknowledgment to school NW-SOBE',0,'OfficeOfAffirmativeAction',null,null,null,null,1,0,null,0,TO_DATE('2013-03-29 16:15:26', 'YYYY-MM-DD HH24:MI:SS'),'e39ae17e-ba3a-4d67-8501-3302e89712fa',1)
/
INSERT INTO KREW_RULE_RSP_T (RULE_RSP_ID,RSP_ID,RULE_ID,PRIO,ACTN_RQST_CD,NM,TYP,APPR_PLCY,OBJ_ID,VER_NBR) VALUES ('2082','2081','1711',1,'K','10042','G','F','b6c3f7d7-d47a-4bbf-9bee-c30e1363f4f3',1)
/
INSERT INTO KREW_RULE_EXT_T (RULE_EXT_ID,RULE_TMPL_ATTR_ID,RULE_ID,VER_NBR) VALUES ('1712','1673','1711',1)
/
INSERT INTO KREW_RULE_EXT_VAL_T (RULE_EXT_VAL_ID,RULE_EXT_ID,VAL,KEY_CD,VER_NBR) VALUES ('1713','1712','NW','campus',1)
/
INSERT INTO KREW_RULE_EXT_T (RULE_EXT_ID,RULE_TMPL_ATTR_ID,RULE_ID,VER_NBR) VALUES ('1714','1674','1711',1)
/
INSERT INTO KREW_RULE_EXT_VAL_T (RULE_EXT_VAL_ID,RULE_EXT_ID,VAL,KEY_CD,VER_NBR) VALUES ('1715','1714','SOBE-NW','school',1)
/
INSERT INTO KREW_RULE_T (RULE_ID,NM,RULE_VER_NBR,RULE_TMPL_ID,RULE_EXPR_ID,ACTV_IND,RULE_BASE_VAL_DESC,FRC_ACTN,DOC_TYP_NM,DOC_HDR_ID,FRM_DT,TO_DT,DACTVN_DT,CUR_IND,TMPL_RULE_IND,PREV_VER_RULE_ID,DLGN_IND,ACTVN_DT,OBJ_ID,VER_NBR) VALUES ('1716','B5EAF003-38F5-82BF-FC91-7C81E2BB0260',0,'1672',null,1,'send acknowledgment to school NW-SOE',0,'OfficeOfAffirmativeAction',null,null,null,null,1,0,null,0,TO_DATE('2013-03-29 16:15:26', 'YYYY-MM-DD HH24:MI:SS'),'e254291f-4d91-4438-b2ba-f5bfbef104bb',1)
/
INSERT INTO KREW_RULE_RSP_T (RULE_RSP_ID,RSP_ID,RULE_ID,PRIO,ACTN_RQST_CD,NM,TYP,APPR_PLCY,OBJ_ID,VER_NBR) VALUES ('2084','2083','1716',1,'K','10037','G','F','9040590c-f813-49b2-9565-c822c920b8f0',1)
/
INSERT INTO KREW_RULE_EXT_T (RULE_EXT_ID,RULE_TMPL_ATTR_ID,RULE_ID,VER_NBR) VALUES ('1717','1673','1716',1)
/
INSERT INTO KREW_RULE_EXT_VAL_T (RULE_EXT_VAL_ID,RULE_EXT_ID,VAL,KEY_CD,VER_NBR) VALUES ('1718','1717','NW','campus',1)
/
INSERT INTO KREW_RULE_EXT_T (RULE_EXT_ID,RULE_TMPL_ATTR_ID,RULE_ID,VER_NBR) VALUES ('1719','1674','1716',1)
/
INSERT INTO KREW_RULE_EXT_VAL_T (RULE_EXT_VAL_ID,RULE_EXT_ID,VAL,KEY_CD,VER_NBR) VALUES ('1720','1719','SOE-NW','school',1)
/
INSERT INTO KREW_RULE_T (RULE_ID,NM,RULE_VER_NBR,RULE_TMPL_ID,RULE_EXPR_ID,ACTV_IND,RULE_BASE_VAL_DESC,FRC_ACTN,DOC_TYP_NM,DOC_HDR_ID,FRM_DT,TO_DT,DACTVN_DT,CUR_IND,TMPL_RULE_IND,PREV_VER_RULE_ID,DLGN_IND,ACTVN_DT,OBJ_ID,VER_NBR) VALUES ('1721','3559F303-BF15-C431-9FAB-A34D934661C2',0,'1672',null,1,'School Ack for all of IN',0,'OfficeOfAffirmativeAction',null,null,null,null,1,0,null,0,TO_DATE('2013-03-29 16:15:26', 'YYYY-MM-DD HH24:MI:SS'),'e53c29be-12df-4db2-b59d-f7c72d640c3f',1)
/
INSERT INTO KREW_RULE_RSP_T (RULE_RSP_ID,RSP_ID,RULE_ID,PRIO,ACTN_RQST_CD,NM,TYP,APPR_PLCY,OBJ_ID,VER_NBR) VALUES ('2086','2085','1721',1,'K','10040','G','F','63f3201a-bbc1-427f-987f-9697e39fb5db',1)
/
INSERT INTO KREW_RULE_EXT_T (RULE_EXT_ID,RULE_TMPL_ATTR_ID,RULE_ID,VER_NBR) VALUES ('1722','1673','1721',1)
/
INSERT INTO KREW_RULE_EXT_VAL_T (RULE_EXT_VAL_ID,RULE_EXT_ID,VAL,KEY_CD,VER_NBR) VALUES ('1723','1722','IN','campus',1)
/
INSERT INTO KREW_RULE_T (RULE_ID,NM,RULE_VER_NBR,RULE_TMPL_ID,RULE_EXPR_ID,ACTV_IND,RULE_BASE_VAL_DESC,FRC_ACTN,DOC_TYP_NM,DOC_HDR_ID,FRM_DT,TO_DT,DACTVN_DT,CUR_IND,TMPL_RULE_IND,PREV_VER_RULE_ID,DLGN_IND,ACTVN_DT,OBJ_ID,VER_NBR) VALUES ('1724','862491A2180808BFE0404F0A3A627BFA',0,'1678',null,1,'School/RC of Bl-ASDV for OAA eDoc Lite',0,'OfficeOfAffirmativeAction',null,null,null,null,1,0,null,0,TO_DATE('2013-03-29 16:15:26', 'YYYY-MM-DD HH24:MI:SS'),'656aef17-f92b-4dce-bfb0-2e532da3cfee',1)
/
INSERT INTO KREW_RULE_RSP_T (RULE_RSP_ID,RSP_ID,RULE_ID,PRIO,ACTN_RQST_CD,NM,TYP,APPR_PLCY,OBJ_ID,VER_NBR) VALUES ('2088','2087','1724',1,'A','10009','G','F','8f360f70-6bb4-4e0d-af49-d78ba0fa4fef',1)
/
INSERT INTO KREW_RULE_EXT_T (RULE_EXT_ID,RULE_TMPL_ATTR_ID,RULE_ID,VER_NBR) VALUES ('1725','1679','1724',1)
/
INSERT INTO KREW_RULE_EXT_VAL_T (RULE_EXT_VAL_ID,RULE_EXT_ID,VAL,KEY_CD,VER_NBR) VALUES ('1726','1725','BL','campus',1)
/
INSERT INTO KREW_RULE_EXT_T (RULE_EXT_ID,RULE_TMPL_ATTR_ID,RULE_ID,VER_NBR) VALUES ('1727','1680','1724',1)
/
INSERT INTO KREW_RULE_EXT_VAL_T (RULE_EXT_VAL_ID,RULE_EXT_ID,VAL,KEY_CD,VER_NBR) VALUES ('1728','1727','ASDV-BL','school',1)
/
INSERT INTO KREW_RULE_T (RULE_ID,NM,RULE_VER_NBR,RULE_TMPL_ID,RULE_EXPR_ID,ACTV_IND,RULE_BASE_VAL_DESC,FRC_ACTN,DOC_TYP_NM,DOC_HDR_ID,FRM_DT,TO_DT,DACTVN_DT,CUR_IND,TMPL_RULE_IND,PREV_VER_RULE_ID,DLGN_IND,ACTVN_DT,OBJ_ID,VER_NBR) VALUES ('1729','862491A2180D08BFE0404F0A3A627BFA',0,'1678',null,1,'School/RC of Bl-LAWS for OAA eDoc Lite',0,'OfficeOfAffirmativeAction',null,null,null,null,1,0,null,0,TO_DATE('2013-03-29 16:15:26', 'YYYY-MM-DD HH24:MI:SS'),'03a6563e-23fe-4fbd-9340-688dd4dc97d8',1)
/
INSERT INTO KREW_RULE_RSP_T (RULE_RSP_ID,RSP_ID,RULE_ID,PRIO,ACTN_RQST_CD,NM,TYP,APPR_PLCY,OBJ_ID,VER_NBR) VALUES ('2090','2089','1729',1,'A','10022','G','F','b09f256c-ab68-4c26-a748-188e12c64abf',1)
/
INSERT INTO KREW_RULE_EXT_T (RULE_EXT_ID,RULE_TMPL_ATTR_ID,RULE_ID,VER_NBR) VALUES ('1730','1679','1729',1)
/
INSERT INTO KREW_RULE_EXT_VAL_T (RULE_EXT_VAL_ID,RULE_EXT_ID,VAL,KEY_CD,VER_NBR) VALUES ('1731','1730','BL','campus',1)
/
INSERT INTO KREW_RULE_EXT_T (RULE_EXT_ID,RULE_TMPL_ATTR_ID,RULE_ID,VER_NBR) VALUES ('1732','1680','1729',1)
/
INSERT INTO KREW_RULE_EXT_VAL_T (RULE_EXT_VAL_ID,RULE_EXT_ID,VAL,KEY_CD,VER_NBR) VALUES ('1733','1732','LAWS-BL','school',1)
/
INSERT INTO KREW_RULE_T (RULE_ID,NM,RULE_VER_NBR,RULE_TMPL_ID,RULE_EXPR_ID,ACTV_IND,RULE_BASE_VAL_DESC,FRC_ACTN,DOC_TYP_NM,DOC_HDR_ID,FRM_DT,TO_DT,DACTVN_DT,CUR_IND,TMPL_RULE_IND,PREV_VER_RULE_ID,DLGN_IND,ACTVN_DT,OBJ_ID,VER_NBR) VALUES ('1734','A3E69816-F399-B077-CF54-30B078DCFE5E',0,'1669',null,1,'OAA Approval for all of IN',0,'OfficeOfAffirmativeAction',null,null,null,null,1,0,null,0,TO_DATE('2013-03-29 16:15:26', 'YYYY-MM-DD HH24:MI:SS'),'2257242e-5052-4f70-a25d-b01441fcb01f',1)
/
INSERT INTO KREW_RULE_RSP_T (RULE_RSP_ID,RSP_ID,RULE_ID,PRIO,ACTN_RQST_CD,NM,TYP,APPR_PLCY,OBJ_ID,VER_NBR) VALUES ('2092','2091','1734',1,'A','10040','G','F','321b346f-e70d-42de-9b6d-8c074cb679cc',1)
/
INSERT INTO KREW_RULE_EXT_T (RULE_EXT_ID,RULE_TMPL_ATTR_ID,RULE_ID,VER_NBR) VALUES ('1735','1670','1734',1)
/
INSERT INTO KREW_RULE_EXT_VAL_T (RULE_EXT_VAL_ID,RULE_EXT_ID,VAL,KEY_CD,VER_NBR) VALUES ('1736','1735','IN','campus',1)
/
INSERT INTO KREW_RULE_T (RULE_ID,NM,RULE_VER_NBR,RULE_TMPL_ID,RULE_EXPR_ID,ACTV_IND,RULE_BASE_VAL_DESC,FRC_ACTN,DOC_TYP_NM,DOC_HDR_ID,FRM_DT,TO_DT,DACTVN_DT,CUR_IND,TMPL_RULE_IND,PREV_VER_RULE_ID,DLGN_IND,ACTVN_DT,OBJ_ID,VER_NBR) VALUES ('1737','884987E3-775A-7993-CF37-1D73514103D7',0,'1675',null,1,'Academic Affairs approval for all of iN',0,'OfficeOfAffirmativeAction',null,null,null,null,1,0,null,0,TO_DATE('2013-03-29 16:15:26', 'YYYY-MM-DD HH24:MI:SS'),'67ece30c-e78a-4914-a0ba-93a39a1745a6',1)
/
INSERT INTO KREW_RULE_RSP_T (RULE_RSP_ID,RSP_ID,RULE_ID,PRIO,ACTN_RQST_CD,NM,TYP,APPR_PLCY,OBJ_ID,VER_NBR) VALUES ('2094','2093','1737',1,'A','10040','G','F','0bd15df3-ba18-47ce-9ff7-3d3f2ac8a9ba',1)
/
INSERT INTO KREW_RULE_EXT_T (RULE_EXT_ID,RULE_TMPL_ATTR_ID,RULE_ID,VER_NBR) VALUES ('1738','1676','1737',1)
/
INSERT INTO KREW_RULE_EXT_VAL_T (RULE_EXT_VAL_ID,RULE_EXT_ID,VAL,KEY_CD,VER_NBR) VALUES ('1739','1738','IN','campus',1)
/
INSERT INTO KREW_RULE_T (RULE_ID,NM,RULE_VER_NBR,RULE_TMPL_ID,RULE_EXPR_ID,ACTV_IND,RULE_BASE_VAL_DESC,FRC_ACTN,DOC_TYP_NM,DOC_HDR_ID,FRM_DT,TO_DT,DACTVN_DT,CUR_IND,TMPL_RULE_IND,PREV_VER_RULE_ID,DLGN_IND,ACTVN_DT,OBJ_ID,VER_NBR) VALUES ('1740','862491A2169608BFE0404F0A3A627BFA',0,'1672',null,1,'send acknowledgment to school BL-EDUC',1,'OfficeOfAffirmativeAction',null,null,null,null,1,0,null,0,TO_DATE('2013-03-29 16:15:26', 'YYYY-MM-DD HH24:MI:SS'),'d9f50ec4-7d24-4ce5-8c51-9ac107008785',1)
/
INSERT INTO KREW_RULE_RSP_T (RULE_RSP_ID,RSP_ID,RULE_ID,PRIO,ACTN_RQST_CD,NM,TYP,APPR_PLCY,OBJ_ID,VER_NBR) VALUES ('2096','2095','1740',1,'K','10007','G','F','0c9189c2-883b-46b9-8e62-77e565730804',1)
/
INSERT INTO KREW_RULE_EXT_T (RULE_EXT_ID,RULE_TMPL_ATTR_ID,RULE_ID,VER_NBR) VALUES ('1741','1673','1740',1)
/
INSERT INTO KREW_RULE_EXT_VAL_T (RULE_EXT_VAL_ID,RULE_EXT_ID,VAL,KEY_CD,VER_NBR) VALUES ('1742','1741','BL','campus',1)
/
INSERT INTO KREW_RULE_EXT_T (RULE_EXT_ID,RULE_TMPL_ATTR_ID,RULE_ID,VER_NBR) VALUES ('1743','1674','1740',1)
/
INSERT INTO KREW_RULE_EXT_VAL_T (RULE_EXT_VAL_ID,RULE_EXT_ID,VAL,KEY_CD,VER_NBR) VALUES ('1744','1743','EDUC-BL','school',1)
/
INSERT INTO KREW_RULE_T (RULE_ID,NM,RULE_VER_NBR,RULE_TMPL_ID,RULE_EXPR_ID,ACTV_IND,RULE_BASE_VAL_DESC,FRC_ACTN,DOC_TYP_NM,DOC_HDR_ID,FRM_DT,TO_DT,DACTVN_DT,CUR_IND,TMPL_RULE_IND,PREV_VER_RULE_ID,DLGN_IND,ACTVN_DT,OBJ_ID,VER_NBR) VALUES ('1745','EF6D4DD0-DCD4-AD96-36BD-549147703CDE',0,'1678',null,1,'School/RC of NW-COAS for OAA eDoc Lite',0,'OfficeOfAffirmativeAction',null,null,null,null,1,0,null,0,TO_DATE('2013-03-29 16:15:26', 'YYYY-MM-DD HH24:MI:SS'),'92c96b85-4b43-45dd-bf28-a110ed7a2010',1)
/
INSERT INTO KREW_RULE_RSP_T (RULE_RSP_ID,RSP_ID,RULE_ID,PRIO,ACTN_RQST_CD,NM,TYP,APPR_PLCY,OBJ_ID,VER_NBR) VALUES ('2098','2097','1745',1,'A','10036','G','F','dc6a5bb5-ddba-45ec-8ba6-0ff0527f2079',1)
/
INSERT INTO KREW_RULE_EXT_T (RULE_EXT_ID,RULE_TMPL_ATTR_ID,RULE_ID,VER_NBR) VALUES ('1746','1679','1745',1)
/
INSERT INTO KREW_RULE_EXT_VAL_T (RULE_EXT_VAL_ID,RULE_EXT_ID,VAL,KEY_CD,VER_NBR) VALUES ('1747','1746','NW','campus',1)
/
INSERT INTO KREW_RULE_EXT_T (RULE_EXT_ID,RULE_TMPL_ATTR_ID,RULE_ID,VER_NBR) VALUES ('1748','1680','1745',1)
/
INSERT INTO KREW_RULE_EXT_VAL_T (RULE_EXT_VAL_ID,RULE_EXT_ID,VAL,KEY_CD,VER_NBR) VALUES ('1749','1748','COAS-NW','school',1)
/
INSERT INTO KREW_RULE_T (RULE_ID,NM,RULE_VER_NBR,RULE_TMPL_ID,RULE_EXPR_ID,ACTV_IND,RULE_BASE_VAL_DESC,FRC_ACTN,DOC_TYP_NM,DOC_HDR_ID,FRM_DT,TO_DT,DACTVN_DT,CUR_IND,TMPL_RULE_IND,PREV_VER_RULE_ID,DLGN_IND,ACTVN_DT,OBJ_ID,VER_NBR) VALUES ('1750','1E63B65E-DB98-DF92-164D-89D117E54D1C',0,'1678',null,1,'School/RC of NW-SOBE for OAA eDoc Lite',0,'OfficeOfAffirmativeAction',null,null,null,null,1,0,null,0,TO_DATE('2013-03-29 16:15:26', 'YYYY-MM-DD HH24:MI:SS'),'14bf513b-2f07-4fab-946b-c212df3a4a56',1)
/
INSERT INTO KREW_RULE_RSP_T (RULE_RSP_ID,RSP_ID,RULE_ID,PRIO,ACTN_RQST_CD,NM,TYP,APPR_PLCY,OBJ_ID,VER_NBR) VALUES ('2100','2099','1750',1,'A','10042','G','F','a4105e96-afd9-44a6-999d-b1d028e50af3',1)
/
INSERT INTO KREW_RULE_EXT_T (RULE_EXT_ID,RULE_TMPL_ATTR_ID,RULE_ID,VER_NBR) VALUES ('1751','1679','1750',1)
/
INSERT INTO KREW_RULE_EXT_VAL_T (RULE_EXT_VAL_ID,RULE_EXT_ID,VAL,KEY_CD,VER_NBR) VALUES ('1752','1751','NW','campus',1)
/
INSERT INTO KREW_RULE_EXT_T (RULE_EXT_ID,RULE_TMPL_ATTR_ID,RULE_ID,VER_NBR) VALUES ('1753','1680','1750',1)
/
INSERT INTO KREW_RULE_EXT_VAL_T (RULE_EXT_VAL_ID,RULE_EXT_ID,VAL,KEY_CD,VER_NBR) VALUES ('1754','1753','SOBE-NW','school',1)
/
INSERT INTO KREW_RULE_T (RULE_ID,NM,RULE_VER_NBR,RULE_TMPL_ID,RULE_EXPR_ID,ACTV_IND,RULE_BASE_VAL_DESC,FRC_ACTN,DOC_TYP_NM,DOC_HDR_ID,FRM_DT,TO_DT,DACTVN_DT,CUR_IND,TMPL_RULE_IND,PREV_VER_RULE_ID,DLGN_IND,ACTVN_DT,OBJ_ID,VER_NBR) VALUES ('1755','F083ED13-93D6-62EC-4371-DE9F8CE3D53B',0,'1672',null,1,'send acknowledgment to school NW-COAS',0,'OfficeOfAffirmativeAction',null,null,null,null,1,0,null,0,TO_DATE('2013-03-29 16:15:26', 'YYYY-MM-DD HH24:MI:SS'),'c12e9ccd-28bd-4532-a51e-97a60da9426f',1)
/
INSERT INTO KREW_RULE_RSP_T (RULE_RSP_ID,RSP_ID,RULE_ID,PRIO,ACTN_RQST_CD,NM,TYP,APPR_PLCY,OBJ_ID,VER_NBR) VALUES ('2102','2101','1755',1,'K','10036','G','F','8f14411c-18c4-4271-ae37-1b9c6cb072e3',1)
/
INSERT INTO KREW_RULE_EXT_T (RULE_EXT_ID,RULE_TMPL_ATTR_ID,RULE_ID,VER_NBR) VALUES ('1756','1673','1755',1)
/
INSERT INTO KREW_RULE_EXT_VAL_T (RULE_EXT_VAL_ID,RULE_EXT_ID,VAL,KEY_CD,VER_NBR) VALUES ('1757','1756','NW','campus',1)
/
INSERT INTO KREW_RULE_EXT_T (RULE_EXT_ID,RULE_TMPL_ATTR_ID,RULE_ID,VER_NBR) VALUES ('1758','1674','1755',1)
/
INSERT INTO KREW_RULE_EXT_VAL_T (RULE_EXT_VAL_ID,RULE_EXT_ID,VAL,KEY_CD,VER_NBR) VALUES ('1759','1758','COAS-NW','school',1)
/
INSERT INTO KREW_RULE_T (RULE_ID,NM,RULE_VER_NBR,RULE_TMPL_ID,RULE_EXPR_ID,ACTV_IND,RULE_BASE_VAL_DESC,FRC_ACTN,DOC_TYP_NM,DOC_HDR_ID,FRM_DT,TO_DT,DACTVN_DT,CUR_IND,TMPL_RULE_IND,PREV_VER_RULE_ID,DLGN_IND,ACTVN_DT,OBJ_ID,VER_NBR) VALUES ('1760','862491A2557808BFE0404F0A3A627BFA',0,'1678',null,1,'School/RC of Bl-OPT for OAA eDoc Lite',0,'OfficeOfAffirmativeAction',null,null,null,null,1,0,null,0,TO_DATE('2013-03-29 16:15:26', 'YYYY-MM-DD HH24:MI:SS'),'ab1aaa18-200e-4b9d-8d47-4a2ff28ba9a7',1)
/
INSERT INTO KREW_RULE_RSP_T (RULE_RSP_ID,RSP_ID,RULE_ID,PRIO,ACTN_RQST_CD,NM,TYP,APPR_PLCY,OBJ_ID,VER_NBR) VALUES ('2104','2103','1760',1,'A','10019','G','F','65311ec0-41a1-49fa-bc58-900a039fb69f',1)
/
INSERT INTO KREW_RULE_EXT_T (RULE_EXT_ID,RULE_TMPL_ATTR_ID,RULE_ID,VER_NBR) VALUES ('1761','1679','1760',1)
/
INSERT INTO KREW_RULE_EXT_VAL_T (RULE_EXT_VAL_ID,RULE_EXT_ID,VAL,KEY_CD,VER_NBR) VALUES ('1762','1761','BL','campus',1)
/
INSERT INTO KREW_RULE_EXT_T (RULE_EXT_ID,RULE_TMPL_ATTR_ID,RULE_ID,VER_NBR) VALUES ('1763','1680','1760',1)
/
INSERT INTO KREW_RULE_EXT_VAL_T (RULE_EXT_VAL_ID,RULE_EXT_ID,VAL,KEY_CD,VER_NBR) VALUES ('1764','1763','OPT-BL','school',1)
/
INSERT INTO KREW_RULE_T (RULE_ID,NM,RULE_VER_NBR,RULE_TMPL_ID,RULE_EXPR_ID,ACTV_IND,RULE_BASE_VAL_DESC,FRC_ACTN,DOC_TYP_NM,DOC_HDR_ID,FRM_DT,TO_DT,DACTVN_DT,CUR_IND,TMPL_RULE_IND,PREV_VER_RULE_ID,DLGN_IND,ACTVN_DT,OBJ_ID,VER_NBR) VALUES ('1765','862491A2291308BFE0404F0A3A627BFA',0,'1678',null,1,'School/RC of Bl-SCS for OAA eDoc Lite',0,'OfficeOfAffirmativeAction',null,null,null,null,1,0,null,0,TO_DATE('2013-03-29 16:15:26', 'YYYY-MM-DD HH24:MI:SS'),'3a6fc389-6f1c-40cd-b5fb-8f05602fc34f',1)
/
INSERT INTO KREW_RULE_RSP_T (RULE_RSP_ID,RSP_ID,RULE_ID,PRIO,ACTN_RQST_CD,NM,TYP,APPR_PLCY,OBJ_ID,VER_NBR) VALUES ('2106','2105','1765',1,'A','10011','G','F','9980b49e-dc3c-4345-a19f-f0fb88dc863e',1)
/
INSERT INTO KREW_RULE_EXT_T (RULE_EXT_ID,RULE_TMPL_ATTR_ID,RULE_ID,VER_NBR) VALUES ('1766','1679','1765',1)
/
INSERT INTO KREW_RULE_EXT_VAL_T (RULE_EXT_VAL_ID,RULE_EXT_ID,VAL,KEY_CD,VER_NBR) VALUES ('1767','1766','BL','campus',1)
/
INSERT INTO KREW_RULE_EXT_T (RULE_EXT_ID,RULE_TMPL_ATTR_ID,RULE_ID,VER_NBR) VALUES ('1768','1680','1765',1)
/
INSERT INTO KREW_RULE_EXT_VAL_T (RULE_EXT_VAL_ID,RULE_EXT_ID,VAL,KEY_CD,VER_NBR) VALUES ('1769','1768','SCS-BL','school',1)
/
INSERT INTO KREW_RULE_T (RULE_ID,NM,RULE_VER_NBR,RULE_TMPL_ID,RULE_EXPR_ID,ACTV_IND,RULE_BASE_VAL_DESC,FRC_ACTN,DOC_TYP_NM,DOC_HDR_ID,FRM_DT,TO_DT,DACTVN_DT,CUR_IND,TMPL_RULE_IND,PREV_VER_RULE_ID,DLGN_IND,ACTVN_DT,OBJ_ID,VER_NBR) VALUES ('1770','862491A2180F08BFE0404F0A3A627BFA',0,'1678',null,1,'School/RC of Bl-MUS for OAA eDoc Lite',0,'OfficeOfAffirmativeAction',null,null,null,null,1,0,null,0,TO_DATE('2013-03-29 16:15:26', 'YYYY-MM-DD HH24:MI:SS'),'22253bbd-e45c-4a2b-ba73-42f55776245b',1)
/
INSERT INTO KREW_RULE_RSP_T (RULE_RSP_ID,RSP_ID,RULE_ID,PRIO,ACTN_RQST_CD,NM,TYP,APPR_PLCY,OBJ_ID,VER_NBR) VALUES ('2108','2107','1770',1,'A','10020','G','F','82056b5a-f425-4ea9-b542-eabb857d4bb6',1)
/
INSERT INTO KREW_RULE_EXT_T (RULE_EXT_ID,RULE_TMPL_ATTR_ID,RULE_ID,VER_NBR) VALUES ('1771','1679','1770',1)
/
INSERT INTO KREW_RULE_EXT_VAL_T (RULE_EXT_VAL_ID,RULE_EXT_ID,VAL,KEY_CD,VER_NBR) VALUES ('1772','1771','BL','campus',1)
/
INSERT INTO KREW_RULE_EXT_T (RULE_EXT_ID,RULE_TMPL_ATTR_ID,RULE_ID,VER_NBR) VALUES ('1773','1680','1770',1)
/
INSERT INTO KREW_RULE_EXT_VAL_T (RULE_EXT_VAL_ID,RULE_EXT_ID,VAL,KEY_CD,VER_NBR) VALUES ('1774','1773','MUS-BL','school',1)
/
INSERT INTO KREW_RULE_T (RULE_ID,NM,RULE_VER_NBR,RULE_TMPL_ID,RULE_EXPR_ID,ACTV_IND,RULE_BASE_VAL_DESC,FRC_ACTN,DOC_TYP_NM,DOC_HDR_ID,FRM_DT,TO_DT,DACTVN_DT,CUR_IND,TMPL_RULE_IND,PREV_VER_RULE_ID,DLGN_IND,ACTVN_DT,OBJ_ID,VER_NBR) VALUES ('1775','862491A2181308BFE0404F0A3A627BFA',0,'1678',null,1,'School/RC of Bl-UITS for OAA eDoc Lite',0,'OfficeOfAffirmativeAction',null,null,null,null,1,0,null,0,TO_DATE('2013-03-29 16:15:26', 'YYYY-MM-DD HH24:MI:SS'),'b92e726d-2550-4078-80e5-042cfce48468',1)
/
INSERT INTO KREW_RULE_RSP_T (RULE_RSP_ID,RSP_ID,RULE_ID,PRIO,ACTN_RQST_CD,NM,TYP,APPR_PLCY,OBJ_ID,VER_NBR) VALUES ('2110','2109','1775',1,'A','10015','G','F','985cba73-44ff-4a5f-a783-0be25d22277b',1)
/
INSERT INTO KREW_RULE_EXT_T (RULE_EXT_ID,RULE_TMPL_ATTR_ID,RULE_ID,VER_NBR) VALUES ('1776','1679','1775',1)
/
INSERT INTO KREW_RULE_EXT_VAL_T (RULE_EXT_VAL_ID,RULE_EXT_ID,VAL,KEY_CD,VER_NBR) VALUES ('1777','1776','BL','campus',1)
/
INSERT INTO KREW_RULE_EXT_T (RULE_EXT_ID,RULE_TMPL_ATTR_ID,RULE_ID,VER_NBR) VALUES ('1778','1680','1775',1)
/
INSERT INTO KREW_RULE_EXT_VAL_T (RULE_EXT_VAL_ID,RULE_EXT_ID,VAL,KEY_CD,VER_NBR) VALUES ('1779','1778','UITS-BL','school',1)
/
INSERT INTO KREW_RULE_T (RULE_ID,NM,RULE_VER_NBR,RULE_TMPL_ID,RULE_EXPR_ID,ACTV_IND,RULE_BASE_VAL_DESC,FRC_ACTN,DOC_TYP_NM,DOC_HDR_ID,FRM_DT,TO_DT,DACTVN_DT,CUR_IND,TMPL_RULE_IND,PREV_VER_RULE_ID,DLGN_IND,ACTVN_DT,OBJ_ID,VER_NBR) VALUES ('1780','E8777CC8-E370-030B-144F-B680B7A2E166',0,'1663',null,1,'Ad Hoc Routing Node',0,'OfficeOfAffirmativeAction',null,null,null,null,1,0,null,0,TO_DATE('2013-03-29 16:15:26', 'YYYY-MM-DD HH24:MI:SS'),'1ee0b231-1479-4f82-a4fb-a627b440551b',1)
/
INSERT INTO KREW_RULE_RSP_T (RULE_RSP_ID,RSP_ID,RULE_ID,PRIO,ACTN_RQST_CD,NM,TYP,APPR_PLCY,OBJ_ID,VER_NBR) VALUES ('2112','2111','1780',1,'A','org.kuali.rice.kew.rule.NetworkIdRoleAttribute!networkId','R','F','b10348a6-3de6-4f5e-90a4-aaab1d5abe99',1)
/
INSERT INTO KREW_RULE_T (RULE_ID,NM,RULE_VER_NBR,RULE_TMPL_ID,RULE_EXPR_ID,ACTV_IND,RULE_BASE_VAL_DESC,FRC_ACTN,DOC_TYP_NM,DOC_HDR_ID,FRM_DT,TO_DT,DACTVN_DT,CUR_IND,TMPL_RULE_IND,PREV_VER_RULE_ID,DLGN_IND,ACTVN_DT,OBJ_ID,VER_NBR) VALUES ('1781','C86A5281-A3D0-3C32-7CC4-CE5BD48BFCCA',0,'1661',null,1,'Ad Hoc Routing Node',0,'OfficeOfAffirmativeAction',null,null,null,null,1,0,null,0,TO_DATE('2013-03-29 16:15:26', 'YYYY-MM-DD HH24:MI:SS'),'d03410c3-86e2-403c-853c-858db0dcab48',1)
/
INSERT INTO KREW_RULE_RSP_T (RULE_RSP_ID,RSP_ID,RULE_ID,PRIO,ACTN_RQST_CD,NM,TYP,APPR_PLCY,OBJ_ID,VER_NBR) VALUES ('2114','2113','1781',1,'A','org.kuali.rice.kew.rule.NetworkIdRoleAttribute!networkId','R','F','8d1b0c91-4483-4e23-8bdf-84abdc2b0e6f',1)
/
INSERT INTO KREW_RULE_T (RULE_ID,NM,RULE_VER_NBR,RULE_TMPL_ID,RULE_EXPR_ID,ACTV_IND,RULE_BASE_VAL_DESC,FRC_ACTN,DOC_TYP_NM,DOC_HDR_ID,FRM_DT,TO_DT,DACTVN_DT,CUR_IND,TMPL_RULE_IND,PREV_VER_RULE_ID,DLGN_IND,ACTVN_DT,OBJ_ID,VER_NBR) VALUES ('1782','A0E1B3A9-0B56-7920-0486-53B9AEF625A5',0,'1678',null,1,'School/RC of NW-AA for OAA eDoc Lite',0,'OfficeOfAffirmativeAction',null,null,null,null,1,0,null,0,TO_DATE('2013-03-29 16:15:26', 'YYYY-MM-DD HH24:MI:SS'),'fb101bd9-95d4-4bfe-a3fe-4b64b1e4636e',1)
/
INSERT INTO KREW_RULE_RSP_T (RULE_RSP_ID,RSP_ID,RULE_ID,PRIO,ACTN_RQST_CD,NM,TYP,APPR_PLCY,OBJ_ID,VER_NBR) VALUES ('2116','2115','1782',1,'A','10038','G','F','520b6321-23e0-46b8-9967-d8123a53c51b',1)
/
INSERT INTO KREW_RULE_EXT_T (RULE_EXT_ID,RULE_TMPL_ATTR_ID,RULE_ID,VER_NBR) VALUES ('1783','1679','1782',1)
/
INSERT INTO KREW_RULE_EXT_VAL_T (RULE_EXT_VAL_ID,RULE_EXT_ID,VAL,KEY_CD,VER_NBR) VALUES ('1784','1783','NW','campus',1)
/
INSERT INTO KREW_RULE_EXT_T (RULE_EXT_ID,RULE_TMPL_ATTR_ID,RULE_ID,VER_NBR) VALUES ('1785','1680','1782',1)
/
INSERT INTO KREW_RULE_EXT_VAL_T (RULE_EXT_VAL_ID,RULE_EXT_ID,VAL,KEY_CD,VER_NBR) VALUES ('1786','1785','AA-NW','school',1)
/
INSERT INTO KREW_RULE_T (RULE_ID,NM,RULE_VER_NBR,RULE_TMPL_ID,RULE_EXPR_ID,ACTV_IND,RULE_BASE_VAL_DESC,FRC_ACTN,DOC_TYP_NM,DOC_HDR_ID,FRM_DT,TO_DT,DACTVN_DT,CUR_IND,TMPL_RULE_IND,PREV_VER_RULE_ID,DLGN_IND,ACTVN_DT,OBJ_ID,VER_NBR) VALUES ('1787','E03831B4-3486-4B37-284F-37166AB9EFCB',0,'1678',null,1,'School/RC of NW-CHHS for OAA eDoc Lite',0,'OfficeOfAffirmativeAction',null,null,null,null,1,0,null,0,TO_DATE('2013-03-29 16:15:26', 'YYYY-MM-DD HH24:MI:SS'),'f896beae-4d83-4f50-a14b-1481ea955c85',1)
/
INSERT INTO KREW_RULE_RSP_T (RULE_RSP_ID,RSP_ID,RULE_ID,PRIO,ACTN_RQST_CD,NM,TYP,APPR_PLCY,OBJ_ID,VER_NBR) VALUES ('2118','2117','1787',1,'A','10039','G','F','34d75887-4bf7-4875-9361-14d50618362e',1)
/
INSERT INTO KREW_RULE_EXT_T (RULE_EXT_ID,RULE_TMPL_ATTR_ID,RULE_ID,VER_NBR) VALUES ('1788','1679','1787',1)
/
INSERT INTO KREW_RULE_EXT_VAL_T (RULE_EXT_VAL_ID,RULE_EXT_ID,VAL,KEY_CD,VER_NBR) VALUES ('1789','1788','NW','campus',1)
/
INSERT INTO KREW_RULE_EXT_T (RULE_EXT_ID,RULE_TMPL_ATTR_ID,RULE_ID,VER_NBR) VALUES ('1790','1680','1787',1)
/
INSERT INTO KREW_RULE_EXT_VAL_T (RULE_EXT_VAL_ID,RULE_EXT_ID,VAL,KEY_CD,VER_NBR) VALUES ('1791','1790','CHHS-NW','school',1)
/
INSERT INTO KREW_RULE_T (RULE_ID,NM,RULE_VER_NBR,RULE_TMPL_ID,RULE_EXPR_ID,ACTV_IND,RULE_BASE_VAL_DESC,FRC_ACTN,DOC_TYP_NM,DOC_HDR_ID,FRM_DT,TO_DT,DACTVN_DT,CUR_IND,TMPL_RULE_IND,PREV_VER_RULE_ID,DLGN_IND,ACTVN_DT,OBJ_ID,VER_NBR) VALUES ('1792','498BC078-6341-0B12-5C1E-9D35BB789B4B',0,'1669',null,1,'North West Office of Affirmative Action Stop',0,'OfficeOfAffirmativeAction',null,null,null,null,1,0,null,0,TO_DATE('2013-03-29 16:15:26', 'YYYY-MM-DD HH24:MI:SS'),'7832d851-497d-471a-b626-aa0dbbebe9d2',1)
/
INSERT INTO KREW_RULE_RSP_T (RULE_RSP_ID,RSP_ID,RULE_ID,PRIO,ACTN_RQST_CD,NM,TYP,APPR_PLCY,OBJ_ID,VER_NBR) VALUES ('2120','2119','1792',1,'A','10004','G','F','ed761d00-d23d-4b51-9113-dd5408f2eb00',1)
/
INSERT INTO KREW_RULE_EXT_T (RULE_EXT_ID,RULE_TMPL_ATTR_ID,RULE_ID,VER_NBR) VALUES ('1793','1670','1792',1)
/
INSERT INTO KREW_RULE_EXT_VAL_T (RULE_EXT_VAL_ID,RULE_EXT_ID,VAL,KEY_CD,VER_NBR) VALUES ('1794','1793','NW','campus',1)
/
INSERT INTO KREW_RULE_T (RULE_ID,NM,RULE_VER_NBR,RULE_TMPL_ID,RULE_EXPR_ID,ACTV_IND,RULE_BASE_VAL_DESC,FRC_ACTN,DOC_TYP_NM,DOC_HDR_ID,FRM_DT,TO_DT,DACTVN_DT,CUR_IND,TMPL_RULE_IND,PREV_VER_RULE_ID,DLGN_IND,ACTVN_DT,OBJ_ID,VER_NBR) VALUES ('1795','CDAEB28D-1236-3093-2D16-C6AE8DB2C0E8',0,'1672',null,1,'send acknowledgment to school NW-LIBR',0,'OfficeOfAffirmativeAction',null,null,null,null,1,0,null,0,TO_DATE('2013-03-29 16:15:26', 'YYYY-MM-DD HH24:MI:SS'),'fbbdc825-e0d8-4052-82eb-657a385b5d4a',1)
/
INSERT INTO KREW_RULE_RSP_T (RULE_RSP_ID,RSP_ID,RULE_ID,PRIO,ACTN_RQST_CD,NM,TYP,APPR_PLCY,OBJ_ID,VER_NBR) VALUES ('2122','2121','1795',1,'K','10035','G','F','ad68a9b6-941c-4f94-8da4-b2ecb417d0ff',1)
/
INSERT INTO KREW_RULE_EXT_T (RULE_EXT_ID,RULE_TMPL_ATTR_ID,RULE_ID,VER_NBR) VALUES ('1796','1673','1795',1)
/
INSERT INTO KREW_RULE_EXT_VAL_T (RULE_EXT_VAL_ID,RULE_EXT_ID,VAL,KEY_CD,VER_NBR) VALUES ('1797','1796','NW','campus',1)
/
INSERT INTO KREW_RULE_EXT_T (RULE_EXT_ID,RULE_TMPL_ATTR_ID,RULE_ID,VER_NBR) VALUES ('1798','1674','1795',1)
/
INSERT INTO KREW_RULE_EXT_VAL_T (RULE_EXT_VAL_ID,RULE_EXT_ID,VAL,KEY_CD,VER_NBR) VALUES ('1799','1798','LIBR-NW','school',1)
/
INSERT INTO KREW_RULE_T (RULE_ID,NM,RULE_VER_NBR,RULE_TMPL_ID,RULE_EXPR_ID,ACTV_IND,RULE_BASE_VAL_DESC,FRC_ACTN,DOC_TYP_NM,DOC_HDR_ID,FRM_DT,TO_DT,DACTVN_DT,CUR_IND,TMPL_RULE_IND,PREV_VER_RULE_ID,DLGN_IND,ACTVN_DT,OBJ_ID,VER_NBR) VALUES ('1800','C3FAE009-0C1E-0641-D6A5-0EAA31C19445',0,'1678',null,1,'School Level routing for IN',0,'OfficeOfAffirmativeAction',null,null,null,null,1,0,null,0,TO_DATE('2013-03-29 16:15:26', 'YYYY-MM-DD HH24:MI:SS'),'42bc4087-1f98-4a14-8596-39eadd762d3d',1)
/
INSERT INTO KREW_RULE_RSP_T (RULE_RSP_ID,RSP_ID,RULE_ID,PRIO,ACTN_RQST_CD,NM,TYP,APPR_PLCY,OBJ_ID,VER_NBR) VALUES ('2124','2123','1800',1,'A','10040','G','F','613830c0-dcb8-414a-8f74-1ae1a72b9822',1)
/
INSERT INTO KREW_RULE_EXT_T (RULE_EXT_ID,RULE_TMPL_ATTR_ID,RULE_ID,VER_NBR) VALUES ('1801','1679','1800',1)
/
INSERT INTO KREW_RULE_EXT_VAL_T (RULE_EXT_VAL_ID,RULE_EXT_ID,VAL,KEY_CD,VER_NBR) VALUES ('1802','1801','IN','campus',1)
/
INSERT INTO KREW_RULE_T (RULE_ID,NM,RULE_VER_NBR,RULE_TMPL_ID,RULE_EXPR_ID,ACTV_IND,RULE_BASE_VAL_DESC,FRC_ACTN,DOC_TYP_NM,DOC_HDR_ID,FRM_DT,TO_DT,DACTVN_DT,CUR_IND,TMPL_RULE_IND,PREV_VER_RULE_ID,DLGN_IND,ACTVN_DT,OBJ_ID,VER_NBR) VALUES ('1803','862491A2169208BFE0404F0A3A627BFA',0,'1678',null,1,'School/RC of Bl-EDUC for OAA eDoc Lite',0,'OfficeOfAffirmativeAction',null,null,null,null,1,0,null,0,TO_DATE('2013-03-29 16:15:26', 'YYYY-MM-DD HH24:MI:SS'),'524696f8-3b2d-49fe-b57a-6f71a92f8800',1)
/
INSERT INTO KREW_RULE_RSP_T (RULE_RSP_ID,RSP_ID,RULE_ID,PRIO,ACTN_RQST_CD,NM,TYP,APPR_PLCY,OBJ_ID,VER_NBR) VALUES ('2126','2125','1803',1,'A','10007','G','F','a065953e-4694-4f46-824c-7f2dee3e373f',1)
/
INSERT INTO KREW_RULE_EXT_T (RULE_EXT_ID,RULE_TMPL_ATTR_ID,RULE_ID,VER_NBR) VALUES ('1804','1679','1803',1)
/
INSERT INTO KREW_RULE_EXT_VAL_T (RULE_EXT_VAL_ID,RULE_EXT_ID,VAL,KEY_CD,VER_NBR) VALUES ('1805','1804','BL','campus',1)
/
INSERT INTO KREW_RULE_EXT_T (RULE_EXT_ID,RULE_TMPL_ATTR_ID,RULE_ID,VER_NBR) VALUES ('1806','1680','1803',1)
/
INSERT INTO KREW_RULE_EXT_VAL_T (RULE_EXT_VAL_ID,RULE_EXT_ID,VAL,KEY_CD,VER_NBR) VALUES ('1807','1806','EDUC-BL','school',1)
/
INSERT INTO KREW_RULE_T (RULE_ID,NM,RULE_VER_NBR,RULE_TMPL_ID,RULE_EXPR_ID,ACTV_IND,RULE_BASE_VAL_DESC,FRC_ACTN,DOC_TYP_NM,DOC_HDR_ID,FRM_DT,TO_DT,DACTVN_DT,CUR_IND,TMPL_RULE_IND,PREV_VER_RULE_ID,DLGN_IND,ACTVN_DT,OBJ_ID,VER_NBR) VALUES ('1808','862491A2180708BFE0404F0A3A627BFA',0,'1678',null,1,'School/RC of Bl-ARSC for OAA eDoc Lite',0,'OfficeOfAffirmativeAction',null,null,null,null,1,0,null,0,TO_DATE('2013-03-29 16:15:26', 'YYYY-MM-DD HH24:MI:SS'),'fd49767d-9447-4be4-8805-4566e732659b',1)
/
INSERT INTO KREW_RULE_RSP_T (RULE_RSP_ID,RSP_ID,RULE_ID,PRIO,ACTN_RQST_CD,NM,TYP,APPR_PLCY,OBJ_ID,VER_NBR) VALUES ('2128','2127','1808',1,'A','10033','G','F','7d866228-03d6-4594-804f-ecb284442b44',1)
/
INSERT INTO KREW_RULE_EXT_T (RULE_EXT_ID,RULE_TMPL_ATTR_ID,RULE_ID,VER_NBR) VALUES ('1809','1679','1808',1)
/
INSERT INTO KREW_RULE_EXT_VAL_T (RULE_EXT_VAL_ID,RULE_EXT_ID,VAL,KEY_CD,VER_NBR) VALUES ('1810','1809','BL','campus',1)
/
INSERT INTO KREW_RULE_EXT_T (RULE_EXT_ID,RULE_TMPL_ATTR_ID,RULE_ID,VER_NBR) VALUES ('1811','1680','1808',1)
/
INSERT INTO KREW_RULE_EXT_VAL_T (RULE_EXT_VAL_ID,RULE_EXT_ID,VAL,KEY_CD,VER_NBR) VALUES ('1812','1811','ARSC-BL','school',1)
/
INSERT INTO KREW_RULE_T (RULE_ID,NM,RULE_VER_NBR,RULE_TMPL_ID,RULE_EXPR_ID,ACTV_IND,RULE_BASE_VAL_DESC,FRC_ACTN,DOC_TYP_NM,DOC_HDR_ID,FRM_DT,TO_DT,DACTVN_DT,CUR_IND,TMPL_RULE_IND,PREV_VER_RULE_ID,DLGN_IND,ACTVN_DT,OBJ_ID,VER_NBR) VALUES ('1813','862491A2180908BFE0404F0A3A627BFA',0,'1678',null,1,'School/RC of Bl-EXEC for OAA eDoc Lite',0,'OfficeOfAffirmativeAction',null,null,null,null,1,0,null,0,TO_DATE('2013-03-29 16:15:26', 'YYYY-MM-DD HH24:MI:SS'),'f8ab4f66-4861-4eca-92bc-15988d0f8faf',1)
/
INSERT INTO KREW_RULE_RSP_T (RULE_RSP_ID,RSP_ID,RULE_ID,PRIO,ACTN_RQST_CD,NM,TYP,APPR_PLCY,OBJ_ID,VER_NBR) VALUES ('2130','2129','1813',1,'A','10010','G','F','854e37e3-fe05-45a7-977e-90ee3e139a6f',1)
/
INSERT INTO KREW_RULE_EXT_T (RULE_EXT_ID,RULE_TMPL_ATTR_ID,RULE_ID,VER_NBR) VALUES ('1814','1679','1813',1)
/
INSERT INTO KREW_RULE_EXT_VAL_T (RULE_EXT_VAL_ID,RULE_EXT_ID,VAL,KEY_CD,VER_NBR) VALUES ('1815','1814','BL','campus',1)
/
INSERT INTO KREW_RULE_EXT_T (RULE_EXT_ID,RULE_TMPL_ATTR_ID,RULE_ID,VER_NBR) VALUES ('1816','1680','1813',1)
/
INSERT INTO KREW_RULE_EXT_VAL_T (RULE_EXT_VAL_ID,RULE_EXT_ID,VAL,KEY_CD,VER_NBR) VALUES ('1817','1816','EXEC-BL','school',1)
/
INSERT INTO KREW_RULE_T (RULE_ID,NM,RULE_VER_NBR,RULE_TMPL_ID,RULE_EXPR_ID,ACTV_IND,RULE_BASE_VAL_DESC,FRC_ACTN,DOC_TYP_NM,DOC_HDR_ID,FRM_DT,TO_DT,DACTVN_DT,CUR_IND,TMPL_RULE_IND,PREV_VER_RULE_ID,DLGN_IND,ACTVN_DT,OBJ_ID,VER_NBR) VALUES ('1818','862491A2180A08BFE0404F0A3A627BFA',0,'1678',null,1,'School/RC of Bl-HPER for OAA eDoc Lite',0,'OfficeOfAffirmativeAction',null,null,null,null,1,0,null,0,TO_DATE('2013-03-29 16:15:26', 'YYYY-MM-DD HH24:MI:SS'),'437d4d7c-85b5-4ccd-8b10-8fb9488ecb9c',1)
/
INSERT INTO KREW_RULE_RSP_T (RULE_RSP_ID,RSP_ID,RULE_ID,PRIO,ACTN_RQST_CD,NM,TYP,APPR_PLCY,OBJ_ID,VER_NBR) VALUES ('2132','2131','1818',1,'A','10024','G','F','df17ce29-9840-4aae-ba3e-3d9fbb968377',1)
/
INSERT INTO KREW_RULE_EXT_T (RULE_EXT_ID,RULE_TMPL_ATTR_ID,RULE_ID,VER_NBR) VALUES ('1819','1679','1818',1)
/
INSERT INTO KREW_RULE_EXT_VAL_T (RULE_EXT_VAL_ID,RULE_EXT_ID,VAL,KEY_CD,VER_NBR) VALUES ('1820','1819','BL','campus',1)
/
INSERT INTO KREW_RULE_EXT_T (RULE_EXT_ID,RULE_TMPL_ATTR_ID,RULE_ID,VER_NBR) VALUES ('1821','1680','1818',1)
/
INSERT INTO KREW_RULE_EXT_VAL_T (RULE_EXT_VAL_ID,RULE_EXT_ID,VAL,KEY_CD,VER_NBR) VALUES ('1822','1821','HPER-BL','school',1)
/
INSERT INTO KREW_RULE_T (RULE_ID,NM,RULE_VER_NBR,RULE_TMPL_ID,RULE_EXPR_ID,ACTV_IND,RULE_BASE_VAL_DESC,FRC_ACTN,DOC_TYP_NM,DOC_HDR_ID,FRM_DT,TO_DT,DACTVN_DT,CUR_IND,TMPL_RULE_IND,PREV_VER_RULE_ID,DLGN_IND,ACTVN_DT,OBJ_ID,VER_NBR) VALUES ('1823','862491A2180C08BFE0404F0A3A627BFA',0,'1678',null,1,'School/RC of Bl-JOUR for OAA eDoc Lite',0,'OfficeOfAffirmativeAction',null,null,null,null,1,0,null,0,TO_DATE('2013-03-29 16:15:26', 'YYYY-MM-DD HH24:MI:SS'),'4b9a754d-dd57-45c3-abb0-e743a3792c56',1)
/
INSERT INTO KREW_RULE_RSP_T (RULE_RSP_ID,RSP_ID,RULE_ID,PRIO,ACTN_RQST_CD,NM,TYP,APPR_PLCY,OBJ_ID,VER_NBR) VALUES ('2134','2133','1823',1,'A','10023','G','F','8d79b275-2bad-4193-aadd-4d5e5323f10e',1)
/
INSERT INTO KREW_RULE_EXT_T (RULE_EXT_ID,RULE_TMPL_ATTR_ID,RULE_ID,VER_NBR) VALUES ('1824','1679','1823',1)
/
INSERT INTO KREW_RULE_EXT_VAL_T (RULE_EXT_VAL_ID,RULE_EXT_ID,VAL,KEY_CD,VER_NBR) VALUES ('1825','1824','BL','campus',1)
/
INSERT INTO KREW_RULE_EXT_T (RULE_EXT_ID,RULE_TMPL_ATTR_ID,RULE_ID,VER_NBR) VALUES ('1826','1680','1823',1)
/
INSERT INTO KREW_RULE_EXT_VAL_T (RULE_EXT_VAL_ID,RULE_EXT_ID,VAL,KEY_CD,VER_NBR) VALUES ('1827','1826','JOUR-BL','school',1)
/
INSERT INTO KREW_RULE_T (RULE_ID,NM,RULE_VER_NBR,RULE_TMPL_ID,RULE_EXPR_ID,ACTV_IND,RULE_BASE_VAL_DESC,FRC_ACTN,DOC_TYP_NM,DOC_HDR_ID,FRM_DT,TO_DT,DACTVN_DT,CUR_IND,TMPL_RULE_IND,PREV_VER_RULE_ID,DLGN_IND,ACTVN_DT,OBJ_ID,VER_NBR) VALUES ('1828','862491A2180E08BFE0404F0A3A627BFA',0,'1678',null,1,'School/RC of Bl-LIBR for OAA eDoc Lite',0,'OfficeOfAffirmativeAction',null,null,null,null,1,0,null,0,TO_DATE('2013-03-29 16:15:26', 'YYYY-MM-DD HH24:MI:SS'),'63db6dd6-3b21-480e-8f41-96821a1b5a1c',1)
/
INSERT INTO KREW_RULE_RSP_T (RULE_RSP_ID,RSP_ID,RULE_ID,PRIO,ACTN_RQST_CD,NM,TYP,APPR_PLCY,OBJ_ID,VER_NBR) VALUES ('2136','2135','1828',1,'A','10021','G','F','17299f2b-b0be-4543-bae1-1fd0cb838f2b',1)
/
INSERT INTO KREW_RULE_EXT_T (RULE_EXT_ID,RULE_TMPL_ATTR_ID,RULE_ID,VER_NBR) VALUES ('1829','1679','1828',1)
/
INSERT INTO KREW_RULE_EXT_VAL_T (RULE_EXT_VAL_ID,RULE_EXT_ID,VAL,KEY_CD,VER_NBR) VALUES ('1830','1829','BL','campus',1)
/
INSERT INTO KREW_RULE_EXT_T (RULE_EXT_ID,RULE_TMPL_ATTR_ID,RULE_ID,VER_NBR) VALUES ('1831','1680','1828',1)
/
INSERT INTO KREW_RULE_EXT_VAL_T (RULE_EXT_VAL_ID,RULE_EXT_ID,VAL,KEY_CD,VER_NBR) VALUES ('1832','1831','LIBR-BL','school',1)
/
INSERT INTO KREW_RULE_T (RULE_ID,NM,RULE_VER_NBR,RULE_TMPL_ID,RULE_EXPR_ID,ACTV_IND,RULE_BASE_VAL_DESC,FRC_ACTN,DOC_TYP_NM,DOC_HDR_ID,FRM_DT,TO_DT,DACTVN_DT,CUR_IND,TMPL_RULE_IND,PREV_VER_RULE_ID,DLGN_IND,ACTVN_DT,OBJ_ID,VER_NBR) VALUES ('1833','862491A2181008BFE0404F0A3A627BFA',0,'1678',null,1,'School/RC of Bl-SLIS for OAA eDoc Lite',0,'OfficeOfAffirmativeAction',null,null,null,null,1,0,null,0,TO_DATE('2013-03-29 16:15:26', 'YYYY-MM-DD HH24:MI:SS'),'1a39ea80-5a94-4557-8a86-6725e3ab53d2',1)
/
INSERT INTO KREW_RULE_RSP_T (RULE_RSP_ID,RSP_ID,RULE_ID,PRIO,ACTN_RQST_CD,NM,TYP,APPR_PLCY,OBJ_ID,VER_NBR) VALUES ('2138','2137','1833',1,'A','10018','G','F','e320a2c3-ddcd-43ce-a979-34f8e0435a87',1)
/
INSERT INTO KREW_RULE_EXT_T (RULE_EXT_ID,RULE_TMPL_ATTR_ID,RULE_ID,VER_NBR) VALUES ('1834','1679','1833',1)
/
INSERT INTO KREW_RULE_EXT_VAL_T (RULE_EXT_VAL_ID,RULE_EXT_ID,VAL,KEY_CD,VER_NBR) VALUES ('1835','1834','BL','campus',1)
/
INSERT INTO KREW_RULE_EXT_T (RULE_EXT_ID,RULE_TMPL_ATTR_ID,RULE_ID,VER_NBR) VALUES ('1836','1680','1833',1)
/
INSERT INTO KREW_RULE_EXT_VAL_T (RULE_EXT_VAL_ID,RULE_EXT_ID,VAL,KEY_CD,VER_NBR) VALUES ('1837','1836','SLIS-BL','school',1)
/
INSERT INTO KREW_RULE_T (RULE_ID,NM,RULE_VER_NBR,RULE_TMPL_ID,RULE_EXPR_ID,ACTV_IND,RULE_BASE_VAL_DESC,FRC_ACTN,DOC_TYP_NM,DOC_HDR_ID,FRM_DT,TO_DT,DACTVN_DT,CUR_IND,TMPL_RULE_IND,PREV_VER_RULE_ID,DLGN_IND,ACTVN_DT,OBJ_ID,VER_NBR) VALUES ('1838','862491A2181208BFE0404F0A3A627BFA',0,'1678',null,1,'School/RC of Bl-SSER for OAA eDoc Lite',0,'OfficeOfAffirmativeAction',null,null,null,null,1,0,null,0,TO_DATE('2013-03-29 16:15:26', 'YYYY-MM-DD HH24:MI:SS'),'8f02ef25-c111-4909-978f-6ebe16e0d8b8',1)
/
INSERT INTO KREW_RULE_RSP_T (RULE_RSP_ID,RSP_ID,RULE_ID,PRIO,ACTN_RQST_CD,NM,TYP,APPR_PLCY,OBJ_ID,VER_NBR) VALUES ('2140','2139','1838',1,'A','10016','G','F','fb356ea8-dbfb-4e58-bc77-82bcdd5da47a',1)
/
INSERT INTO KREW_RULE_EXT_T (RULE_EXT_ID,RULE_TMPL_ATTR_ID,RULE_ID,VER_NBR) VALUES ('1839','1679','1838',1)
/
INSERT INTO KREW_RULE_EXT_VAL_T (RULE_EXT_VAL_ID,RULE_EXT_ID,VAL,KEY_CD,VER_NBR) VALUES ('1840','1839','BL','campus',1)
/
INSERT INTO KREW_RULE_EXT_T (RULE_EXT_ID,RULE_TMPL_ATTR_ID,RULE_ID,VER_NBR) VALUES ('1841','1680','1838',1)
/
INSERT INTO KREW_RULE_EXT_VAL_T (RULE_EXT_VAL_ID,RULE_EXT_ID,VAL,KEY_CD,VER_NBR) VALUES ('1842','1841','SSER-BL','school',1)
/
INSERT INTO KREW_RULE_T (RULE_ID,NM,RULE_VER_NBR,RULE_TMPL_ID,RULE_EXPR_ID,ACTV_IND,RULE_BASE_VAL_DESC,FRC_ACTN,DOC_TYP_NM,DOC_HDR_ID,FRM_DT,TO_DT,DACTVN_DT,CUR_IND,TMPL_RULE_IND,PREV_VER_RULE_ID,DLGN_IND,ACTVN_DT,OBJ_ID,VER_NBR) VALUES ('1843','862491A23D0308BFE0404F0A3A627BFA',0,'1678',null,1,'School/RC of Bl-VPUE for OAA eDoc Lite',1,'OfficeOfAffirmativeAction',null,null,null,null,1,0,null,0,TO_DATE('2013-03-29 16:15:26', 'YYYY-MM-DD HH24:MI:SS'),'5be9aaac-d5b5-4c92-a2a9-03fc2f88ffe2',1)
/
INSERT INTO KREW_RULE_RSP_T (RULE_RSP_ID,RSP_ID,RULE_ID,PRIO,ACTN_RQST_CD,NM,TYP,APPR_PLCY,OBJ_ID,VER_NBR) VALUES ('2142','2141','1843',1,'A','10030','G','F','b502c54f-1b63-4b7a-ad10-bbd323d0bd5a',1)
/
INSERT INTO KREW_RULE_EXT_T (RULE_EXT_ID,RULE_TMPL_ATTR_ID,RULE_ID,VER_NBR) VALUES ('1844','1679','1843',1)
/
INSERT INTO KREW_RULE_EXT_VAL_T (RULE_EXT_VAL_ID,RULE_EXT_ID,VAL,KEY_CD,VER_NBR) VALUES ('1845','1844','BL','campus',1)
/
INSERT INTO KREW_RULE_EXT_T (RULE_EXT_ID,RULE_TMPL_ATTR_ID,RULE_ID,VER_NBR) VALUES ('1846','1680','1843',1)
/
INSERT INTO KREW_RULE_EXT_VAL_T (RULE_EXT_VAL_ID,RULE_EXT_ID,VAL,KEY_CD,VER_NBR) VALUES ('1847','1846','VPUE-BL','school',1)
/
INSERT INTO KREW_RULE_T (RULE_ID,NM,RULE_VER_NBR,RULE_TMPL_ID,RULE_EXPR_ID,ACTV_IND,RULE_BASE_VAL_DESC,FRC_ACTN,DOC_TYP_NM,DOC_HDR_ID,FRM_DT,TO_DT,DACTVN_DT,CUR_IND,TMPL_RULE_IND,PREV_VER_RULE_ID,DLGN_IND,ACTVN_DT,OBJ_ID,VER_NBR) VALUES ('1848','862491A23D0508BFE0404F0A3A627BFA',0,'1678',null,1,'School/RC of Bl-RUAD for OAA eDoc Lite',1,'OfficeOfAffirmativeAction',null,null,null,null,1,0,null,0,TO_DATE('2013-03-29 16:15:26', 'YYYY-MM-DD HH24:MI:SS'),'220c8e21-5f56-49b1-ace0-d8d701eebea0',1)
/
INSERT INTO KREW_RULE_RSP_T (RULE_RSP_ID,RSP_ID,RULE_ID,PRIO,ACTN_RQST_CD,NM,TYP,APPR_PLCY,OBJ_ID,VER_NBR) VALUES ('2144','2143','1848',1,'A','10031','G','F','f9cb8799-6f2b-42f1-8f45-24c0c29826f9',1)
/
INSERT INTO KREW_RULE_EXT_T (RULE_EXT_ID,RULE_TMPL_ATTR_ID,RULE_ID,VER_NBR) VALUES ('1849','1679','1848',1)
/
INSERT INTO KREW_RULE_EXT_VAL_T (RULE_EXT_VAL_ID,RULE_EXT_ID,VAL,KEY_CD,VER_NBR) VALUES ('1850','1849','BL','campus',1)
/
INSERT INTO KREW_RULE_EXT_T (RULE_EXT_ID,RULE_TMPL_ATTR_ID,RULE_ID,VER_NBR) VALUES ('1851','1680','1848',1)
/
INSERT INTO KREW_RULE_EXT_VAL_T (RULE_EXT_VAL_ID,RULE_EXT_ID,VAL,KEY_CD,VER_NBR) VALUES ('1852','1851','RUAD-BL','school',1)
/
INSERT INTO KREW_RULE_T (RULE_ID,NM,RULE_VER_NBR,RULE_TMPL_ID,RULE_EXPR_ID,ACTV_IND,RULE_BASE_VAL_DESC,FRC_ACTN,DOC_TYP_NM,DOC_HDR_ID,FRM_DT,TO_DT,DACTVN_DT,CUR_IND,TMPL_RULE_IND,PREV_VER_RULE_ID,DLGN_IND,ACTVN_DT,OBJ_ID,VER_NBR) VALUES ('1853','862491A254D308BFE0404F0A3A627BFA',0,'1678',null,1,'School/RC of Bl-BUS for OAA eDoc Lite',0,'OfficeOfAffirmativeAction',null,null,null,null,1,0,null,0,TO_DATE('2013-03-29 16:15:26', 'YYYY-MM-DD HH24:MI:SS'),'dd1efd5d-871b-4f3d-bff1-bfeb7ef41072',1)
/
INSERT INTO KREW_RULE_RSP_T (RULE_RSP_ID,RSP_ID,RULE_ID,PRIO,ACTN_RQST_CD,NM,TYP,APPR_PLCY,OBJ_ID,VER_NBR) VALUES ('2146','2145','1853',1,'A','10006','G','F','b961f32e-f6a2-4980-93d6-3dc89583081a',1)
/
INSERT INTO KREW_RULE_EXT_T (RULE_EXT_ID,RULE_TMPL_ATTR_ID,RULE_ID,VER_NBR) VALUES ('1854','1679','1853',1)
/
INSERT INTO KREW_RULE_EXT_VAL_T (RULE_EXT_VAL_ID,RULE_EXT_ID,VAL,KEY_CD,VER_NBR) VALUES ('1855','1854','BL','campus',1)
/
INSERT INTO KREW_RULE_EXT_T (RULE_EXT_ID,RULE_TMPL_ATTR_ID,RULE_ID,VER_NBR) VALUES ('1856','1680','1853',1)
/
INSERT INTO KREW_RULE_EXT_VAL_T (RULE_EXT_VAL_ID,RULE_EXT_ID,VAL,KEY_CD,VER_NBR) VALUES ('1857','1856','BUS-BL','school',1)
/
INSERT INTO KREW_RULE_T (RULE_ID,NM,RULE_VER_NBR,RULE_TMPL_ID,RULE_EXPR_ID,ACTV_IND,RULE_BASE_VAL_DESC,FRC_ACTN,DOC_TYP_NM,DOC_HDR_ID,FRM_DT,TO_DT,DACTVN_DT,CUR_IND,TMPL_RULE_IND,PREV_VER_RULE_ID,DLGN_IND,ACTVN_DT,OBJ_ID,VER_NBR) VALUES ('1858','862491A2557908BFE0404F0A3A627BFA',0,'1678',null,1,'School/RC of Bl-RCEN for OAA eDoc Lite',0,'OfficeOfAffirmativeAction',null,null,null,null,1,0,null,0,TO_DATE('2013-03-29 16:15:26', 'YYYY-MM-DD HH24:MI:SS'),'55495dbe-b112-4727-81fd-f01ec071a36f',1)
/
INSERT INTO KREW_RULE_RSP_T (RULE_RSP_ID,RSP_ID,RULE_ID,PRIO,ACTN_RQST_CD,NM,TYP,APPR_PLCY,OBJ_ID,VER_NBR) VALUES ('2148','2147','1858',1,'A','10014','G','F','2e0a0dcc-ad40-4593-ab92-481c8ebc7050',1)
/
INSERT INTO KREW_RULE_EXT_T (RULE_EXT_ID,RULE_TMPL_ATTR_ID,RULE_ID,VER_NBR) VALUES ('1859','1679','1858',1)
/
INSERT INTO KREW_RULE_EXT_VAL_T (RULE_EXT_VAL_ID,RULE_EXT_ID,VAL,KEY_CD,VER_NBR) VALUES ('1860','1859','BL','campus',1)
/
INSERT INTO KREW_RULE_EXT_T (RULE_EXT_ID,RULE_TMPL_ATTR_ID,RULE_ID,VER_NBR) VALUES ('1861','1680','1858',1)
/
INSERT INTO KREW_RULE_EXT_VAL_T (RULE_EXT_VAL_ID,RULE_EXT_ID,VAL,KEY_CD,VER_NBR) VALUES ('1862','1861','RCEN-BL','school',1)
/
INSERT INTO KREW_RULE_T (RULE_ID,NM,RULE_VER_NBR,RULE_TMPL_ID,RULE_EXPR_ID,ACTV_IND,RULE_BASE_VAL_DESC,FRC_ACTN,DOC_TYP_NM,DOC_HDR_ID,FRM_DT,TO_DT,DACTVN_DT,CUR_IND,TMPL_RULE_IND,PREV_VER_RULE_ID,DLGN_IND,ACTVN_DT,OBJ_ID,VER_NBR) VALUES ('1863','862491A23D0408BFE0404F0A3A627BFA',0,'1678',null,1,'School/RC of Bl-VPFA for OAA eDoc Lite',1,'OfficeOfAffirmativeAction',null,null,null,null,1,0,null,0,TO_DATE('2013-03-29 16:15:26', 'YYYY-MM-DD HH24:MI:SS'),'1d214d62-a5fb-4e10-ae8e-44e058acd459',1)
/
INSERT INTO KREW_RULE_RSP_T (RULE_RSP_ID,RSP_ID,RULE_ID,PRIO,ACTN_RQST_CD,NM,TYP,APPR_PLCY,OBJ_ID,VER_NBR) VALUES ('2150','2149','1863',1,'A','10029','G','F','52468911-b2de-42a8-b91a-9136b8ab4978',1)
/
INSERT INTO KREW_RULE_EXT_T (RULE_EXT_ID,RULE_TMPL_ATTR_ID,RULE_ID,VER_NBR) VALUES ('1864','1679','1863',1)
/
INSERT INTO KREW_RULE_EXT_VAL_T (RULE_EXT_VAL_ID,RULE_EXT_ID,VAL,KEY_CD,VER_NBR) VALUES ('1865','1864','BL','campus',1)
/
INSERT INTO KREW_RULE_EXT_T (RULE_EXT_ID,RULE_TMPL_ATTR_ID,RULE_ID,VER_NBR) VALUES ('1866','1680','1863',1)
/
INSERT INTO KREW_RULE_EXT_VAL_T (RULE_EXT_VAL_ID,RULE_EXT_ID,VAL,KEY_CD,VER_NBR) VALUES ('1867','1866','VPFA-BL','school',1)
/
INSERT INTO KREW_RULE_T (RULE_ID,NM,RULE_VER_NBR,RULE_TMPL_ID,RULE_EXPR_ID,ACTV_IND,RULE_BASE_VAL_DESC,FRC_ACTN,DOC_TYP_NM,DOC_HDR_ID,FRM_DT,TO_DT,DACTVN_DT,CUR_IND,TMPL_RULE_IND,PREV_VER_RULE_ID,DLGN_IND,ACTVN_DT,OBJ_ID,VER_NBR) VALUES ('1868','862491A2180B08BFE0404F0A3A627BFA',0,'1678',null,1,'School/RC of Bl-INFOfor OAA eDoc Lite',0,'OfficeOfAffirmativeAction',null,null,null,null,1,0,null,0,TO_DATE('2013-03-29 16:15:26', 'YYYY-MM-DD HH24:MI:SS'),'8f213c40-42dd-466c-b8f3-74265ecbefba',1)
/
INSERT INTO KREW_RULE_RSP_T (RULE_RSP_ID,RSP_ID,RULE_ID,PRIO,ACTN_RQST_CD,NM,TYP,APPR_PLCY,OBJ_ID,VER_NBR) VALUES ('2152','2151','1868',1,'A','10027','G','F','fa0ee3c0-7164-45ae-8a10-cb86cb6549d8',1)
/
INSERT INTO KREW_RULE_EXT_T (RULE_EXT_ID,RULE_TMPL_ATTR_ID,RULE_ID,VER_NBR) VALUES ('1869','1679','1868',1)
/
INSERT INTO KREW_RULE_EXT_VAL_T (RULE_EXT_VAL_ID,RULE_EXT_ID,VAL,KEY_CD,VER_NBR) VALUES ('1870','1869','BL','campus',1)
/
INSERT INTO KREW_RULE_EXT_T (RULE_EXT_ID,RULE_TMPL_ATTR_ID,RULE_ID,VER_NBR) VALUES ('1871','1680','1868',1)
/
INSERT INTO KREW_RULE_EXT_VAL_T (RULE_EXT_VAL_ID,RULE_EXT_ID,VAL,KEY_CD,VER_NBR) VALUES ('1872','1871','INFO-BL','school',1)
/
INSERT INTO KREW_RULE_T (RULE_ID,NM,RULE_VER_NBR,RULE_TMPL_ID,RULE_EXPR_ID,ACTV_IND,RULE_BASE_VAL_DESC,FRC_ACTN,DOC_TYP_NM,DOC_HDR_ID,FRM_DT,TO_DT,DACTVN_DT,CUR_IND,TMPL_RULE_IND,PREV_VER_RULE_ID,DLGN_IND,ACTVN_DT,OBJ_ID,VER_NBR) VALUES ('1873','862491A2181108BFE0404F0A3A627BFA',0,'1678',null,1,'School/RC of Bl-SPEA for OAA eDoc Lite',0,'OfficeOfAffirmativeAction',null,null,null,null,1,0,null,0,TO_DATE('2013-03-29 16:15:26', 'YYYY-MM-DD HH24:MI:SS'),'f9cd2a5f-b697-4deb-8007-d2b7107805c9',1)
/
INSERT INTO KREW_RULE_RSP_T (RULE_RSP_ID,RSP_ID,RULE_ID,PRIO,ACTN_RQST_CD,NM,TYP,APPR_PLCY,OBJ_ID,VER_NBR) VALUES ('2154','2153','1873',1,'A','10017','G','F','ddcec8fb-928f-446d-ae70-3255a5d2cece',1)
/
INSERT INTO KREW_RULE_EXT_T (RULE_EXT_ID,RULE_TMPL_ATTR_ID,RULE_ID,VER_NBR) VALUES ('1874','1679','1873',1)
/
INSERT INTO KREW_RULE_EXT_VAL_T (RULE_EXT_VAL_ID,RULE_EXT_ID,VAL,KEY_CD,VER_NBR) VALUES ('1875','1874','BL','campus',1)
/
INSERT INTO KREW_RULE_EXT_T (RULE_EXT_ID,RULE_TMPL_ATTR_ID,RULE_ID,VER_NBR) VALUES ('1876','1680','1873',1)
/
INSERT INTO KREW_RULE_EXT_VAL_T (RULE_EXT_VAL_ID,RULE_EXT_ID,VAL,KEY_CD,VER_NBR) VALUES ('1877','1876','SPEA-BL','school',1)
/
INSERT INTO KREW_RULE_T (RULE_ID,NM,RULE_VER_NBR,RULE_TMPL_ID,RULE_EXPR_ID,ACTV_IND,RULE_BASE_VAL_DESC,FRC_ACTN,DOC_TYP_NM,DOC_HDR_ID,FRM_DT,TO_DT,DACTVN_DT,CUR_IND,TMPL_RULE_IND,PREV_VER_RULE_ID,DLGN_IND,ACTVN_DT,OBJ_ID,VER_NBR) VALUES ('1878','862491A21DE108BFE0404F0A3A627BFA',0,'1672',null,1,'send acknowledgment to school BL-ARSC',1,'OfficeOfAffirmativeAction',null,null,null,null,1,0,null,0,TO_DATE('2013-03-29 16:15:26', 'YYYY-MM-DD HH24:MI:SS'),'4a075757-8edf-498d-85f8-d4f0795aeddd',1)
/
INSERT INTO KREW_RULE_RSP_T (RULE_RSP_ID,RSP_ID,RULE_ID,PRIO,ACTN_RQST_CD,NM,TYP,APPR_PLCY,OBJ_ID,VER_NBR) VALUES ('2157','2155','1878',1,'K','10033','G','F','6311b28c-2fea-42ab-ba1d-66c50bed3417',1)
/
INSERT INTO KREW_RULE_RSP_T (RULE_RSP_ID,RSP_ID,RULE_ID,PRIO,ACTN_RQST_CD,NM,TYP,APPR_PLCY,OBJ_ID,VER_NBR) VALUES ('2158','2156','1878',2,'K','10013','G','F','5a61eb0f-0a2f-436d-9f25-27442e4304f0',1)
/
INSERT INTO KREW_RULE_EXT_T (RULE_EXT_ID,RULE_TMPL_ATTR_ID,RULE_ID,VER_NBR) VALUES ('1879','1673','1878',1)
/
INSERT INTO KREW_RULE_EXT_VAL_T (RULE_EXT_VAL_ID,RULE_EXT_ID,VAL,KEY_CD,VER_NBR) VALUES ('1880','1879','BL','campus',1)
/
INSERT INTO KREW_RULE_EXT_T (RULE_EXT_ID,RULE_TMPL_ATTR_ID,RULE_ID,VER_NBR) VALUES ('1881','1674','1878',1)
/
INSERT INTO KREW_RULE_EXT_VAL_T (RULE_EXT_VAL_ID,RULE_EXT_ID,VAL,KEY_CD,VER_NBR) VALUES ('1882','1881','ARSC-BL','school',1)
/
INSERT INTO KREW_RULE_T (RULE_ID,NM,RULE_VER_NBR,RULE_TMPL_ID,RULE_EXPR_ID,ACTV_IND,RULE_BASE_VAL_DESC,FRC_ACTN,DOC_TYP_NM,DOC_HDR_ID,FRM_DT,TO_DT,DACTVN_DT,CUR_IND,TMPL_RULE_IND,PREV_VER_RULE_ID,DLGN_IND,ACTVN_DT,OBJ_ID,VER_NBR) VALUES ('1883','862491A2247B08BFE0404F0A3A627BFA',0,'1672',null,1,'send acknowledgment to school BL-CCCS',1,'OfficeOfAffirmativeAction',null,null,null,null,1,0,null,0,TO_DATE('2013-03-29 16:15:26', 'YYYY-MM-DD HH24:MI:SS'),'24b5a719-60e2-4584-b32e-449b72fdf21d',1)
/
INSERT INTO KREW_RULE_RSP_T (RULE_RSP_ID,RSP_ID,RULE_ID,PRIO,ACTN_RQST_CD,NM,TYP,APPR_PLCY,OBJ_ID,VER_NBR) VALUES ('2160','2159','1883',1,'K','10012','G','F','a48552c2-4867-4432-a2f7-36ffd4f3d4e9',1)
/
INSERT INTO KREW_RULE_EXT_T (RULE_EXT_ID,RULE_TMPL_ATTR_ID,RULE_ID,VER_NBR) VALUES ('1884','1673','1883',1)
/
INSERT INTO KREW_RULE_EXT_VAL_T (RULE_EXT_VAL_ID,RULE_EXT_ID,VAL,KEY_CD,VER_NBR) VALUES ('1885','1884','BL','campus',1)
/
INSERT INTO KREW_RULE_EXT_T (RULE_EXT_ID,RULE_TMPL_ATTR_ID,RULE_ID,VER_NBR) VALUES ('1886','1674','1883',1)
/
INSERT INTO KREW_RULE_EXT_VAL_T (RULE_EXT_VAL_ID,RULE_EXT_ID,VAL,KEY_CD,VER_NBR) VALUES ('1887','1886','CCCS-BL','school',1)
/
INSERT INTO KREW_RULE_T (RULE_ID,NM,RULE_VER_NBR,RULE_TMPL_ID,RULE_EXPR_ID,ACTV_IND,RULE_BASE_VAL_DESC,FRC_ACTN,DOC_TYP_NM,DOC_HDR_ID,FRM_DT,TO_DT,DACTVN_DT,CUR_IND,TMPL_RULE_IND,PREV_VER_RULE_ID,DLGN_IND,ACTVN_DT,OBJ_ID,VER_NBR) VALUES ('1888','862491A23D0008BFE0404F0A3A627BFA',0,'1672',null,1,'send acknowledgment to school BL-VPUE',1,'OfficeOfAffirmativeAction',null,null,null,null,1,0,null,0,TO_DATE('2013-03-29 16:15:26', 'YYYY-MM-DD HH24:MI:SS'),'9e443dc5-8bfe-4b97-8aef-48550050aae7',1)
/
INSERT INTO KREW_RULE_RSP_T (RULE_RSP_ID,RSP_ID,RULE_ID,PRIO,ACTN_RQST_CD,NM,TYP,APPR_PLCY,OBJ_ID,VER_NBR) VALUES ('2162','2161','1888',1,'K','10030','G','F','c6ecb0a7-7ff9-478e-9243-9ae1f5ccbe43',1)
/
INSERT INTO KREW_RULE_EXT_T (RULE_EXT_ID,RULE_TMPL_ATTR_ID,RULE_ID,VER_NBR) VALUES ('1889','1673','1888',1)
/
INSERT INTO KREW_RULE_EXT_VAL_T (RULE_EXT_VAL_ID,RULE_EXT_ID,VAL,KEY_CD,VER_NBR) VALUES ('1890','1889','BL','campus',1)
/
INSERT INTO KREW_RULE_EXT_T (RULE_EXT_ID,RULE_TMPL_ATTR_ID,RULE_ID,VER_NBR) VALUES ('1891','1674','1888',1)
/
INSERT INTO KREW_RULE_EXT_VAL_T (RULE_EXT_VAL_ID,RULE_EXT_ID,VAL,KEY_CD,VER_NBR) VALUES ('1892','1891','VPUE-BL','school',1)
/
INSERT INTO KREW_RULE_T (RULE_ID,NM,RULE_VER_NBR,RULE_TMPL_ID,RULE_EXPR_ID,ACTV_IND,RULE_BASE_VAL_DESC,FRC_ACTN,DOC_TYP_NM,DOC_HDR_ID,FRM_DT,TO_DT,DACTVN_DT,CUR_IND,TMPL_RULE_IND,PREV_VER_RULE_ID,DLGN_IND,ACTVN_DT,OBJ_ID,VER_NBR) VALUES ('1893','862491A23D0108BFE0404F0A3A627BFA',0,'1672',null,1,'send acknowledgment to school BL-VPFA',1,'OfficeOfAffirmativeAction',null,null,null,null,1,0,null,0,TO_DATE('2013-03-29 16:15:26', 'YYYY-MM-DD HH24:MI:SS'),'fd6affea-07e3-4e55-bffb-bfc72cfebb1f',1)
/
INSERT INTO KREW_RULE_RSP_T (RULE_RSP_ID,RSP_ID,RULE_ID,PRIO,ACTN_RQST_CD,NM,TYP,APPR_PLCY,OBJ_ID,VER_NBR) VALUES ('2164','2163','1893',1,'K','10029','G','F','103cd37f-fb9b-4cb0-99eb-9a9494fee314',1)
/
INSERT INTO KREW_RULE_EXT_T (RULE_EXT_ID,RULE_TMPL_ATTR_ID,RULE_ID,VER_NBR) VALUES ('1894','1673','1893',1)
/
INSERT INTO KREW_RULE_EXT_VAL_T (RULE_EXT_VAL_ID,RULE_EXT_ID,VAL,KEY_CD,VER_NBR) VALUES ('1895','1894','BL','campus',1)
/
INSERT INTO KREW_RULE_EXT_T (RULE_EXT_ID,RULE_TMPL_ATTR_ID,RULE_ID,VER_NBR) VALUES ('1896','1674','1893',1)
/
INSERT INTO KREW_RULE_EXT_VAL_T (RULE_EXT_VAL_ID,RULE_EXT_ID,VAL,KEY_CD,VER_NBR) VALUES ('1897','1896','VPFA-BL','school',1)
/
INSERT INTO KREW_RULE_T (RULE_ID,NM,RULE_VER_NBR,RULE_TMPL_ID,RULE_EXPR_ID,ACTV_IND,RULE_BASE_VAL_DESC,FRC_ACTN,DOC_TYP_NM,DOC_HDR_ID,FRM_DT,TO_DT,DACTVN_DT,CUR_IND,TMPL_RULE_IND,PREV_VER_RULE_ID,DLGN_IND,ACTVN_DT,OBJ_ID,VER_NBR) VALUES ('1898','862491A23D0208BFE0404F0A3A627BFA',0,'1672',null,1,'send acknowledgment to school BL-RUAD',1,'OfficeOfAffirmativeAction',null,null,null,null,1,0,null,0,TO_DATE('2013-03-29 16:15:26', 'YYYY-MM-DD HH24:MI:SS'),'16043623-2a42-47fe-ab5c-97f47edd4602',1)
/
INSERT INTO KREW_RULE_RSP_T (RULE_RSP_ID,RSP_ID,RULE_ID,PRIO,ACTN_RQST_CD,NM,TYP,APPR_PLCY,OBJ_ID,VER_NBR) VALUES ('2166','2165','1898',1,'K','10031','G','F','8ef7cb56-c707-47e7-baea-62f49b4de859',1)
/
INSERT INTO KREW_RULE_EXT_T (RULE_EXT_ID,RULE_TMPL_ATTR_ID,RULE_ID,VER_NBR) VALUES ('1899','1673','1898',1)
/
INSERT INTO KREW_RULE_EXT_VAL_T (RULE_EXT_VAL_ID,RULE_EXT_ID,VAL,KEY_CD,VER_NBR) VALUES ('1900','1899','BL','campus',1)
/
INSERT INTO KREW_RULE_EXT_T (RULE_EXT_ID,RULE_TMPL_ATTR_ID,RULE_ID,VER_NBR) VALUES ('1901','1674','1898',1)
/
INSERT INTO KREW_RULE_EXT_VAL_T (RULE_EXT_VAL_ID,RULE_EXT_ID,VAL,KEY_CD,VER_NBR) VALUES ('1902','1901','RUAD-BL','school',1)
/
INSERT INTO KREW_RULE_T (RULE_ID,NM,RULE_VER_NBR,RULE_TMPL_ID,RULE_EXPR_ID,ACTV_IND,RULE_BASE_VAL_DESC,FRC_ACTN,DOC_TYP_NM,DOC_HDR_ID,FRM_DT,TO_DT,DACTVN_DT,CUR_IND,TMPL_RULE_IND,PREV_VER_RULE_ID,DLGN_IND,ACTVN_DT,OBJ_ID,VER_NBR) VALUES ('1903','862491A2598A08BFE0404F0A3A627BFA',0,'1672',null,1,'send acknowledgment to school BL-RCEN',1,'OfficeOfAffirmativeAction',null,null,null,null,1,0,null,0,TO_DATE('2013-03-29 16:15:26', 'YYYY-MM-DD HH24:MI:SS'),'bf5f6e84-3ffb-4201-82a2-1398cf20020e',1)
/
INSERT INTO KREW_RULE_RSP_T (RULE_RSP_ID,RSP_ID,RULE_ID,PRIO,ACTN_RQST_CD,NM,TYP,APPR_PLCY,OBJ_ID,VER_NBR) VALUES ('2169','2167','1903',1,'K','admin','F','F','fadca3dd-f779-4f29-af44-fadc1add6731',1)
/
INSERT INTO KREW_RULE_RSP_T (RULE_RSP_ID,RSP_ID,RULE_ID,PRIO,ACTN_RQST_CD,NM,TYP,APPR_PLCY,OBJ_ID,VER_NBR) VALUES ('2170','2168','1903',1,'K','10014','G','F','3cb9ef16-748c-4858-9198-9294c7c5cd71',1)
/
INSERT INTO KREW_RULE_EXT_T (RULE_EXT_ID,RULE_TMPL_ATTR_ID,RULE_ID,VER_NBR) VALUES ('1904','1673','1903',1)
/
INSERT INTO KREW_RULE_EXT_VAL_T (RULE_EXT_VAL_ID,RULE_EXT_ID,VAL,KEY_CD,VER_NBR) VALUES ('1905','1904','BL','campus',1)
/
INSERT INTO KREW_RULE_EXT_T (RULE_EXT_ID,RULE_TMPL_ATTR_ID,RULE_ID,VER_NBR) VALUES ('1906','1674','1903',1)
/
INSERT INTO KREW_RULE_EXT_VAL_T (RULE_EXT_VAL_ID,RULE_EXT_ID,VAL,KEY_CD,VER_NBR) VALUES ('1907','1906','RCEN-BL','school',1)
/
INSERT INTO KREW_RULE_T (RULE_ID,NM,RULE_VER_NBR,RULE_TMPL_ID,RULE_EXPR_ID,ACTV_IND,RULE_BASE_VAL_DESC,FRC_ACTN,DOC_TYP_NM,DOC_HDR_ID,FRM_DT,TO_DT,DACTVN_DT,CUR_IND,TMPL_RULE_IND,PREV_VER_RULE_ID,DLGN_IND,ACTVN_DT,OBJ_ID,VER_NBR) VALUES ('1908','862491A2169908BFE0404F0A3A627BFA',0,'1672',null,1,'send acknowledgment to school BL-PSY',1,'OfficeOfAffirmativeAction',null,null,null,null,1,0,null,0,TO_DATE('2013-03-29 16:15:26', 'YYYY-MM-DD HH24:MI:SS'),'47ba1a59-d68b-4af9-b30c-44266be4f386',1)
/
INSERT INTO KREW_RULE_RSP_T (RULE_RSP_ID,RSP_ID,RULE_ID,PRIO,ACTN_RQST_CD,NM,TYP,APPR_PLCY,OBJ_ID,VER_NBR) VALUES ('2172','2171','1908',1,'K','10005','G','F','6ea4d704-67fb-4c6e-8560-ff8180d7c43c',1)
/
INSERT INTO KREW_RULE_T (RULE_ID,NM,RULE_VER_NBR,RULE_TMPL_ID,RULE_EXPR_ID,ACTV_IND,RULE_BASE_VAL_DESC,FRC_ACTN,DOC_TYP_NM,DOC_HDR_ID,FRM_DT,TO_DT,DACTVN_DT,CUR_IND,TMPL_RULE_IND,PREV_VER_RULE_ID,DLGN_IND,ACTVN_DT,OBJ_ID,VER_NBR) VALUES ('1909','862491A21BA908BFE0404F0A3A627BFA',0,'1672',null,1,'send acknowledgment to school BL-DFAC',1,'OfficeOfAffirmativeAction',null,null,null,null,1,0,null,0,TO_DATE('2013-03-29 16:15:26', 'YYYY-MM-DD HH24:MI:SS'),'7e3d7b7c-dc98-4c6d-95ab-dc68d96c7af4',1)
/
INSERT INTO KREW_RULE_RSP_T (RULE_RSP_ID,RSP_ID,RULE_ID,PRIO,ACTN_RQST_CD,NM,TYP,APPR_PLCY,OBJ_ID,VER_NBR) VALUES ('2174','2173','1909',1,'K','10028','G','F','5e1367c2-43e2-4154-a78f-51dbcd727efd',1)
/
INSERT INTO KREW_RULE_T (RULE_ID,NM,RULE_VER_NBR,RULE_TMPL_ID,RULE_EXPR_ID,ACTV_IND,RULE_BASE_VAL_DESC,FRC_ACTN,DOC_TYP_NM,DOC_HDR_ID,FRM_DT,TO_DT,DACTVN_DT,CUR_IND,TMPL_RULE_IND,PREV_VER_RULE_ID,DLGN_IND,ACTVN_DT,OBJ_ID,VER_NBR) VALUES ('1910','862491A2169708BFE0404F0A3A627BFA',0,'1672',null,1,'send acknowledgment to school BL-COAS',1,'OfficeOfAffirmativeAction',null,null,null,null,1,0,null,0,TO_DATE('2013-03-29 16:15:26', 'YYYY-MM-DD HH24:MI:SS'),'1231ea77-d024-4e65-89bd-f58aefbb4fe2',1)
/
INSERT INTO KREW_RULE_RSP_T (RULE_RSP_ID,RSP_ID,RULE_ID,PRIO,ACTN_RQST_CD,NM,TYP,APPR_PLCY,OBJ_ID,VER_NBR) VALUES ('2176','2175','1910',1,'K','10032','G','F','e510cca7-cc66-4ef8-b2f6-f7a293143498',1)
/
INSERT INTO KREW_RULE_T (RULE_ID,NM,RULE_VER_NBR,RULE_TMPL_ID,RULE_EXPR_ID,ACTV_IND,RULE_BASE_VAL_DESC,FRC_ACTN,DOC_TYP_NM,DOC_HDR_ID,FRM_DT,TO_DT,DACTVN_DT,CUR_IND,TMPL_RULE_IND,PREV_VER_RULE_ID,DLGN_IND,ACTVN_DT,OBJ_ID,VER_NBR) VALUES ('1911','862491A21BA808BFE0404F0A3A627BFA',0,'1678',null,1,'School/RC of Bl-DFAC for OAA eDoc Lite',0,'OfficeOfAffirmativeAction',null,null,null,null,1,0,null,0,TO_DATE('2013-03-29 16:15:26', 'YYYY-MM-DD HH24:MI:SS'),'fe27c124-b13c-4afe-a977-dd35f3f168f3',1)
/
INSERT INTO KREW_RULE_RSP_T (RULE_RSP_ID,RSP_ID,RULE_ID,PRIO,ACTN_RQST_CD,NM,TYP,APPR_PLCY,OBJ_ID,VER_NBR) VALUES ('2178','2177','1911',1,'A','10028','G','F','34b0c8cb-34b5-4e6b-956a-bc76cdbe7d7d',1)
/
INSERT INTO KREW_RULE_EXT_T (RULE_EXT_ID,RULE_TMPL_ATTR_ID,RULE_ID,VER_NBR) VALUES ('1912','1679','1911',1)
/
INSERT INTO KREW_RULE_EXT_VAL_T (RULE_EXT_VAL_ID,RULE_EXT_ID,VAL,KEY_CD,VER_NBR) VALUES ('1913','1912','BL','campus',1)
/
INSERT INTO KREW_RULE_EXT_T (RULE_EXT_ID,RULE_TMPL_ATTR_ID,RULE_ID,VER_NBR) VALUES ('1914','1680','1911',1)
/
INSERT INTO KREW_RULE_EXT_VAL_T (RULE_EXT_VAL_ID,RULE_EXT_ID,VAL,KEY_CD,VER_NBR) VALUES ('1915','1914','VPFA-BL','school',1)
/
INSERT INTO KREW_RULE_T (RULE_ID,NM,RULE_VER_NBR,RULE_TMPL_ID,RULE_EXPR_ID,ACTV_IND,RULE_BASE_VAL_DESC,FRC_ACTN,DOC_TYP_NM,DOC_HDR_ID,FRM_DT,TO_DT,DACTVN_DT,CUR_IND,TMPL_RULE_IND,PREV_VER_RULE_ID,DLGN_IND,ACTVN_DT,OBJ_ID,VER_NBR) VALUES ('1916','91150594-7021-B0E2-775E-A8C15460B12B',0,'1672',null,1,'send acknowledgment to school BL-SPEA',1,'OfficeOfAffirmativeAction',null,null,null,null,1,0,null,0,TO_DATE('2013-03-29 16:15:26', 'YYYY-MM-DD HH24:MI:SS'),'0fd894a0-7220-490e-80ba-c85fb6a2a147',1)
/
INSERT INTO KREW_RULE_RSP_T (RULE_RSP_ID,RSP_ID,RULE_ID,PRIO,ACTN_RQST_CD,NM,TYP,APPR_PLCY,OBJ_ID,VER_NBR) VALUES ('2180','2179','1916',1,'K','10017','G','F','2fbf24dd-686c-4c56-876c-80bb24a4e348',1)
/
INSERT INTO KREW_RULE_EXT_T (RULE_EXT_ID,RULE_TMPL_ATTR_ID,RULE_ID,VER_NBR) VALUES ('1917','1673','1916',1)
/
INSERT INTO KREW_RULE_EXT_VAL_T (RULE_EXT_VAL_ID,RULE_EXT_ID,VAL,KEY_CD,VER_NBR) VALUES ('1918','1917','BL','campus',1)
/
INSERT INTO KREW_RULE_EXT_T (RULE_EXT_ID,RULE_TMPL_ATTR_ID,RULE_ID,VER_NBR) VALUES ('1919','1674','1916',1)
/
INSERT INTO KREW_RULE_EXT_VAL_T (RULE_EXT_VAL_ID,RULE_EXT_ID,VAL,KEY_CD,VER_NBR) VALUES ('1920','1919','SPEA-BL','school',1)
/
INSERT INTO KREW_RULE_T (RULE_ID,NM,RULE_VER_NBR,RULE_TMPL_ID,RULE_EXPR_ID,ACTV_IND,RULE_BASE_VAL_DESC,FRC_ACTN,DOC_TYP_NM,DOC_HDR_ID,FRM_DT,TO_DT,DACTVN_DT,CUR_IND,TMPL_RULE_IND,PREV_VER_RULE_ID,DLGN_IND,ACTVN_DT,OBJ_ID,VER_NBR) VALUES ('1921','3F3CBC4D-3BA6-C0CB-D10A-03A11C4B8E34',0,'1675',null,1,'North West Academic Affairs Approval',0,'OfficeOfAffirmativeAction',null,null,null,null,1,0,null,0,TO_DATE('2013-03-29 16:15:26', 'YYYY-MM-DD HH24:MI:SS'),'9387c572-7c74-4577-9b73-a1d0272c7404',1)
/
INSERT INTO KREW_RULE_RSP_T (RULE_RSP_ID,RSP_ID,RULE_ID,PRIO,ACTN_RQST_CD,NM,TYP,APPR_PLCY,OBJ_ID,VER_NBR) VALUES ('2184','2181','1921',2,'A','10043','G','F','05fdbcc3-f769-4c8c-a9a8-b2c965bc9e54',1)
/
INSERT INTO KREW_RULE_RSP_T (RULE_RSP_ID,RSP_ID,RULE_ID,PRIO,ACTN_RQST_CD,NM,TYP,APPR_PLCY,OBJ_ID,VER_NBR) VALUES ('2185','2182','1921',3,'K','10044','G','F','8307a2f6-aa44-4b89-ae65-cb3e761b1173',1)
/
INSERT INTO KREW_RULE_RSP_T (RULE_RSP_ID,RSP_ID,RULE_ID,PRIO,ACTN_RQST_CD,NM,TYP,APPR_PLCY,OBJ_ID,VER_NBR) VALUES ('2186','2183','1921',1,'A','10041','G','F','28fbaf52-c5e9-4881-963b-97b22c6ea657',1)
/
INSERT INTO KREW_RULE_EXT_T (RULE_EXT_ID,RULE_TMPL_ATTR_ID,RULE_ID,VER_NBR) VALUES ('1922','1676','1921',1)
/
INSERT INTO KREW_RULE_EXT_VAL_T (RULE_EXT_VAL_ID,RULE_EXT_ID,VAL,KEY_CD,VER_NBR) VALUES ('1923','1922','NW','campus',1)
/
INSERT INTO KREW_RULE_T (RULE_ID,NM,RULE_VER_NBR,RULE_TMPL_ID,RULE_EXPR_ID,ACTV_IND,RULE_BASE_VAL_DESC,FRC_ACTN,DOC_TYP_NM,DOC_HDR_ID,FRM_DT,TO_DT,DACTVN_DT,CUR_IND,TMPL_RULE_IND,PREV_VER_RULE_ID,DLGN_IND,ACTVN_DT,OBJ_ID,VER_NBR) VALUES ('1924','31D4F5D9-87C5-E182-F4FA-CF151CF1CC7B',0,'1678',null,1,'School/RC of NW-LIBR for OAA eDoc Lite',0,'OfficeOfAffirmativeAction',null,null,null,null,1,0,null,0,TO_DATE('2013-03-29 16:15:26', 'YYYY-MM-DD HH24:MI:SS'),'2224d51c-c8ea-470e-8013-a55885455a40',1)
/
INSERT INTO KREW_RULE_RSP_T (RULE_RSP_ID,RSP_ID,RULE_ID,PRIO,ACTN_RQST_CD,NM,TYP,APPR_PLCY,OBJ_ID,VER_NBR) VALUES ('2188','2187','1924',1,'A','10035','G','F','5d6280e1-31c3-4e19-baaf-6df2d39873e2',1)
/
INSERT INTO KREW_RULE_EXT_T (RULE_EXT_ID,RULE_TMPL_ATTR_ID,RULE_ID,VER_NBR) VALUES ('1925','1679','1924',1)
/
INSERT INTO KREW_RULE_EXT_VAL_T (RULE_EXT_VAL_ID,RULE_EXT_ID,VAL,KEY_CD,VER_NBR) VALUES ('1926','1925','NW','campus',1)
/
INSERT INTO KREW_RULE_EXT_T (RULE_EXT_ID,RULE_TMPL_ATTR_ID,RULE_ID,VER_NBR) VALUES ('1927','1680','1924',1)
/
INSERT INTO KREW_RULE_EXT_VAL_T (RULE_EXT_VAL_ID,RULE_EXT_ID,VAL,KEY_CD,VER_NBR) VALUES ('1928','1927','LIBR-NW','school',1)
/
INSERT INTO KREW_RULE_T (RULE_ID,NM,RULE_VER_NBR,RULE_TMPL_ID,RULE_EXPR_ID,ACTV_IND,RULE_BASE_VAL_DESC,FRC_ACTN,DOC_TYP_NM,DOC_HDR_ID,FRM_DT,TO_DT,DACTVN_DT,CUR_IND,TMPL_RULE_IND,PREV_VER_RULE_ID,DLGN_IND,ACTVN_DT,OBJ_ID,VER_NBR) VALUES ('1929','230E2E42-F9B3-0093-D7A4-9C4F3F8EB9B2',0,'1678',null,1,'School/RC of NW-SOE for OAA eDoc Lite',0,'OfficeOfAffirmativeAction',null,null,null,null,1,0,null,0,TO_DATE('2013-03-29 16:15:26', 'YYYY-MM-DD HH24:MI:SS'),'f40db66e-8f10-4fa7-9cb0-8a5572f1096b',1)
/
INSERT INTO KREW_RULE_RSP_T (RULE_RSP_ID,RSP_ID,RULE_ID,PRIO,ACTN_RQST_CD,NM,TYP,APPR_PLCY,OBJ_ID,VER_NBR) VALUES ('2190','2189','1929',1,'A','10037','G','F','992d0819-4384-42c3-92a6-d4e687f59360',1)
/
INSERT INTO KREW_RULE_EXT_T (RULE_EXT_ID,RULE_TMPL_ATTR_ID,RULE_ID,VER_NBR) VALUES ('1930','1679','1929',1)
/
INSERT INTO KREW_RULE_EXT_VAL_T (RULE_EXT_VAL_ID,RULE_EXT_ID,VAL,KEY_CD,VER_NBR) VALUES ('1931','1930','NW','campus',1)
/
INSERT INTO KREW_RULE_EXT_T (RULE_EXT_ID,RULE_TMPL_ATTR_ID,RULE_ID,VER_NBR) VALUES ('1932','1680','1929',1)
/
INSERT INTO KREW_RULE_EXT_VAL_T (RULE_EXT_VAL_ID,RULE_EXT_ID,VAL,KEY_CD,VER_NBR) VALUES ('1933','1932','SOE-NW','school',1)
/
INSERT INTO KREW_RULE_T (RULE_ID,NM,RULE_VER_NBR,RULE_TMPL_ID,RULE_EXPR_ID,ACTV_IND,RULE_BASE_VAL_DESC,FRC_ACTN,DOC_TYP_NM,DOC_HDR_ID,FRM_DT,TO_DT,DACTVN_DT,CUR_IND,TMPL_RULE_IND,PREV_VER_RULE_ID,DLGN_IND,ACTVN_DT,OBJ_ID,VER_NBR) VALUES ('1934','862491A2169508BFE0404F0A3A627BFA',0,'1669',null,1,'Bloomington Office of Affirmative Action',0,'OfficeOfAffirmativeAction',null,null,null,null,1,0,null,0,TO_DATE('2013-03-29 16:15:26', 'YYYY-MM-DD HH24:MI:SS'),'6b059fa5-f3b5-4512-8dfe-b2a88f32da1c',1)
/
INSERT INTO KREW_RULE_RSP_T (RULE_RSP_ID,RSP_ID,RULE_ID,PRIO,ACTN_RQST_CD,NM,TYP,APPR_PLCY,OBJ_ID,VER_NBR) VALUES ('2193','2191','1934',1,'A','10003','G','F','3c68c387-c7b2-4945-b823-ab93713a734d',1)
/
INSERT INTO KREW_RULE_RSP_T (RULE_RSP_ID,RSP_ID,RULE_ID,PRIO,ACTN_RQST_CD,NM,TYP,APPR_PLCY,OBJ_ID,VER_NBR) VALUES ('2194','2192','1934',2,'A','10002','G','F','2ddc742c-18fb-4f4c-b65f-444905f6c383',1)
/
INSERT INTO KREW_RULE_EXT_T (RULE_EXT_ID,RULE_TMPL_ATTR_ID,RULE_ID,VER_NBR) VALUES ('1935','1670','1934',1)
/
INSERT INTO KREW_RULE_EXT_VAL_T (RULE_EXT_VAL_ID,RULE_EXT_ID,VAL,KEY_CD,VER_NBR) VALUES ('1936','1935','BL','campus',1)
/
INSERT INTO KREW_RULE_T (RULE_ID,NM,RULE_VER_NBR,RULE_TMPL_ID,RULE_EXPR_ID,ACTV_IND,RULE_BASE_VAL_DESC,FRC_ACTN,DOC_TYP_NM,DOC_HDR_ID,FRM_DT,TO_DT,DACTVN_DT,CUR_IND,TMPL_RULE_IND,PREV_VER_RULE_ID,DLGN_IND,ACTVN_DT,OBJ_ID,VER_NBR) VALUES ('1937','2B565356-35E3-E36F-6F4F-D2E28E04D299',0,'1672',null,1,'send acknowledgment to school NW-AA',0,'OfficeOfAffirmativeAction',null,null,null,null,1,0,null,0,TO_DATE('2013-03-29 16:15:26', 'YYYY-MM-DD HH24:MI:SS'),'894a656d-b5c5-4b88-83c6-845a7b708d65',1)
/
INSERT INTO KREW_RULE_RSP_T (RULE_RSP_ID,RSP_ID,RULE_ID,PRIO,ACTN_RQST_CD,NM,TYP,APPR_PLCY,OBJ_ID,VER_NBR) VALUES ('2196','2195','1937',1,'K','10038','G','F','be5d07c7-8b65-4b55-966c-7745fbc48613',1)
/
INSERT INTO KREW_RULE_EXT_T (RULE_EXT_ID,RULE_TMPL_ATTR_ID,RULE_ID,VER_NBR) VALUES ('1938','1673','1937',1)
/
INSERT INTO KREW_RULE_EXT_VAL_T (RULE_EXT_VAL_ID,RULE_EXT_ID,VAL,KEY_CD,VER_NBR) VALUES ('1939','1938','NW','campus',1)
/
INSERT INTO KREW_RULE_EXT_T (RULE_EXT_ID,RULE_TMPL_ATTR_ID,RULE_ID,VER_NBR) VALUES ('1940','1674','1937',1)
/
INSERT INTO KREW_RULE_EXT_VAL_T (RULE_EXT_VAL_ID,RULE_EXT_ID,VAL,KEY_CD,VER_NBR) VALUES ('1941','1940','AA-NW','school',1)
/
INSERT INTO KREW_RULE_T (RULE_ID,NM,RULE_VER_NBR,RULE_TMPL_ID,RULE_EXPR_ID,ACTV_IND,RULE_BASE_VAL_DESC,FRC_ACTN,DOC_TYP_NM,DOC_HDR_ID,FRM_DT,TO_DT,DACTVN_DT,CUR_IND,TMPL_RULE_IND,PREV_VER_RULE_ID,DLGN_IND,ACTVN_DT,OBJ_ID,VER_NBR) VALUES ('1942','95684ECE-8F5C-9B3C-C71D-38841353CA46',0,'1678',null,1,'School/RC of UA-CYOP for OAA eDoc Lite',0,'OfficeOfAffirmativeAction',null,null,null,null,1,0,null,0,TO_DATE('2013-03-29 16:15:26', 'YYYY-MM-DD HH24:MI:SS'),'28fe1ab8-02f2-43fb-8842-d033756a709b',1)
/
INSERT INTO KREW_RULE_RSP_T (RULE_RSP_ID,RSP_ID,RULE_ID,PRIO,ACTN_RQST_CD,NM,TYP,APPR_PLCY,OBJ_ID,VER_NBR) VALUES ('2198','2197','1942',1,'A','10034','G','F','7767ad84-c8fb-4729-8349-cd6193140095',1)
/
INSERT INTO KREW_RULE_EXT_T (RULE_EXT_ID,RULE_TMPL_ATTR_ID,RULE_ID,VER_NBR) VALUES ('1943','1679','1942',1)
/
INSERT INTO KREW_RULE_EXT_VAL_T (RULE_EXT_VAL_ID,RULE_EXT_ID,VAL,KEY_CD,VER_NBR) VALUES ('1944','1943','BL','campus',1)
/
INSERT INTO KREW_RULE_EXT_T (RULE_EXT_ID,RULE_TMPL_ATTR_ID,RULE_ID,VER_NBR) VALUES ('1945','1680','1942',1)
/
INSERT INTO KREW_RULE_EXT_VAL_T (RULE_EXT_VAL_ID,RULE_EXT_ID,VAL,KEY_CD,VER_NBR) VALUES ('1946','1945','CYOP-UA','school',1)
/
INSERT INTO KREW_RULE_T (RULE_ID,NM,RULE_VER_NBR,RULE_TMPL_ID,RULE_EXPR_ID,ACTV_IND,RULE_BASE_VAL_DESC,FRC_ACTN,DOC_TYP_NM,DOC_HDR_ID,FRM_DT,TO_DT,DACTVN_DT,CUR_IND,TMPL_RULE_IND,PREV_VER_RULE_ID,DLGN_IND,ACTVN_DT,OBJ_ID,VER_NBR) VALUES ('1947','E9D4B4E3-5C86-8BAB-4AFE-65FBE9136596',0,'1672',null,1,'Sends acknowledgment to school UA-CYOP',0,'OfficeOfAffirmativeAction',null,null,null,null,1,0,null,0,TO_DATE('2013-03-29 16:15:26', 'YYYY-MM-DD HH24:MI:SS'),'90b1363a-839c-46e3-b377-9ffd618e423f',1)
/
INSERT INTO KREW_RULE_RSP_T (RULE_RSP_ID,RSP_ID,RULE_ID,PRIO,ACTN_RQST_CD,NM,TYP,APPR_PLCY,OBJ_ID,VER_NBR) VALUES ('2200','2199','1947',1,'K','10034','G','F','f7dc67de-5545-40b9-89d4-adba56b0aefb',1)
/
INSERT INTO KREW_RULE_EXT_T (RULE_EXT_ID,RULE_TMPL_ATTR_ID,RULE_ID,VER_NBR) VALUES ('1948','1673','1947',1)
/
INSERT INTO KREW_RULE_EXT_VAL_T (RULE_EXT_VAL_ID,RULE_EXT_ID,VAL,KEY_CD,VER_NBR) VALUES ('1949','1948','BL','campus',1)
/
INSERT INTO KREW_RULE_EXT_T (RULE_EXT_ID,RULE_TMPL_ATTR_ID,RULE_ID,VER_NBR) VALUES ('1950','1674','1947',1)
/
INSERT INTO KREW_RULE_EXT_VAL_T (RULE_EXT_VAL_ID,RULE_EXT_ID,VAL,KEY_CD,VER_NBR) VALUES ('1951','1950','CYOP-UA','school',1)
/
declare
vClobVal varchar2(32767) := '<edl name="InterviewRequestForm" title="Interview Request"><security/><createInstructions/><instructions/>\r\n	        <attributes>  <attribute name="DFAC.ViceChancellorforAcademicAffairsandDeanOfFacultiesAdHocNetworkIdRoleAttribute">    <field attributeField="networkId" edlField="ViceChancellorAdHoc"/>  </attribute>  <attribute name="DFAC.AffirmativeActionOfficerAdHocNetworkIdRoleAttribute">    <field attributeField="networkId" edlField="AffirmativeActionOfficerAdHoc"/>  </attribute></attributes>  <javascript><![CDATA[function textCounterEval(maxlimit, fieldvalue) {\r\n	var msg = fieldvalue;\r\n	var charnum = msg.length;\r\n	if(charnum >= maxlimit){\r\n		return true;\r\n	} else{\r\n		return false\r\n	}\r\n	}]]></javascript><fieldDef name="ViceChancellorAdHoc" title="AdHoc Responsibility 2(username):">  <display>    <type>networkId</type>    <meta><name>size</name><value>10</value>    </meta>  </display>  <validation required="false"/></fieldDef><fieldDef name="AffirmativeActionOfficerAdHoc" title="AdHoc Responsibility 1(username):">  <display>    <type>networkId</type>    <meta><name>size</name><value>10</value>    </meta>  </display>  <validation required="false"/></fieldDef><fieldDef name="oaa" title="OAA">  <display>    <type>text</type>  </display>  <validation required="true"/></fieldDef><fieldDef attributeName="DFAC.CampusAttribute" name="campus" title="Campus">  <value>Select</value>  <display>    <type>select</type>    <values title="(BL) Bloomington">BL</values>  </display>  <validation required="true">    <regex>[^Select]</regex>    <message>Please Select a Campus.</message>  </validation></fieldDef><fieldDef attributeName="DFAC.SchoolAttribute" name="school" title="School / RC">  <value>Select</value>  <display>    <type>select</type>    <!-- Bloomington School Section Starts Here --><values title="BUS-BL">BUS-BL</values>  </display>  <validation required="true">    <regex>[^Select]</regex>    <message>Please Select a School.</message>  </validation></fieldDef><fieldDef name="department1" title="Department">  <display>    <type>text</type>  </display>  <validation required="true"/></fieldDef><fieldDef name="title" title="Title">  <display>    <type>text</type>  </display>  <validation required="true"/></fieldDef><fieldDef name="rank" title="Salary Grade">  <display>    <type>text</type>  </display>  <validation required="true"/></fieldDef><fieldDef name="acctPosNum" title="Acct./Position#">  <display>    <type>text</type>  </display>  <validation required="true"/></fieldDef><fieldDef name="appointmentStatus" title="Appointment Status">  <display>    <type>select</type>    <values title=">null</values>    <values title="Non-Tenure Track">NON</values>    <values title="Tenure Track">TRACK</values>    <values title="Tenure">TENURE</values>  </display>  <validation required="true">    <regex>[^null]</regex>    <message>Please Select a Status.</message>  </validation></fieldDef><!-- candidate 1 --><fieldDef name="candidate1Name" title=">  <display>    <type>text</type>  </display>  <validation required="true">    <message>A valid name is required</message>  </validation></fieldDef><fieldDef name="candidate1ApplicationDate" title=">  <display>    <type>text</type>  </display>  <validation required="true">    <regex>^[0-1]?[0-9](/|-)[0-3]?[0-9](/|-)[1-2][0-9][0-9][0-9]$</regex>    <message>Enter a valid date in the format mm/dd/yyyy</message>  </validation></fieldDef><fieldDef name="candidate1RequestInterview" title=">  <value>no</value>  <display>    <type>radio</type>    <values title="Yes">yes</values>    <values title="No">no</values>  </display>  <validation required="true"/></fieldDef><fieldDef name="candidate1Sex" title=">  <display>    <type>text</type>  </display></fieldDef><fieldDef name="candidate1Ethnicity" title=">  <display>    <type>text</type>  </display></fieldDef><!-- candidate 2 --><fieldDef name="candidate2Name" title=">  <display>    <type>text</type>  </display></fieldDef><fieldDef name="candidate2ApplicationDate" title=">  <display>    <type>text</type>  </display>  <validation required="false">    <regex>^[0-1]?[0-9](/|-)[0-3]?[0-9](/|-)[1-2][0-9][0-9][0-9]$</regex>    <message>Enter a valid date in the format mm/dd/yyyy</message>  </validation></fieldDef><fieldDef name="candidate2RequestInterview" title=">  <value>no</value>  <display>    <type>radio</type>    <values title="Yes">yes</values>    <values title="No">no</values>  </display>  <validation required="false"/></fieldDef><fieldDef name="candidate2Sex" title=">  <display>    <type>text</type>  </display></fieldDef><fieldDef name="candidate2Ethnicity" title=">  <display>    <type>text</type>  </display></fieldDef><!-- candidate 3 --><fieldDef name="candidate3Name" title=">  <display>    <type>text</type>  </display></fieldDef><fieldDef name="candidate3ApplicationDate" title=">  <display>    <type>text</type>  </display>  <validation required="false">    <regex>^[0-1]?[0-9](/|-)[0-3]?[0-9](/|-)[1-2][0-9][0-9][0-9]$</regex>    <message>Enter a valid date in the format mm/dd/yyyy</message>  </validation></fieldDef><fieldDef name="candidate3RequestInterview" title=">  <value>no</value>  <display>    <type>radio</type>    <values title="Yes">yes</values>    <values title="No">no</values>  </display>  <validation required="false"/></fieldDef><fieldDef name="candidate3Sex" title=">  <display>    <type>text</type>  </display></fieldDef><fieldDef name="candidate3Ethnicity" title=">  <display>    <type>text</type>  </display></fieldDef><!-- candidate 4 --><fieldDef name="candidate4Name" title=">  <display>    <type>text</type>  </display></fieldDef><fieldDef name="candidate4ApplicationDate" title=">  <display>    <type>text</type>  </display>  <validation required="false">    <regex>^[0-1]?[0-9](/|-)[0-3]?[0-9](/|-)[1-2][0-9][0-9][0-9]$</regex>    <message>Enter a valid date in the format mm/dd/yyyy</message>  </validation></fieldDef><fieldDef name="candidate4RequestInterview" title=">  <value>no</value>  <display>    <type>radio</type>    <values title="Yes">yes</values>    <values title="No">no</values>  </display>  <validation required="false"/></fieldDef><fieldDef name="candidate4Sex" title=">  <display>    <type>text</type>  </display></fieldDef><fieldDef name="candidate4Ethnicity" title=">  <display>    <type>text</type>  </display></fieldDef><!-- candidate 5 --><fieldDef name="candidate5Name" title=">  <display>    <type>text</type>  </display></fieldDef><fieldDef name="candidate5ApplicationDate" title=">  <display>    <type>text</type>  </display>  <validation required="false">    <regex>^[0-1]?[0-9](/|-)[0-3]?[0-9](/|-)[1-2][0-9][0-9][0-9]$</regex>    <message>Enter a valid date in the format mm/dd/yyyy</message>  </validation></fieldDef><fieldDef name="candidate5RequestInterview" title=">  <value>no</value>  <display>    <type>radio</type>    <values title="Yes">yes</values>    <values title="No">no</values>  </display>  <validation required="false"/></fieldDef><fieldDef name="candidate5Sex" title=">  <display>    <type>text</type>  </display></fieldDef><fieldDef name="candidate5Ethnicity" title=">  <display>    <type>text</type>  </display></fieldDef><!-- candidate 6 --><fieldDef name="candidate6Name" title=">  <display>    <type>text</type>  </display></fieldDef><fieldDef name="candidate6ApplicationDate" title=">  <display>    <type>text</type>  </display>  <validation required="false">    <regex>^[0-1]?[0-9](/|-)[0-3]?[0-9](/|-)[1-2][0-9][0-9][0-9]$</regex>    <message>Enter a valid date in the format mm/dd/yyyy</message>  </validation></fieldDef><fieldDef name="candidate6RequestInterview" title=">  <value>no</value>  <display>    <type>radio</type>    <values title="Yes">yes</values>    <values title="No">no</values>  </display>  <validation required="false"/></fieldDef><fieldDef name="candidate6Sex" title=">  <display>    <type>text</type>  </display></fieldDef><fieldDef name="candidate6Ethnicity" title=">  <display>    <type>text</type>  </display></fieldDef><!-- candidate 7 --><fieldDef name="candidate7Name" title=">  <display>    <type>text</type>  </display></fieldDef><fieldDef name="candidate7ApplicationDate" title=">  <display>    <type>text</type>  </display>  <validation required="false">    <regex>^[0-1]?[0-9](/|-)[0-3]?[0-9](/|-)[1-2][0-9][0-9][0-9]$</regex>    <message>Enter a valid date in the format mm/dd/yyyy</message>  </validation></fieldDef><fieldDef name="candidate7RequestInterview" title=">  <value>no</value>  <display>    <type>radio</type>    <values title="Yes">yes</values>    <values title="No">no</values>  </display>  <validation required="false"/></fieldDef><fieldDef name="candidate7Sex" title=">  <display>    <type>text</type>  </display></fieldDef><fieldDef name="candidate7Ethnicity" title=">  <display>    <type>text</type>  </display></fieldDef><!-- candidate 8 --><fieldDef name="candidate8Name" title=">  <display>    <type>text</type>  </display></fieldDef><fieldDef name="candidate8ApplicationDate" title=">  <display>    <type>text</type>  </display>  <validation required="false">    <regex>^[0-1]?[0-9](/|-)[0-3]?[0-9](/|-)[1-2][0-9][0-9][0-9]$</regex>    <message>Enter a valid date in the format mm/dd/yyyy</message>  </validation></fieldDef><fieldDef name="candidate8RequestInterview" title=">  <value>no</value>  <display>    <type>radio</type>    <values title="Yes">yes</values>    <values title="No">no</values>  </display>  <validation required="false"/></fieldDef><fieldDef name="candidate8Sex" title=">  <display>    <type>text</type>  </display></fieldDef><fieldDef name="candidate8Ethnicity" title=">  <display>    <type>text</type>  </display></fieldDef><fieldDef name="totalApplicants" title="Total Applicants">  <display>    <type>text</type>  </display>  <validation required="true"/></fieldDef><!-- white --><fieldDef name="whiteMale" title="Male">  <display>    <type>text</type>    <meta><name>size</name><value>8</value>    </meta>  </display></fieldDef><fieldDef name="whiteFemale" title="Female">  <display>    <type>text</type>    <meta><name>size</name><value>8</value>    </meta>  </display></fieldDef><!-- black --><fieldDef name="blackMale" title="Male">  <display>    <type>text</type>    <meta><name>size</name><value>8</value>    </meta>  </display></fieldDef><fieldDef name="blackFemale" title="Female">  <display>    <type>text</type>    <meta><name>size</name><value>8</value>    </meta>  </display></fieldDef><!-- hispanic --><fieldDef name="hispanicMale" title="Male">  <display>    <type>text</type>    <meta><name>size</name><value>8</value>    </meta>  </display></fieldDef><fieldDef name="hispanicFemale" title="Female">  <display>    <type>text</type>    <meta><name>size</name><value>8</value>    </meta>  </display></fieldDef><!-- nativeAmerican --><fieldDef name="nativeAmericanMale" title="Male">  <display>    <type>text</type>    <meta><name>size</name><value>8</value>    </meta>  </display></fieldDef><fieldDef name="nativeAmericanFemale" title="Female">  <display>    <type>text</type>    <meta><name>size</name><value>8</value>    </meta>  </display></fieldDef><!-- asian --><fieldDef name="asianMale" title="Male">  <display>    <type>text</type>    <meta><name>size</name><value>8</value>    </meta>  </display></fieldDef><fieldDef name="asianFemale" title="Female">  <display>    <type>text</type>    <meta><name>size</name><value>8</value>    </meta>  </display></fieldDef><!-- pacificIsland --><fieldDef name="pacificIslandMale" title="Male">  <display>    <type>text</type>    <meta><name>size</name><value>8</value>    </meta>  </display></fieldDef><fieldDef name="pacificIslandFemale" title="Female">  <display>    <type>text</type>    <meta><name>size</name><value>8</value>    </meta>  </display></fieldDef><!-- Multiple Ethnicities --><fieldDef name="multipleEthnicitiesMale" title="Male">  <display>    <type>text</type>    <meta><name>size</name><value>8</value>    </meta>  </display></fieldDef><fieldDef name="multipleEthnicitiesFemale" title="Female">  <display>    <type>text</type>    <meta><name>size</name><value>8</value>    </meta>  </display></fieldDef><fieldDef name="raceNotGiven" title="Race Not Given">  <display>    <type>text</type>  </display></fieldDef><fieldDef name="sexNotGiven" title="Sex Not Given">  <display>    <type>text</type>  </display></fieldDef><fieldDef name="totalAMFsReceived" title="Total AMFs Received">  <display>    <type>text</type>  </display></fieldDef><fieldDef name="comments" title="Comments">  <display>    <type>textarea</type>    <meta><name>cols</name><value>60</value>    </meta>    <meta><name>rows</name><value>4</value>    </meta>  </display>  <validation required="true">    <customValidator>textCounter</customValidator>    <message>Too many characters, please shorten or use the notes attachment feature.</message>  </validation></fieldDef>\r\n    </edl>\r\n';
begin
INSERT INTO KREW_EDL_DEF_T (EDOCLT_DEF_ID,NM,XML,ACTV_IND,OBJ_ID,VER_NBR) VALUES (2022,'InterviewRequestForm',vClobVal,1,'cfe6bba5-ab3d-458c-840b-2df4a352a241',1);
end;
/
CREATE GLOBAL TEMPORARY TABLE tt_xml_import
(
    ID NUMBER(10),
    xmlClob CLOB
);
DECLARE
   bigtext1   VARCHAR2 (32767);
   bigtext2   VARCHAR2 (32767);
BEGIN
   bigtext1 := '<xsl:stylesheet xmlns:my-class="xalan://org.kuali.rice.edl.framework.util.EDLFunctions" xmlns:xsl="http://www.w3.org/1999/XSL/Transform" version="1.0">  <xsl:include href="widgets"/>  <xsl:output indent="yes" method="html" omit-xml-declaration="yes" version="4.01"/>  <xsl:param name="overrideMain" select="''true''"/>  <!-- if "overrideMain" = true, please customize the "mainForm" template, otherwise please customize the "mainBody" template -->  <xsl:template name="mainForm">    <html xmlns="><head>  <script language="javascript"><![CDATA[function textCounter(text){\r\n				maxlimit = new Number(4000);\r\n				if(textCounterEval(maxlimit, text)){\r\n					  alert("Input value was over the " + maxlimit + " character limit. You have entered " + text.length + " characters. Please shorten the entry or use the attachments feature in the notes section below.");\r\n					  return false;\r\n				}else{\r\n					return true;\r\n					}\r\n			  }\r\n			  function textCounterAll(){\r\n				msg1 = new String(document.forms[0].elements[''comments''].value);\r\n			    if(textCounter(msg2)){\r\n					return true;\r\n				}else{\r\n					return false;\r\n				}\r\n			  }]]></script>  <xsl:call-template name="htmlHead"/></head><body onload="onPageLoad()">  <xsl:call-template name="header"/>  <xsl:call-template name="instructions"/>  <xsl:call-template name="errors"/>  <xsl:variable name="formTarget" select="''EDocLite''"/>  <div id="mainform-div">    <form action="{$formTarget}" enctype="multipart/form-data" id="edoclite" method="post" onsubmit="return validateOnSubmit(this)">      <xsl:call-template name="hidden-params"/>      <xsl:call-template name="mainBody"/>      <xsl:call-template name="annotation"/>      <br/>      <xsl:call-template name="notes"/>      <br/>      <xsl:call-template name="buttons"/>    </form>  </div>  <div id="refresh-message" style="display:none">    <table align="center" border="1" cellpadding="0" cellspacing="0" width="40%">      <tr>        <td align="center" class="thnormal">          <h2>            <b>              <font color="#ff0000">This form is being refreshed. Please wait.</font>            </b>          </h2>        </td>      </tr>    </table>  </div>  <xsl:call-template name="footer"/></body>    </html>  </xsl:template>  <xsl:template name="mainBody">\r\n			<xsl:variable name="isOaa" select="my-class:isUserInGroup(''KUALI'',''OfficeOfAffirmativeAction'')"/>\r\n			<xsl:variable name="isOaa2" select="my-class:isUserInGroup(''KUALI'',''OfficeOfAffirmativeActionSecond'')"/>\r\n			<xsl:variable name="isDfac" select="my-class:isUserInGroup(''KUALI'',''ViceProvostForAcademicAffairs'')"/>\r\n			<xsl:variable name="docHeaderId" select="/documentContent/documentState/docId"/>   \r\n			<xsl:variable name="isAtNodeAAO" select="my-class:isAtNode($docHeaderId, ''AffirmativeActionOfficer'')"/>\r\n			<xsl:variable name="isAtNodeVC" select="my-class:isAtNode($docHeaderId, ''ViceChancellorforAcademicAffairsandDeanOfFaculties'')"/>\r\n    <table align="center" border="0" cellpadding="0" cellspacing="0" class="bord-r-t" width="80%" xmlns="><tr>  <td class="thnormal" colspan="2" rowspan="3" valign="top">    <h2>Interview Request</h2>    <br/>    Indiana University - Academic Positions  </td>  <td class="thnormal">    <xsl:call-template name="widget_render">      <xsl:with-param name="fieldName" select="''oaa''"/>      <xsl:with-param name="renderCmd" select="''title''"/>    </xsl:call-template>    <font color="#ff0000">*</font>    :  </td>  <td class="datacell">    <xsl:call-template name="widget_render">      <xsl:with-param name="fieldName" select="''oaa''"/>      <xsl:with-param name="renderCmd" select="''input''"/>    </xsl:call-template>  </td></tr><tr>  <td class="thnormal">    <xsl:call-template name="widget_render">      <xsl:with-param name="fieldName" select="''campus''"/>      <xsl:with-param name="renderCmd" select="''title''"/>    </xsl:call-template>    <font color="#ff0000">*</font>    :  </td>  <td class="datacell">    <xsl:call-template name="widget_render">      <xsl:with-param name="fieldName" select="''campus''"/>      <xsl:with-param name="renderCmd" select="''input''"/>    </xsl:call-template>  </td></tr><tr>  <td class="thnormal">    <xsl:call-template name="widget_render">      <xsl:with-param name="fieldName" select="''school''"/>      <xsl:with-param name="renderCmd" select="''title''"/>    </xsl:call-template>    <font color="#ff0000">*</font>    :  </td>  <td class="datacell">    <xsl:call-template name="widget_render">      <xsl:with-param name="fieldName" select="''school''"/>      <xsl:with-param name="renderCmd" select="''input''"/>    </xsl:call-template>  </td></tr><tr>  <td class="datacell" colspan="5" height="20">    <br/>  </td></tr><tr>  <td class="thnormal" colspan="4">    Attributes marked with a    <font color="#ff0000">*</font>    are required fields.  </td></tr><tr>  <td class="datacell" colspan="5" height="20">    <br/>  </td></tr><tr>  <td class="thnormal">    <xsl:call-template name="widget_render">      <xsl:with-param name="fieldName" select="''department1''"/>      <xsl:with-param name="renderCmd" select="''title''"/>    </xsl:call-template>    <font color="#ff0000">*</font>    :  </td>  <td class="datacell" colspan="3">    <xsl:call-template name="widget_render">      <xsl:with-param name="fieldName" select="''department1''"/>      <xsl:with-param name="renderCmd" select="''input''"/>    </xsl:call-template>  </td></tr><tr>  <td class="thnormal">    <xsl:call-template name="widget_render">      <xsl:with-param name="fieldName" select="''title''"/>      <xsl:with-param name="renderCmd" select="''title''"/>    </xsl:call-template>    <font color="#ff0000">*</font>    :  </td>  <td class="datacell">    <xsl:call-template name="widget_render">      <xsl:with-param name="fieldName" select="''title''"/>      <xsl:with-param name="renderCmd" select="''input''"/>    </xsl:call-template>  </td>  <td class="thnormal">    <xsl:call-template name="widget_render">      <xsl:with-param name="fieldName" select="''rank''"/>      <xsl:with-param name="renderCmd" select="''title''"/>    </xsl:call-template>    <font color="#ff0000">*</font>    :  </td>  <td class="datacell">    <xsl:call-template name="widget_render">      <xsl:with-param name="fieldName" select="''rank''"/>      <xsl:with-param name="renderCmd" select="''input''"/>    </xsl:call-template>  </td></tr><tr>  <td class="thnormal">    <xsl:call-template name="widget_render">      <xsl:with-param name="fieldName" select="''acctPosNum''"/>      <xsl:with-param name="renderCmd" select="''title''"/>    </xsl:call-template>    <font color="#ff0000">*</font>    :  </td>  <td class="datacell">    <xsl:call-template name="widget_render">      <xsl:with-param name="fieldName" select="''acctPosNum''"/>      <xsl:with-param name="renderCmd" select="''input''"/>    </xsl:call-template>  </td>  <td class="thnormal">    <xsl:call-template name="widget_render">      <xsl:with-param name="fieldName" select="''appointmentStatus''"/>      <xsl:with-param name="renderCmd" select="''title''"/>    </xsl:call-template>    <font color="#ff0000">*</font>    :  </td>  <td class="datacell" colspan="2">    <xsl:call-template name="widget_render">      <xsl:with-param name="fieldName" select="''appointmentStatus''"/>      <xsl:with-param name="renderCmd" select="''input''"/>    </xsl:call-template>  </td></tr><tr>  <td class="datacell" colspan="5" height="20">    <br/>  </td></tr><tr>  <td class="thnormal" colspan="5">List of top-ranked candidates with an indication of those to be interviewed.</td></tr><tr>  <td class="datacell" colspan="5" height="20">    <br/>  </td></tr><tr>  <td colspan="4">    <table align="center" border="0" cellpadding="0" cellspacing="0" width="100%">      <tr>        <th class="thnormal">Name</th>        <th class="thnormal">Application Date</th>        <th class="thnormal">Request Interview</th>        <th class="thnormal">          <xsl:if test="$isOaa =''true'' or $isDfac=''true''">Sex*</xsl:if>        </th>        <th class="thnormal">          <xsl:if test="$isOaa =''true'' or $isDfac=''true''">Ethnicity*</xsl:if>        </th>      </tr>      <tr>        <td align="right" class="thnormal" colspan="5" height="20">          <xsl:if test="$isOaa =''true'' or $isDfac=''true''">            <font size="1">*entered by the Office Of Affirmative Action</font>          </xsl:if>        </td>      </tr>      <tr>        <td class="datacell">          <![CDATA[1:]]>          <xsl:call-template name="widget_render">            <xsl:with-param name="fieldName" select="''candidate1Name''"/>            <xsl:with-param name="renderCmd" select="''input''"/>          </xsl:call-template>        </td>        <td class="datacell">          <xsl:call-template name="widget_render">            <xsl:with-param name="fieldName" select="''candidate1ApplicationDate''"/>            <xsl:with-param name="renderCmd" select="''input''"/>          </xsl:call-template>        </td>        <td class="datacell">          <xsl:call-template name="widget_render">            <xsl:with-param name="fieldName" select="''candidate1RequestInterview''"/>            <xsl:with-param name="renderCmd" select="''input''"/>          </xsl:call-template>        </td>        <td class="datacell">          <xsl:choose>            <xsl:when test="$isOaa =''true'' or $isOaa2 =''true'' or $isDfac=''true''">              <xsl:call-template name="widget_render">                <xsl:with-param name="fieldName" select="''candidate1Sex''"/>                <xsl:with-param name="renderCmd" select="''input''"/>              </xsl:call-template>            </xsl:when>            <xsl:otherwise>              <xsl:call-template name="hidden_input">                <xsl:with-param name="fieldName" select="''candidate1Sex''"/>              </xsl:call-template>            </xsl:otherwise>          </xsl:choose>        </td>        <td class="datacell">          <xsl:choose>            <xsl:when test="$isOaa =''true'' or $isOaa2 =''true'' or $isDfac=''true''">              <xsl:call-template name="widget_render">                <xsl:with-param name="fieldName" select="''candidate1Ethnicity''"/>                <xsl:with-param name="renderCmd" select="''input''"/>              </xsl:call-template>            </xsl:when>            <xsl:otherwise>              <xsl:call-template name="hidden_input">                <xsl:with-param name="fieldName" select="''candidate1Ethnicity''"/>              </xsl:call-template>            </xsl:otherwise>          </xsl:choose>        </td>      </tr>      <tr>        <td class="datacell">          <![CDATA[2:]]>          <xsl:call-template name="widget_render">            <xsl:with-param name="fieldName" select="''candidate2Name''"/>            <xsl:with-param name="renderCmd" select="''input''"/>          </xsl:call-template>        </td>        <td class="datacell">          <xsl:call-template name="widget_render">            <xsl:with-param name="fieldName" select="''candidate2ApplicationDate''"/>            <xsl:with-param name="renderCmd" select="''input''"/>          </xsl:call-template>        </td>        <td class="datacell">          <xsl:call-template name="widget_render">            <xsl:with-param name="fieldName" select="''candidate2RequestInterview''"/>            <xsl:with-param name="renderCmd" select="''input''"/>          </xsl:call-template>        </td>        <td class="datacell">          <xsl:choose>            <xsl:when test="$isOaa =''true'' or $isOaa2 =''true'' or $isDfac=''true''">              <xsl:call-template name="widget_render">                <xsl:with-param name="fieldName" select="''candidate2Sex''"/>                <xsl:with-param name="renderCmd" select="''input''"/>              </xsl:call-template>            </xsl:when>            <xsl:otherwise>              <xsl:call-template name="hidden_input">                <xsl:with-param name="fieldName" select="''candidate2Sex''"/>              </xsl:call-template>            </xsl:otherwise>          </xsl:choose>        </td>        <td class="datacell">          <xsl:choose>            <xsl:when test="$isOaa =''true'' or $isOaa2 =''true'' or $isDfac=''true''">              <xsl:call-template name="widget_render">                <xsl:with-param name="fieldName" select="''candidate2Ethnicity''"/>                <xsl:with-param name="renderCmd" select="''input''"/>              </xsl:call-template>            </xsl:when>            <xsl:otherwise>              <xsl:call-template name="hidden_input">                <xsl:with-param name="fieldName" select="''candidate2Ethnicity''"/>              </xsl:call-template>            </xsl:otherwise>          </xsl:choose>        </td>      </tr>      <tr>        <td class="datacell">          <![CDATA[3:]]>          <xsl:call-template name="widget_render">            <xsl:with-param name="fieldName" select="''candidate3Name''"/>            <xsl:with-param name="renderCmd" select="''input''"/>          </xsl:call-template>        </td>        <td class="datacell">          <xsl:call-template name="widget_render">            <xsl:with-param name="fieldName" select="''candidate3ApplicationDate''"/>            <xsl:with-param name="renderCmd" select="''input''"/>          </xsl:call-template>        </td>        <td class="datacell">          <xsl:call-template name="widget_render">            <xsl:with-param name="fieldName" select="''candidate3RequestInterview''"/>            <xsl:with-param name="renderCmd" select="''input''"/>          </xsl:call-template>        </td>        <td class="datacell">          <xsl:choose>            <xsl:when test="$isOaa =''true'' or $isOaa2 =''true'' or $isDfac=''true''">              <xsl:call-template name="widget_render">                <xsl:with-param name="fieldName" select="''candidate3Sex''"/>                <xsl:with-param name="renderCmd" select="''input''"/>              </xsl:call-template>            </xsl:when>            <xsl:otherwise>              <xsl:call-template name="hidden_input">                <xsl:with-param name="fieldName" select="''candidate3Sex''"/>              </xsl:call-template>            </xsl:otherwise>          </xsl:choose>        </td>        <td class="datacell">          <xsl:choose>            <xsl:when test="$isOaa =''true'' or $isOaa2 =''true'' or $isDfac=''true''">             ';
   bigtext2 := ' <xsl:call-template name="widget_render">                <xsl:with-param name="fieldName" select="''candidate3Ethnicity''"/>                <xsl:with-param name="renderCmd" select="''input''"/>              </xsl:call-template>            </xsl:when>            <xsl:otherwise>              <xsl:call-template name="hidden_input">                <xsl:with-param name="fieldName" select="''candidate3Ethnicity''"/>              </xsl:call-template>            </xsl:otherwise>          </xsl:choose>        </td>      </tr>      <tr>        <td class="datacell">          <![CDATA[4:]]>          <xsl:call-template name="widget_render">            <xsl:with-param name="fieldName" select="''candidate4Name''"/>            <xsl:with-param name="renderCmd" select="''input''"/>          </xsl:call-template>        </td>        <td class="datacell">          <xsl:call-template name="widget_render">            <xsl:with-param name="fieldName" select="''candidate4ApplicationDate''"/>            <xsl:with-param name="renderCmd" select="''input''"/>          </xsl:call-template>        </td>        <td class="datacell">          <xsl:call-template name="widget_render">            <xsl:with-param name="fieldName" select="''candidate4RequestInterview''"/>            <xsl:with-param name="renderCmd" select="''input''"/>          </xsl:call-template>        </td>        <td class="datacell">          <xsl:choose>            <xsl:when test="$isOaa =''true'' or $isOaa2 =''true'' or $isDfac=''true''">              <xsl:call-template name="widget_render">                <xsl:with-param name="fieldName" select="''candidate4Sex''"/>                <xsl:with-param name="renderCmd" select="''input''"/>              </xsl:call-template>            </xsl:when>            <xsl:otherwise>              <xsl:call-template name="hidden_input">                <xsl:with-param name="fieldName" select="''candidate4Sex''"/>              </xsl:call-template>            </xsl:otherwise>          </xsl:choose>        </td>        <td class="datacell">          <xsl:choose>            <xsl:when test="$isOaa =''true'' or $isOaa2 =''true'' or $isDfac=''true''">              <xsl:call-template name="widget_render">                <xsl:with-param name="fieldName" select="''candidate4Ethnicity''"/>                <xsl:with-param name="renderCmd" select="''input''"/>              </xsl:call-template>            </xsl:when>            <xsl:otherwise>              <xsl:call-template name="hidden_input">                <xsl:with-param name="fieldName" select="''candidate4Ethnicity''"/>              </xsl:call-template>            </xsl:otherwise>          </xsl:choose>        </td>      </tr>      <tr>        <td class="datacell">          <![CDATA[5:]]>          <xsl:call-template name="widget_render">            <xsl:with-param name="fieldName" select="''candidate5Name''"/>            <xsl:with-param name="renderCmd" select="''input''"/>          </xsl:call-template>        </td>        <td class="datacell">          <xsl:call-template name="widget_render">            <xsl:with-param name="fieldName" select="''candidate5ApplicationDate''"/>            <xsl:with-param name="renderCmd" select="''input''"/>          </xsl:call-template>        </td>        <td class="datacell">          <xsl:call-template name="widget_render">            <xsl:with-param name="fieldName" select="''candidate5RequestInterview''"/>            <xsl:with-param name="renderCmd" select="''input''"/>          </xsl:call-template>        </td>        <td class="datacell">          <xsl:choose>            <xsl:when test="$isOaa =''true'' or $isOaa2 =''true'' or $isDfac=''true''">              <xsl:call-template name="widget_render">                <xsl:with-param name="fieldName" select="''candidate5Sex''"/>                <xsl:with-param name="renderCmd" select="''input''"/>              </xsl:call-template>            </xsl:when>            <xsl:otherwise>              <xsl:call-template name="hidden_input">                <xsl:with-param name="fieldName" select="''candidate5Sex''"/>              </xsl:call-template>            </xsl:otherwise>          </xsl:choose>        </td>        <td class="datacell">          <xsl:choose>            <xsl:when test="$isOaa =''true'' or $isOaa2 =''true'' or $isDfac=''true''">              <xsl:call-template name="widget_render">                <xsl:with-param name="fieldName" select="''candidate5Ethnicity''"/>                <xsl:with-param name="renderCmd" select="''input''"/>              </xsl:call-template>            </xsl:when>            <xsl:otherwise>              <xsl:call-template name="hidden_input">                <xsl:with-param name="fieldName" select="''candidate5Ethnicity''"/>              </xsl:call-template>            </xsl:otherwise>          </xsl:choose>        </td>      </tr>      <tr>        <td class="datacell">          <![CDATA[6:]]>          <xsl:call-template name="widget_render">            <xsl:with-param name="fieldName" select="''candidate6Name''"/>            <xsl:with-param name="renderCmd" select="''input''"/>          </xsl:call-template>        </td>        <td class="datacell">          <xsl:call-template name="widget_render">            <xsl:with-param name="fieldName" select="''candidate6ApplicationDate''"/>            <xsl:with-param name="renderCmd" select="''input''"/>          </xsl:call-template>        </td>        <td class="datacell">          <xsl:call-template name="widget_render">            <xsl:with-param name="fieldName" select="''candidate6RequestInterview''"/>            <xsl:with-param name="renderCmd" select="''input''"/>          </xsl:call-template>        </td>        <td class="datacell">          <xsl:choose>            <xsl:when test="$isOaa =''true'' or $isOaa2 =''true'' or $isDfac=''true''">              <xsl:call-template name="widget_render">                <xsl:with-param name="fieldName" select="''candidate6Sex''"/>                <xsl:with-param name="renderCmd" select="''input''"/>              </xsl:call-template>            </xsl:when>            <xsl:otherwise>              <xsl:call-template name="hidden_input">                <xsl:with-param name="fieldName" select="''candidate6Sex''"/>              </xsl:call-template>            </xsl:otherwise>          </xsl:choose>        </td>        <td class="datacell">          <xsl:choose>            <xsl:when test="$isOaa =''true'' or $isOaa2 =''true'' or $isDfac=''true''">              <xsl:call-template name="widget_render">                <xsl:with-param name="fieldName" select="''candidate6Ethnicity''"/>                <xsl:with-param name="renderCmd" select="''input''"/>              </xsl:call-template>            </xsl:when>            <xsl:otherwise>              <xsl:call-template name="hidden_input">                <xsl:with-param name="fieldName" select="''candidate6Ethnicity''"/>              </xsl:call-template>            </xsl:otherwise>          </xsl:choose>        </td>      </tr>      <tr>        <td class="datacell">          <![CDATA[7:]]>          <xsl:call-template name="widget_render">            <xsl:with-param name="fieldName" select="''candidate7Name''"/>            <xsl:with-param name="renderCmd" select="''input''"/>          </xsl:call-template>        </td><td class="datacell">          <xsl:call-template name="widget_render">            <xsl:with-param name="fieldName" select="''candidate7ApplicationDate''"/>            <xsl:with-param name="renderCmd" select="''input''"/>          </xsl:call-template>        </td>        <td class="datacell">          <xsl:call-template name="widget_render">            <xsl:with-param name="fieldName" select="''candidate7RequestInterview''"/>            <xsl:with-param name="renderCmd" select="''input''"/>          </xsl:call-template>        </td>        <td class="datacell">          <xsl:choose>            <xsl:when test="$isOaa =''true'' or $isOaa2 =''true'' or $isDfac=''true''">              <xsl:call-template name="widget_render">                <xsl:with-param name="fieldName" select="''candidate7Sex''"/>                <xsl:with-param name="renderCmd" select="''input''"/>              </xsl:call-template>            </xsl:when>            <xsl:otherwise>              <xsl:call-template name="hidden_input">                <xsl:with-param name="fieldName" select="''candidate7Sex''"/>              </xsl:call-template>            </xsl:otherwise>          </xsl:choose>        </td>        <td class="datacell">          <xsl:choose>            <xsl:when test="$isOaa =''true'' or $isOaa2 =''true'' or $isDfac=''true''">              <xsl:call-template name="widget_render">                <xsl:with-param name="fieldName" select="''candidate7Ethnicity''"/>                <xsl:with-param name="renderCmd" select="''input''"/>              </xsl:call-template>            </xsl:when>            <xsl:otherwise>              <xsl:call-template name="hidden_input">                <xsl:with-param name="fieldName" select="''candidate7Ethnicity''"/>             </xsl:call-template>            </xsl:otherwise>          </xsl:choose>        </td>      </tr>      <tr>        <td class="datacell">          <![CDATA[8:]]>          <xsl:call-template name="widget_render">            <xsl:with-param name="fieldName" select="''candidate8Name''"/>            <xsl:with-param name="renderCmd" select="''input''"/>          </xsl:call-template>        </td>        <td class="datacell">          <xsl:call-template name="widget_render">            <xsl:with-param name="fieldName" select="''candidate8ApplicationDate''"/>            <xsl:with-param name="renderCmd" select="''input''"/>          </xsl:call-template>        </td>        <td class="datacell">          <xsl:call-template name="widget_render">            <xsl:with-param name="fieldName" select="''candidate8RequestInterview''"/>            <xsl:with-param name="renderCmd" select="''input''"/>          </xsl:call-template>        </td>        <td class="datacell">          <xsl:choose>            <xsl:when test="$isOaa =''true'' or $isOaa2 =''true'' or $isDfac=''true''">              <xsl:call-template name="widget_render">                <xsl:with-param name="fieldName" select="''candidate8Sex''"/>                <xsl:with-param name="renderCmd" select="''input''"/>              </xsl:call-template>            </xsl:when>            <xsl:otherwise>              <xsl:call-template name="hidden_input">                <xsl:with-param name="fieldName" select="''candidate8Sex''"/>              </xsl:call-template>            </xsl:otherwise>          </xsl:choose>        </td>        <td class="datacell">          <xsl:choose>            <xsl:when test="$isOaa =''true'' or $isOaa2 =''true'' or $isDfac=''true''">              <xsl:call-template name="widget_render">                <xsl:with-param name="fieldName" select="''candidate8Ethnicity''"/>                <xsl:with-param name="renderCmd" select="''input''"/>              </xsl:call-template>            </xsl:when>            <xsl:otherwise>              <xsl:call-template name="hidden_input">                <xsl:with-param name="fieldName" select="''candidate8Ethnicity''"/>              </xsl:call-template>            </xsl:otherwise>          </xsl:choose>        </td>      </tr>    </table>  </td></tr><tr>  <td class="thnormal">    <xsl:call-template name="widget_render">      <xsl:with-param name="fieldName" select="''totalApplicants''"/>      <xsl:with-param name="renderCmd" select="''title''"/>    </xsl:call-template>    <font color="#ff0000">*</font>  </td>  <td class="datacell" colspan="3">    <xsl:call-template name="widget_render">      <xsl:with-param name="fieldName" select="''totalApplicants''"/>      <xsl:with-param name="renderCmd" select="''input''"/>    </xsl:call-template>    <br/>    <![CDATA[(Entered by the interviewing department):]]>  </td></tr><tr>  <td class="thnormal" width="25%">    <xsl:call-template name="widget_render">      <xsl:with-param name="fieldName" select="''totalAMFsReceived''"/>      <xsl:with-param name="renderCmd" select="''title''"/>    </xsl:call-template>  </td>  <td class="datacell" colspan="3">    <xsl:call-template name="widget_render">      <xsl:with-param name="fieldName" select="''totalAMFsReceived''"/>      <xsl:with-param name="renderCmd" select="''input''"/>    </xsl:call-template>  </td></tr>    </table>    <br xmlns=""/>    <table align="center" border="0" cellpadding="0" cellspacing="0" class="bord-r-t" width="80%" xmlns=""><tr>  <td class="thnormal">    <xsl:call-template name="widget_render">      <xsl:with-param name="fieldName" select="''comments''"/>      <xsl:with-param name="renderCmd" select="''title''"/>    </xsl:call-template>  </td>  <td class="datacell">    <xsl:call-template name="widget_render">      <xsl:with-param name="fieldName" select="''comments''"/>      <xsl:with-param name="renderCmd" select="''input''"/>    </xsl:call-template>  </td></tr>    </table>    <br xmlns=""/>    <table align="center" border="0" cellpadding="0" cellspacing="0" width="80%" xmlns=""><tr>  <td>The following section to be filled in by the Office of Affirmative Action.</td></tr>    </table>    <table align="center" border="1" cellpadding="2" cellspacing="2" width="80%" xmlns=""><tr>  <td/>  <th>White</th>  <th>Black</th>  <th>Hispanic</th>  <th>Asian</th>  <th>Native American</th>  <th>Hawaiian Pacific Islands</th>  <th>Multiple Ethnicities</th></tr><tr>  <th>Male</th>  <td>    <xsl:call-template name="widget_render">      <xsl:with-param name="fieldName" select="''whiteMale''"/>      <xsl:with-param name="renderCmd" select="''input''"/>    </xsl:call-template>  </td>  <td>    <xsl:call-template name="widget_render">      <xsl:with-param name="fieldName" select="''blackMale''"/>      <xsl:with-param name="renderCmd" select="''input''"/>    </xsl:call-template>  </td>  <td>    <xsl:call-template name="widget_render">      <xsl:with-param name="fieldName" select="''hispanicMale''"/>      <xsl:with-param name="renderCmd" select="''input''"/>    </xsl:call-template>  </td>  <td>    <xsl:call-template name="widget_render">      <xsl:with-param name="fieldName" select="''asianMale''"/>      <xsl:with-param name="renderCmd" select="''input''"/>    </xsl:call-template>  </td>  <td>    <xsl:call-template name="widget_render">      <xsl:with-param name="fieldName" select="''nativeAmericanMale''"/>      <xsl:with-param name="renderCmd" select="''input''"/>    </xsl:call-template>  </td>  <td>    <xsl:call-template name="widget_render">      <xsl:with-param name="fieldName" select="''pacificIslandMale''"/>      <xsl:with-param name="renderCmd" select="''input''"/>    </xsl:call-template>  </td>  <td>    <xsl:call-template name="widget_render">      <xsl:with-param name="fieldName" select="''multipleEthnicitiesMale''"/>      <xsl:with-param name="renderCmd" select="''input''"/>    </xsl:call-template>  </td></tr><tr>  <th>Female</th>  <td>    <xsl:call-template name="widget_render">      <xsl:with-param name="fieldName" select="''whiteFemale''"/>      <xsl:with-param name="renderCmd" select="''input''"/>    </xsl:call-template>  </td>  <td>    <xsl:call-template name="widget_render">      <xsl:with-param name="fieldName" select="''blackFemale''"/>      <xsl:with-param name="renderCmd" select="''input''"/>    </xsl:call-template>  </td>  <td>    <xsl:call-template name="widget_render">      <xsl:with-param name="fieldName" select="''hispanicFemale''"/>      <xsl:with-param name="renderCmd" select="''input''"/>    </xsl:call-template>  </td>  <td>    <xsl:call-template name="widget_render">      <xsl:with-param name="fieldName" select="''asianFemale''"/>      <xsl:with-param name="renderCmd" select="''input''"/>    </xsl:call-template>  </td>  <td>    <xsl:call-template name="widget_render">      <xsl:with-param name="fieldName" select="''nativeAmericanFemale''"/>      <xsl:with-param name="renderCmd" select="''input''"/>    </xsl:call-template>  </td>  <td>    <xsl:call-template name="widget_render">      <xsl:with-param name="fieldName" select="''pacificIslandFemale''"/>      <xsl:with-param name="renderCmd" select="''input''"/>    </xsl:call-template>  </td>  <td>    <xsl:call-template name="widget_render">      <xsl:with-param name="fieldName" select="''multipleEthnicitiesFemale''"/>      <xsl:with-param name="renderCmd" select="''input''"/>    </xsl:call-template>  </td></tr>    </table>    <br xmlns=""/>    <table align="center" border="1" cellpadding="2" cellspacing="2" width="80%" xmlns=""><tr>  <th width="14%">    <xsl:call-template name="widget_render">      <xsl:with-param name="fieldName" select="''sexNotGiven''"/>      <xsl:with-param name="renderCmd" select="''title''"/>    </xsl:call-template>  </th>  <td>    <xsl:call-template name="widget_render">      <xsl:with-param name="fieldName" select="''sexNotGiven''"/>      <xsl:with-param name="renderCmd" select="''input''"/>    </xsl:call-template>  </td>  <tr/>  <th width="14%">    <xsl:call-template name="widget_render">      <xsl:with-param name="fieldName" select="''raceNotGiven''"/>      <xsl:with-param name="renderCmd" select="''title''"/>    </xsl:call-template>  </th>  <td>    <xsl:call-template name="widget_render">      <xsl:with-param name="fieldName" select="''raceNotGiven''"/>      <xsl:with-param name="renderCmd" select="''input''"/>    </xsl:call-template>  </td></tr>    </table>    <br xmlns=""/>    <table align="center" border="1" cellpadding="2" cellspacing="2" width="80%" xmlns="">\r\n			<xsl:if test="$isAtNodeAAO">\r\n				<tr>\r\n				  <td class="thnormal" colspan="4">\r\n					<h4>Ad Hoc Section</h4>\r\n				  </td>\r\n				</tr>\r\n				<tr>\r\n				  <td class="thnormal">\r\n					<xsl:call-template name="widget_render">\r\n					  <xsl:with-param name="fieldName" select="''AffirmativeActionOfficerAdHoc''"/>\r\n					  <xsl:with-param name="renderCmd" select="''title''"/>\r\n					</xsl:call-template>\r\n					:\r\n				  </td>\r\n				  <td class="datacell">\r\n					<xsl:call-template name="widget_render">\r\n					  <xsl:with-param name="fieldName" select="''AffirmativeActionOfficerAdHoc''"/>\r\n					  <xsl:with-param name="renderCmd" select="''input''"/>\r\n					</xsl:call-template>\r\n				  </td>\r\n				</tr>\r\n			</xsl:if>\r\n			<xsl:if test="$isAtNodeVC">\r\n				<tr>\r\n				  <td class="thnormal">\r\n					<xsl:call-template name="widget_render">\r\n					  <xsl:with-param name="fieldName" select="''ViceChancellorAdHoc''"/>\r\n					  <xsl:with-param name="renderCmd" select="''title''"/>\r\n					</xsl:call-template>\r\n					:\r\n				  </td>\r\n				  <td class="datacell">\r\n					<xsl:call-template name="widget_render">\r\n					  <xsl:with-param name="fieldName" select="''ViceChancellorAdHoc''"/>\r\n					  <xsl:with-param name="renderCmd" select="''input''"/>\r\n					</xsl:call-template>\r\n				  </td>\r\n				</tr>\r\n			</xsl:if>    </table>    <br xmlns=""/>  </xsl:template></xsl:stylesheet>\r\n';

    INSERT INTO tt_xml_import
        VALUES (1, bigtext1);

   INSERT INTO tt_xml_import
        VALUES (2, bigtext2);

   INSERT INTO KRCR_STYLE_T (STYLE_ID,NM,XML,ACTV_IND,OBJ_ID,VER_NBR) VALUES ('2023','InterviewRequestStyle',bigtext1,1,'e439227e-5674-4717-905a-006ad953f8fd',1);

   UPDATE KRCR_STYLE_T
      SET XML = (SELECT CONCAT (rls1.xmlClob, rls2.xmlClob)
                         FROM tt_xml_import rls1, tt_xml_import rls2
                        WHERE rls1.ID = 1 AND rls2.ID = 2)
    WHERE OBJ_ID = 'e439227e-5674-4717-905a-006ad953f8fd';
END;
/
DROP TABLE tt_xml_import;
/
INSERT INTO KREW_EDL_ASSCTN_T (EDOCLT_ASSOC_ID,DOC_TYP_NM,EDL_DEF_NM,STYLE_NM,ACTV_IND,OBJ_ID,VER_NBR) VALUES (2024,'InterviewRequest','InterviewRequestForm','InterviewRequestStyle',1,'3841113f-9cdf-4316-a424-acc24e805a9d',1)
/
declare
vClobVal varchar2(32767) := '<edl name=""OfferRequestForm"" title=""Offer Request"">\r\n      <security/>\r\n      <createInstructions/>\r\n      <instructions/>\r\n	  \r\n      <attributes>\r\n        <attribute name=""DFAC.ViceChancellorforAcademicAffairsandDeanOfFacultiesAdHocNetworkIdRoleAttribute"">\r\n          <field attributeField=""networkId"" edlField=""ViceChancellorAdHoc""/>\r\n        </attribute>\r\n        <attribute name=""DFAC.AffirmativeActionOfficerAdHocNetworkIdRoleAttribute"">\r\n          <field attributeField=""networkId"" edlField=""AffirmativeActionOfficerAdHoc""/>\r\n        </attribute>\r\n      </attributes>\r\n	  \r\n      <javascript><![CDATA[function textCounterEval(maxlimit, fieldvalue) {\r\n	var msg = fieldvalue;\r\n	var charnum = msg.length;\r\n	if(charnum >= maxlimit){\r\n		return true;\r\n	} else{\r\n		return false\r\n	}\r\n	}]]></javascript>\r\n      <fieldDef name=""ViceChancellorAdHoc"" title=""AdHoc Responsibility 2(username):"">\r\n        <display>\r\n          <type>networkId</type>\r\n          <meta>\r\n            <name>size</name>\r\n            <value>10</value>\r\n          </meta>\r\n        </display>\r\n        <validation required=""false""/>\r\n      </fieldDef>\r\n      <fieldDef name=""AffirmativeActionOfficerAdHoc"" title=""AdHoc Responsibility 1(username):"">\r\n        <display>\r\n          <type>networkId</type>\r\n          <meta>\r\n            <name>size</name>\r\n            <value>10</value>\r\n          </meta>\r\n        </display>\r\n        <validation required=""false""/>\r\n      </fieldDef>\r\n      <fieldDef name=""oaa"" title=""OAA"">\r\n        <display>\r\n          <type>text</type>\r\n        </display>\r\n        <validation required=""true""/>\r\n      </fieldDef>\r\n      <fieldDef name=""department1"" title=""Department"">\r\n        <display>\r\n          <type>text</type>\r\n        </display>\r\n        <validation required=""true""/>\r\n      </fieldDef>\r\n      <fieldDef name=""fte1"" title=""FTE"">\r\n        <display>\r\n          <type>text</type>\r\n        </display>\r\n        <validation required=""true""/>\r\n      </fieldDef>\r\n      <fieldDef attributeName=""DFAC.CampusAttribute"" name=""campus"" title=""Campus"">\r\n        <value>Select</value>\r\n        <display>\r\n          <type>select</type>\r\n          <values title=""Select"">Select</values>\r\n          <values title=""(BL) Bloomington"">BL</values>\r\n          <values title=""(NW) Northwest-Gary"">NW</values>\r\n        </display>\r\n        <validation required=""true"">\r\n          <regex>[^Select]</regex>\r\n          <message>Please Select a Campus.</message>\r\n        </validation>\r\n      </fieldDef>\r\n      <fieldDef attributeName=""DFAC.SchoolAttribute"" name=""school"" title=""School / RC"">\r\n        <value>Select</value>\r\n        <display>\r\n          <type>select</type>\r\n          <!-- Bloomington School Section Starts Here -->\r\n            <values title=""ADM-BL"">ADM-BL</values>\r\n            <values title=""ARSC-BL"">ARSC-BL</values>\r\n            <values title=""ASDV-BL"">ASDV-BL</values>\r\n            <values title=""BUS-BL"">BUS-BL</values>\r\n            <values title=""CCCS-BL"">CCCS-BL</values>\r\n            <values title=""CYOP-UA"">CYOP-UA</values>\r\n            <values title=""EDUC-BL"">EDUC-BL</values>\r\n            <values title=""EXEC-BL"">EXEC-BL</values>\r\n            <values title=""HPER-BL"">HPER-BL</values>\r\n            <values title=""INFO-BL"">INFO-BL</values>\r\n            <values title=""JOUR-BL"">JOUR-BL</values>\r\n            <values title=""LAWS-BL"">LAWS-BL</values>\r\n            <values title=""LIBR-BL"">LIBR-BL</values>\r\n            <values title=""MUS-BL"">MUS-BL</values>\r\n            <values title=""OPT-BL"">OPT-BL</values>\r\n            <values title=""RCEN-BL"">RCEN-BL</values>\r\n            <values title=""RUAD-BL"">RUAD-BL</values>\r\n            <values title=""SCS-BL"">SCS-BL</values>\r\n            <values title=""SLIS-BL"">SLIS-BL</values>\r\n            <values title=""SPEA-BL"">SPEA-BL</values>\r\n            <values title=""SSER-BL"">SSER-BL</values>\r\n            <values title=""UITS-BL"">UITS-BL</values>\r\n            <values title=""VPFA-BL"">VPFA-BL</values>\r\n            <values title=""VPUE-BL"">VPUE-BL</values>\r\n          <!-- NW School Section Starts Here -->\r\n            <values title=""AA-NW"">AA-NW</values>\r\n            <values title=""CHHS-NW"">CHHS-NW</values>\r\n            <values title=""COAS-NW"">COAS-NW</values>\r\n            <values title=""LIBR-NW"">LIBR-NW</values>\r\n            <values title=""SOBE-NW"">SOBE-NW</values>\r\n            <values title=""SOE-NW"">SOE-NW</values>\r\n            <values title=""ACAD-KO"">ACAD-KO</values>\r\n            <values title=""AHLT-KO"">AHLT-KO</values>\r\n            <values title=""ARSC-KO"">ARSC-KO</values>\r\n            <values title=""BUS-KO"">BUS-KO</values>\r\n            <values title=""CHOF-KO"">CHOF-KO</values>\r\n            <values title=""CTSD-KO"">CTSD-KO</values>\r\n            <values title=""EDUC-KO"">EDUC-KO</values>\r\n            <values title=""NURS-KO"">NURS-KO</values>\r\n            <values title=""SPEA-KO"">SPEA-KO</values>\r\n        </display>\r\n        <validation required=""true"">\r\n          <regex>[^Select]</regex>\r\n          <message>Please Select a School.</message>\r\n        </validation>\r\n      </fieldDef>\r\n      <fieldDef name=""titles"" title=""Title(s)"">\r\n        <display>\r\n          <type>text</type>\r\n          <meta>\r\n            <name>size</name>\r\n            <value>40</value>\r\n          </meta>\r\n        </display>\r\n        <validation required=""true""/>\r\n      </fieldDef>\r\n      <fieldDef name=""appointmentStatus"" title=""Appointment Status"">\r\n        <display>\r\n          <type>select</type>\r\n          <values title="""">null</values>\r\n          <values title=""Non-Tenure Track"">NON</values>\r\n          <values title=""Tenure Track"">TRACK</values>\r\n          <values title=""Tenure"">TENURE</values>\r\n        </display>\r\n        <validation required=""true"">\r\n          <regex>[^null]</regex>\r\n          <message>Please Select a Status.</message>\r\n        </validation>\r\n      </fieldDef>\r\n      <fieldDef name=""acctPosNum"" title=""Acct./Position#"">\r\n        <display>\r\n          <type>text</type>\r\n        </display>\r\n        <validation required=""true""/>\r\n      </fieldDef>\r\n      <fieldDef name=""rank"" title=""Salary Grade"">\r\n        <display>\r\n          <type>text</type>\r\n        </display>\r\n        <validation required=""true""/>\r\n      </fieldDef>\r\n      <fieldDef name=""reccomendingOfferTo"" title=""Recommending Offer To"">\r\n        <display>\r\n          <type>text</type>\r\n          <meta>\r\n            <name>size</name>\r\n            <value>60</value>\r\n          </meta>\r\n        </display>\r\n        <validation required=""true""/>\r\n      </fieldDef>\r\n      <fieldDef name=""sex"" title=""Sex"">\r\n        <display>\r\n          <type>text</type>\r\n        </display>\r\n        <validation required=""false""/>\r\n      </fieldDef>\r\n      <fieldDef name=""proposedSalaryBase"" title=""Proposed Salary Base"">\r\n        <display>\r\n          <type>text</type>\r\n        </display>\r\n        <validation required=""true""/>\r\n      </fieldDef>\r\n      <fieldDef name=""ethnicity"" title=""Ethnicity"">\r\n        <display>\r\n          <type>text</type>\r\n        </display>\r\n        <validation required=""false""/>\r\n      </fieldDef>\r\n      <fieldDef name=""expectedStartDate"" title=""Expected Start Date"">\r\n        <display>\r\n          <type>text</type>\r\n        </display>\r\n        <validation required=""true"">\r\n          <regex>^[0-1]?[0-9](/|-)[0-3]?[0-9](/|-)[1-2][0-9][0-9][0-9]$</regex>\r\n          <message>Enter a valid date in the format mm/dd/yyyy</message>\r\n        </validation>\r\n      </fieldDef>\r\n      <fieldDef name=""citizenship"" title=""Citizenship"">\r\n        <display>\r\n          <type>text</type>\r\n        </display>\r\n        <validation required=""false""/>\r\n      </fieldDef>\r\n      <fieldDef name=""expectedEndDate"" title=""Expected End Date"">\r\n        <display>\r\n          <type>text</type>\r\n        </display>\r\n        <validation required=""false"">\r\n          <regex>^[0-1]?[0-9](/|-)[0-3]?[0-9](/|-)[1-2][0-9][0-9][0-9]$</regex>\r\n          <message>Enter a valid date in the format mm/dd/yyyy</message>\r\n        </validation>\r\n      </fieldDef>\r\n      <fieldDef name=""additionalComments"" title=""Additional Comments"">\r\n        <display>\r\n          <type>textarea</type>\r\n          <meta>\r\n            <name>rows</name>\r\n            <value>4</value>\r\n          </meta>\r\n          <meta>\r\n            <name>cols</name>\r\n            <value>60</value>\r\n          </meta>\r\n        </display>\r\n        <validation required=""true"">\r\n          <customValidator>textCounter</customValidator>\r\n          <message>Too many characters, please shorten or use the notes attachment feature.</message>\r\n        </validation>\r\n      </fieldDef>\r\n    </edl>\r\n';
begin
INSERT INTO KREW_EDL_DEF_T (EDOCLT_DEF_ID,NM,XML,ACTV_IND,OBJ_ID,VER_NBR) VALUES (2025,'OfferRequestForm',vClobVal,1,'d7ad6c1f-c018-4a31-a53f-c0d5848a560d',1);
end;
/
declare
vClobVal varchar2(32767) := '<xsl:stylesheet xmlns:my-class="xalan://org.kuali.rice.edl.framework.util.EDLFunctions" xmlns:xsl="http://www.w3.org/1999/XSL/Transform" version="1.0">\r\n        <xsl:include href="widgets"/>\r\n        <xsl:output doctype-public="-//W3C//DTD XHTML 1.0 Transitional//EN" indent="yes" method="html" omit-xml-declaration="yes"/>\r\n        <xsl:param name="overrideMain" select="''true''"/>\r\n        <!-- if "overrideMain" = true, please customize the "mainForm" template, otherwise please customize the "mainBody" template -->\r\n        <xsl:template name="mainForm">\r\n          <html xmlns="">\r\n            <head>\r\n              <script language="javascript"><![CDATA[function textCounter(text){\r\n				maxlimit = new Number(4000);\r\n				if(textCounterEval(maxlimit, text)){\r\n					  alert("Input value was over the " + maxlimit + " character limit. You have entered " + text.length + " characters. Please shorten the entry or use the attachments feature in the notes section below.");\r\n					  return false;\r\n				}else{\r\n					return true;\r\n					}\r\n			  }\r\n			  function textCounterAll(){\r\n				msg1 = new String(document.forms[0].elements[''additionalComments''].value);\r\n			    if(textCounter(msg2)){\r\n					return true;\r\n				}else{\r\n					return false;\r\n				}\r\n			  }]]></script>\r\n              <xsl:call-template name="htmlHead"/>\r\n            </head>\r\n            <body onload="onPageLoad()">\r\n              <xsl:call-template name="header"/>\r\n              <xsl:call-template name="instructions"/>\r\n              <xsl:call-template name="errors"/>\r\n              <xsl:variable name="formTarget" select="''EDocLite''"/>\r\n              <div id="mainform-div">\r\n                <form action="{$formTarget}" enctype="multipart/form-data" id="edoclite" method="post" onsubmit="return validateOnSubmit(this)">\r\n                  <xsl:call-template name="hidden-params"/>\r\n                  <xsl:call-template name="mainBody"/>\r\n                  <xsl:call-template name="annotation"/>\r\n                  <br/>\r\n                  <xsl:call-template name="notes"/>\r\n                  <br/>\r\n                  <xsl:call-template name="buttons"/>\r\n                </form>\r\n              </div>\r\n              <div id="refresh-message" style="display:none">\r\n                <table align="center" border="1" cellpadding="0" cellspacing="0" width="40%">\r\n                  <tr>\r\n                    <td align="center" class="thnormal">\r\n                      <h2>\r\n                        <b>\r\n                          <font color="#ff0000">This form is being refreshed. Please wait.</font>\r\n                        </b>\r\n                      </h2>\r\n                    </td>\r\n                  </tr>\r\n                </table>\r\n              </div>\r\n              <xsl:call-template name="footer"/>\r\n            </body>\r\n          </html>\r\n        </xsl:template>\r\n        <xsl:template name="mainBody">\r\n          <xsl:variable name="isOaa" select="my-class:isUserInGroup(''KUALI'',''OfficeOfAffirmativeAction'')"/>\r\n          <xsl:variable name="isDfac" select="my-class:isUserInGroup(''KUALI'',''ViceProvostForAcademicAffairs'')"/>\r\n        <xsl:variable name="docHeaderId" select="/documentContent/documentState/docId"/>   \r\n	   <xsl:variable name="isAtNodeAAO" select="my-class:isAtNode($docHeaderId, ''AffirmativeActionOfficer'')"/>\r\n        <xsl:variable name="isAtNodeVC" select="my-class:isAtNode($docHeaderId, ''ViceChancellorforAcademicAffairsandDeanOfFaculties'')"/>\r\n\r\n		<table align="center" border="0" cellpadding="0" cellspacing="0" class="bord-r-t" width="80%" xmlns="">\r\n            <tr>\r\n              <td class="thnormal" colspan="2" rowspan="3" valign="top">\r\n                <h2>Offer Request</h2>\r\n                <br/>\r\n                Academic Positions\r\n              </td>\r\n              <td class="thnormal">\r\n                <xsl:call-template name="widget_render">\r\n                  <xsl:with-param name="fieldName" select="''oaa''"/>\r\n                  <xsl:with-param name="renderCmd" select="''title''"/>\r\n                </xsl:call-template>\r\n                <font color="#ff0000">*</font>\r\n                :\r\n              </td>\r\n              <td class="datacell">\r\n                <xsl:call-template name="widget_render">\r\n                  <xsl:with-param name="fieldName" select="''oaa''"/>\r\n                  <xsl:with-param name="renderCmd" select="''input''"/>\r\n                </xsl:call-template>\r\n              </td>\r\n            </tr>\r\n            <tr>\r\n              <td class="thnormal">\r\n                <xsl:call-template name="widget_render">\r\n                  <xsl:with-param name="fieldName" select="''campus''"/>\r\n                  <xsl:with-param name="renderCmd" select="''title''"/>\r\n                </xsl:call-template>\r\n                <font color="#ff0000">*</font>\r\n                :\r\n              </td>\r\n              <td class="datacell">\r\n                <xsl:call-template name="widget_render">\r\n                  <xsl:with-param name="fieldName" select="''campus''"/>\r\n                  <xsl:with-param name="renderCmd" select="''input''"/>\r\n                </xsl:call-template>\r\n              </td>\r\n            </tr>\r\n            <tr>\r\n              <td class="thnormal">\r\n                <xsl:call-template name="widget_render">\r\n                  <xsl:with-param name="fieldName" select="''school''"/>\r\n                  <xsl:with-param name="renderCmd" select="''title''"/>\r\n                </xsl:call-template>\r\n                <font color="#ff0000">*</font>\r\n                :\r\n              </td>\r\n              <td class="datacell">\r\n                <xsl:call-template name="widget_render">\r\n                  <xsl:with-param name="fieldName" select="''school''"/>\r\n                  <xsl:with-param name="renderCmd" select="''input''"/>\r\n                </xsl:call-template>\r\n              </td>\r\n            </tr>\r\n            <tr>\r\n              <td class="datacell" colspan="4" height="20">\r\n                <br/>\r\n              </td>\r\n            </tr>\r\n            <tr>\r\n              <td class="thnormal">\r\n                <xsl:call-template name="widget_render">\r\n                  <xsl:with-param name="fieldName" select="''department1''"/>\r\n                  <xsl:with-param name="renderCmd" select="''title''"/>\r\n                </xsl:call-template>\r\n                <font color="#ff0000">*</font>\r\n                :\r\n              </td>\r\n              <td class="datacell">\r\n                <xsl:call-template name="widget_render">\r\n                  <xsl:with-param name="fieldName" select="''department1''"/>\r\n                  <xsl:with-param name="renderCmd" select="''input''"/>\r\n                </xsl:call-template>\r\n              </td>\r\n              <td class="thnormal">\r\n                <xsl:call-template name="widget_render">\r\n                  <xsl:with-param name="fieldName" select="''fte1''"/>\r\n                  <xsl:with-param name="renderCmd" select="''title''"/>\r\n                </xsl:call-template>\r\n                <font color="#ff0000">*</font>\r\n                :\r\n              </td>\r\n              <td class="datacell">\r\n                <xsl:call-template name="widget_render">\r\n                  <xsl:with-param name="fieldName" select="''fte1''"/>\r\n                  <xsl:with-param name="renderCmd" select="''input''"/>\r\n                </xsl:call-template>\r\n              </td>\r\n            </tr>\r\n            <tr>\r\n              <td class="datacell" colspan="4" height="20">\r\n                <br/>\r\n              </td>\r\n            </tr>\r\n            <tr>\r\n              <td class="thnormal">\r\n                <xsl:call-template name="widget_render">\r\n                  <xsl:with-param name="fieldName" select="''titles''"/>\r\n                  <xsl:with-param name="renderCmd" select="''title''"/>\r\n                </xsl:call-template>\r\n                <font color="#ff0000">*</font>\r\n                :\r\n              </td>\r\n              <td class="datacell">\r\n                <xsl:call-template name="widget_render">\r\n                  <xsl:with-param name="fieldName" select="''titles''"/>\r\n                  <xsl:with-param name="renderCmd" select="''input''"/>\r\n                </xsl:call-template>\r\n              </td>\r\n              <td class="thnormal">\r\n                <xsl:call-template name="widget_render">\r\n                  <xsl:with-param name="fieldName" select="''appointmentStatus''"/>\r\n                  <xsl:with-param name="renderCmd" select="''title''"/>\r\n                </xsl:call-template>\r\n                <font color="#ff0000">*</font>\r\n                :\r\n              </td>\r\n              <td class="datacell">\r\n                <xsl:call-template name="widget_render">\r\n                  <xsl:with-param name="fieldName" select="''appointmentStatus''"/>\r\n                  <xsl:with-param name="renderCmd" select="''input''"/>\r\n                </xsl:call-template>\r\n              </td>\r\n            </tr>\r\n            <tr>\r\n              <td class="datacell" colspan="4" height="20">\r\n                <br/>\r\n              </td>\r\n            </tr>\r\n            <tr>\r\n              <td class="thnormal">\r\n                <xsl:call-template name="widget_render">\r\n                  <xsl:with-param name="fieldName" select="''rank''"/>\r\n                  <xsl:with-param name="renderCmd" select="''title''"/>\r\n                </xsl:call-template>\r\n                <font color="#ff0000">*</font>\r\n                :\r\n              </td>\r\n              <td class="datacell">\r\n                <xsl:call-template name="widget_render">\r\n                  <xsl:with-param name="fieldName" select="''rank''"/>\r\n                  <xsl:with-param name="renderCmd" select="''input''"/>\r\n                </xsl:call-template>\r\n              </td>\r\n              <td class="thnormal">\r\n                <xsl:call-template name="widget_render">\r\n                  <xsl:with-param name="fieldName" select="''acctPosNum''"/>\r\n                  <xsl:with-param name="renderCmd" select="''title''"/>\r\n                </xsl:call-template>\r\n                <font color="#ff0000">*</font>\r\n                :\r\n              </td>\r\n              <td class="datacell">\r\n                <xsl:call-template name="widget_render">\r\n                  <xsl:with-param name="fieldName" select="''acctPosNum''"/>\r\n                  <xsl:with-param name="renderCmd" select="''input''"/>\r\n                </xsl:call-template>\r\n              </td>\r\n            </tr>\r\n            <tr>\r\n              <td class="thnormal">\r\n                <xsl:call-template name="widget_render">\r\n                  <xsl:with-param name="fieldName" select="''proposedSalaryBase''"/>\r\n                  <xsl:with-param name="renderCmd" select="''title''"/>\r\n                </xsl:call-template>\r\n                <font color="#ff0000">*</font>\r\n                :\r\n              </td>\r\n              <td class="datacell">\r\n                <xsl:call-template name="widget_render">\r\n                  <xsl:with-param name="fieldName" select="''proposedSalaryBase''"/>\r\n                  <xsl:with-param name="renderCmd" select="''input''"/>\r\n                </xsl:call-template>\r\n              </td>\r\n              <td class="thnormal">\r\n                <xsl:call-template name="widget_render">\r\n                  <xsl:with-param name="fieldName" select="''expectedStartDate''"/>\r\n                  <xsl:with-param name="renderCmd" select="''title''"/>\r\n                </xsl:call-template>\r\n                <font color="#ff0000">*</font>\r\n                :\r\n              </td>\r\n              <td class="datacell">\r\n                <xsl:call-template name="widget_render">\r\n                  <xsl:with-param name="fieldName" select="''expectedStartDate''"/>\r\n                  <xsl:with-param name="renderCmd" select="''input''"/>\r\n                </xsl:call-template>\r\n              </td>\r\n            </tr>\r\n            <tr>\r\n              <td class="thnormal">\r\n                <xsl:call-template name="widget_render">\r\n                  <xsl:with-param name="fieldName" select="''expectedEndDate''"/>\r\n                  <xsl:with-param name="renderCmd" select="''title''"/>\r\n                </xsl:call-template>\r\n                :\r\n              </td>\r\n              <td class="datacell" colspan="3">\r\n                <xsl:call-template name="widget_render">\r\n                  <xsl:with-param name="fieldName" select="''expectedEndDate''"/>\r\n                  <xsl:with-param name="renderCmd" select="''input''"/>\r\n                </xsl:call-template>\r\n              </td>\r\n            </tr>\r\n            <tr>\r\n              <td class="datacell" colspan="4" height="20">\r\n                <br/>\r\n              </td>\r\n            </tr>\r\n            <tr>\r\n              <td class="thnormal">\r\n                <xsl:call-template name="widget_render">\r\n                  <xsl:with-param name="fieldName" select="''reccomendingOfferTo''"/>\r\n                  <xsl:with-param name="renderCmd" select="''title''"/>\r\n                </xsl:call-template>\r\n                <font color="#ff0000">*</font>\r\n                :\r\n              </td>\r\n              <td class="datacell" colspan="3">\r\n                <xsl:call-template name="widget_render">\r\n                  <xsl:with-param name="fieldName" select="''reccomendingOfferTo''"/>\r\n                  <xsl:with-param name="renderCmd" select="''input''"/>\r\n                </xsl:call-template>\r\n              </td>\r\n            </tr>\r\n            <tr>\r\n              <td class="datacell" colspan="4" height="20">\r\n                <br/>\r\n              </td>\r\n            </tr>\r\n            <tr>\r\n              <td class="thnormal">\r\n                <xsl:call-template name="widget_render">\r\n                  <xsl:with-param name="fieldName" select="''sex''"/>\r\n                  <xsl:with-param name="renderCmd" select="''title''"/>\r\n                </xsl:call-template>\r\n                :\r\n              </td>\r\n              <td class="datacell">\r\n                <xsl:call-template name="widget_render">\r\n                  <xsl:with-param name="fieldName" select="''sex''"/>\r\n                  <xsl:with-param name="renderCmd" select="''input''"/>\r\n                </xsl:call-template>\r\n              </td>\r\n              <td class="thnormal">\r\n                <xsl:call-template name="widget_render">\r\n                  <xsl:with-param name="fieldName" select="''ethnicity''"/>\r\n                  <xsl:with-param name="renderCmd" select="''title''"/>\r\n                </xsl:call-template>\r\n                :\r\n              </td>\r\n              <td class="datacell">\r\n                <xsl:call-template name="widget_render">\r\n                  <xsl:with-param name="fieldName" select="''ethnicity''"/>\r\n                  <xsl:with-param name="renderCmd" select="''input''"/>\r\n                </xsl:call-template>\r\n              </td>\r\n            </tr>\r\n            <tr>\r\n              <td class="thnormal">\r\n                <xsl:call-template name="widget_render">\r\n                  <xsl:with-param name="fieldName" select="''citizenship''"/>\r\n                  <xsl:with-param name="renderCmd" select="''title''"/>\r\n                </xsl:call-template>\r\n                :\r\n              </td>\r\n              <td class="datacell" colspan="3">\r\n                <xsl:call-template name="widget_render">\r\n                  <xsl:with-param name="fieldName" select="''citizenship''"/>\r\n                  <xsl:with-param name="renderCmd" select="''input''"/>\r\n                </xsl:call-template>\r\n              </td>\r\n            </tr>\r\n            <tr>\r\n              <td class="datacell" colspan="4" height="20">\r\n                <br/>\r\n              </td>\r\n            </tr>\r\n            <tr>\r\n              <td class="thnormal">\r\n                <xsl:call-template name="widget_render">\r\n                  <xsl:with-param name="fieldName" select="''additionalComments''"/>\r\n                  <xsl:with-param name="renderCmd" select="''title''"/>\r\n                </xsl:call-template>\r\n                :\r\n              </td>\r\n              <td class="datacell" colspan="3">\r\n                <xsl:call-template name="widget_render">\r\n                  <xsl:with-param name="fieldName" select="''additionalComments''"/>\r\n                  <xsl:with-param name="renderCmd" select="''input''"/>\r\n                </xsl:call-template>\r\n              </td>\r\n            </tr>\r\n            <tr>\r\n              <td class="datacell" colspan="4" height="20">\r\n                <br/>\r\n              </td>\r\n            </tr>\r\n          </table>\r\n			\r\n                <br xmlns=""/>\r\n		<table align="center" border="0" cellpadding="0" cellspacing="0" class="bord-r-t" width="80%" xmlns="">\r\n			<xsl:if test="$isAtNodeAAO">\r\n				<tr>\r\n				  <td class="thnormal" colspan="4">\r\n					<h4>Ad Hoc Section</h4>\r\n				  </td>\r\n				</tr>\r\n				<tr>\r\n				  <td class="thnormal">\r\n					<xsl:call-template name="widget_render">\r\n					  <xsl:with-param name="fieldName" select="''AffirmativeActionOfficerAdHoc''"/>\r\n					  <xsl:with-param name="renderCmd" select="''title''"/>\r\n					</xsl:call-template>\r\n					:\r\n				  </td>\r\n				  <td class="datacell">\r\n					<xsl:call-template name="widget_render">\r\n					  <xsl:with-param name="fieldName" select="''AffirmativeActionOfficerAdHoc''"/>\r\n					  <xsl:with-param name="renderCmd" select="''input''"/>\r\n					</xsl:call-template>\r\n				  </td>\r\n				</tr>\r\n			</xsl:if>\r\n			<xsl:if test="$isAtNodeVC">\r\n				<tr>\r\n				  <td class="thnormal">\r\n					<xsl:call-template name="widget_render">\r\n					  <xsl:with-param name="fieldName" select="''ViceChancellorAdHoc''"/>\r\n					  <xsl:with-param name="renderCmd" select="''title''"/>\r\n					</xsl:call-template>\r\n					:\r\n				  </td>\r\n				  <td class="datacell">\r\n					<xsl:call-template name="widget_render">\r\n					  <xsl:with-param name="fieldName" select="''ViceChancellorAdHoc''"/>\r\n					  <xsl:with-param name="renderCmd" select="''input''"/>\r\n					</xsl:call-template>\r\n				  </td>\r\n				</tr>\r\n			</xsl:if>\r\n          </table>\r\n          <br xmlns=""/>\r\n        </xsl:template>\r\n      </xsl:stylesheet>\r\n';
begin
INSERT INTO KRCR_STYLE_T (STYLE_ID,NM,XML,ACTV_IND,OBJ_ID,VER_NBR) VALUES ('2026','OfferRequestStyle',vClobVal,1,'0cd33378-1fcc-43c4-bbab-49f9fd12023e',1);
end;
/
INSERT INTO KREW_EDL_ASSCTN_T (EDOCLT_ASSOC_ID,DOC_TYP_NM,EDL_DEF_NM,STYLE_NM,ACTV_IND,OBJ_ID,VER_NBR) VALUES (2027,'OfferRequest','OfferRequestForm','OfferRequestStyle',1,'039a06b9-fd3b-49a9-a784-530939b40a0d',1)
/
declare
vClobVal varchar2(32767) := '<edl name="SearchStatusForm" title="Search Status">\r\n      <security/>\r\n      <createInstructions/>\r\n      <instructions/>\r\n	  \r\n      <attributes>\r\n        <attribute name="DFAC.ViceChancellorforAcademicAffairsandDeanOfFacultiesAdHocNetworkIdRoleAttribute">\r\n          <field attributeField="networkId" edlField="ViceChancellorAdHoc"/>\r\n        </attribute>\r\n        <attribute name="DFAC.AffirmativeActionOfficerAdHocNetworkIdRoleAttribute">\r\n          <field attributeField="networkId" edlField="AffirmativeActionOfficerAdHoc"/>\r\n        </attribute>\r\n      </attributes>\r\n      <javascript><![CDATA[function textCounterEval(maxlimit, fieldvalue) {\r\n	var msg = fieldvalue;\r\n	var charnum = msg.length;\r\n	if(charnum >= maxlimit){\r\n		return true;\r\n	} else{\r\n		return false\r\n	}\r\n	}]]></javascript>\r\n      <fieldDef name="ViceChancellorAdHoc" title="AdHoc Responsibility 2(username):">\r\n        <display>\r\n          <type>networkId</type>\r\n          <meta>\r\n            <name>size</name>\r\n            <value>10</value>\r\n          </meta>\r\n        </display>\r\n        <validation required="false"/>\r\n      </fieldDef>\r\n      <fieldDef name="AffirmativeActionOfficerAdHoc" title="AdHoc Responsibility 1(username):">\r\n        <display>\r\n          <type>networkId</type>\r\n          <meta>\r\n            <name>size</name>\r\n            <value>10</value>\r\n          </meta>\r\n        </display>\r\n        <validation required="false"/>\r\n      </fieldDef>\r\n      <fieldDef name="oaa" title="OAA">\r\n        <display>\r\n          <type>text</type>\r\n        </display>\r\n        <validation required="true"/>\r\n      </fieldDef>\r\n      <fieldDef attributeName="DFAC.CampusAttribute" name="campus" title="Campus">\r\n        <value>Select</value>\r\n        <display>\r\n          <type>select</type>\r\n          <values title="Select">Select</values>\r\n          <values title="(BL) Bloomington">BL</values>\r\n          <values title="(NW) Northwest-Gary">NW</values>\r\n        </display>\r\n        <validation required="true">\r\n          <regex>[^Select]</regex>\r\n          <message>Please Select a Campus.</message>\r\n        </validation>\r\n      </fieldDef>\r\n      <fieldDef attributeName="DFAC.SchoolAttribute" name="school" title="School / RC">\r\n        <value>Select</value>\r\n        <display>\r\n          <type>select</type>\r\n          <!-- Bloomington School Section Starts Here -->\r\n            <values title="ADM-BL">ADM-BL</values>\r\n            <values title="ARSC-BL">ARSC-BL</values>\r\n            <values title="ASDV-BL">ASDV-BL</values>\r\n            <values title="BUS-BL">BUS-BL</values>\r\n            <values title="CCCS-BL">CCCS-BL</values>\r\n            <values title="CYOP-UA">CYOP-UA</values>\r\n            <values title="EDUC-BL">EDUC-BL</values>\r\n            <values title="EXEC-BL">EXEC-BL</values>\r\n            <values title="HPER-BL">HPER-BL</values>\r\n            <values title="INFO-BL">INFO-BL</values>\r\n            <values title="JOUR-BL">JOUR-BL</values>\r\n            <values title="LAWS-BL">LAWS-BL</values>\r\n            <values title="LIBR-BL">LIBR-BL</values>\r\n            <values title="MUS-BL">MUS-BL</values>\r\n            <values title="OPT-BL">OPT-BL</values>\r\n            <values title="RCEN-BL">RCEN-BL</values>\r\n            <values title="RUAD-BL">RUAD-BL</values>\r\n            <values title="SCS-BL">SCS-BL</values>\r\n            <values title="SLIS-BL">SLIS-BL</values>\r\n            <values title="SPEA-BL">SPEA-BL</values>\r\n            <values title="SSER-BL">SSER-BL</values>\r\n            <values title="UITS-BL">UITS-BL</values>\r\n            <values title="VPFA-BL">VPFA-BL</values>\r\n            <values title="VPUE-BL">VPUE-BL</values>\r\n          <!-- NW School Section Starts Here -->\r\n            <values title="AA-NW">AA-NW</values>\r\n            <values title="CHHS-NW">CHHS-NW</values>\r\n            <values title="COAS-NW">COAS-NW</values>\r\n            <values title="LIBR-NW">LIBR-NW</values>\r\n            <values title="SOBE-NW">SOBE-NW</values>\r\n            <values title="SOE-NW">SOE-NW</values>\r\n            <values title="ACAD-KO">ACAD-KO</values>\r\n            <values title="AHLT-KO">AHLT-KO</values>\r\n            <values title="ARSC-KO">ARSC-KO</values>\r\n            <values title="BUS-KO">BUS-KO</values>\r\n            <values title="CHOF-KO">CHOF-KO</values>\r\n            <values title="CTSD-KO">CTSD-KO</values>\r\n            <values title="EDUC-KO">EDUC-KO</values>\r\n            <values title="NURS-KO">NURS-KO</values>\r\n            <values title="SPEA-KO">SPEA-KO</values>\r\n        </display>\r\n        <validation required="true">\r\n          <regex>[^Select]</regex>\r\n          <message>Please Select a School.</message>\r\n        </validation>\r\n      </fieldDef>\r\n      <fieldDef name="department" title="Department">\r\n        <display>\r\n          <type>text</type>\r\n          <meta>\r\n            <name>size</name>\r\n            <value>40</value>\r\n          </meta>\r\n        </display>\r\n        <validation required="true"/>\r\n      </fieldDef>\r\n      <fieldDef name="title" title="Position Title">\r\n        <display>\r\n          <type>text</type>\r\n          <meta>\r\n            <name>size</name>\r\n            <value>40</value>\r\n          </meta>\r\n        </display>\r\n        <validation required="true"/>\r\n      </fieldDef>\r\n      <fieldDef name="appointmentStatus" title="Appointment Status">\r\n        <display>\r\n          <type>select</type>\r\n          <values title="">null</values>\r\n          <values title="Non-Tenure Track">NON</values>\r\n          <values title="Tenure Track">TRACK</values>\r\n          <values title="Tenure">TENURE</values>\r\n        </display>\r\n        <validation required="true">\r\n          <regex>[^null]</regex>\r\n          <message>Please Select a Status.</message>\r\n        </validation>\r\n      </fieldDef>\r\n      <fieldDef name="rank" title="Salary Grade">\r\n        <display>\r\n          <type>text</type>\r\n        </display>\r\n        <validation required="true"/>\r\n      </fieldDef>\r\n      <fieldDef name="acctPosNum" title="Acct./Position#">\r\n        <display>\r\n          <type>text</type>\r\n        </display>\r\n        <validation required="true"/>\r\n      </fieldDef>\r\n      <fieldDef name="name" title="Offer made to">\r\n        <display>\r\n          <type>text</type>\r\n          <meta>\r\n            <name>size</name>\r\n            <value>60</value>\r\n          </meta>\r\n        </display>\r\n        <validation required="false"/>\r\n      </fieldDef>\r\n      <fieldDef name="status" title="Offer Status">\r\n        <display>\r\n          <type>select</type>\r\n          <values title="">null</values>\r\n          <values title="Accepted">Accepted</values>\r\n          <values title="Declined">Declined</values>\r\n          <values title="No Offer">No Offer</values>\r\n        </display>\r\n        <validation required="true">\r\n          <regex>[^null]</regex>\r\n          <message>Please Select an Offer Status.</message>\r\n        </validation>\r\n      </fieldDef>\r\n      <fieldDef name="expectedStartDate" title="Expected Start Date">\r\n        <display>\r\n          <type>text</type>\r\n          <meta>\r\n            <name>size</name>\r\n            <value>20</value>\r\n          </meta>\r\n        </display>\r\n        <validation required="true">\r\n          <regex>^[0-1]?[0-9](/|-)[0-3]?[0-9](/|-)[1-2][0-9][0-9][0-9]$</regex>\r\n          <message>Enter a valid date in the format mm/dd/yyyy</message>\r\n        </validation>\r\n      </fieldDef>\r\n      <fieldDef name="reason" title="Reason for Declined or No Offer">\r\n        <value/>\r\n        <display>\r\n          <type>select</type>\r\n          <values title=" ">None</values>\r\n          <values title="Offer will be made to another candidate">Offer Another</values>\r\n          <values title="Other candidates will be interviewed">Interview Another</values>\r\n          <values title="Position will be re-advertised">Re-Advertised</values>\r\n          <values title="Position will be re-evaluated and a new search started at a later date">Re-Evaluated</values>\r\n          <values title="Search will be closed permanently">Closed</values>\r\n          <values title="Other">Other</values>\r\n        </display>\r\n        <validation required="false"/>\r\n      </fieldDef>\r\n      <fieldDef name="otherDescription" title="Other">\r\n        <display>\r\n          <type>text</type>\r\n        </display>\r\n      </fieldDef>\r\n      <fieldDef name="noOffer" title="If Declined or No Offer Selected">\r\n        <display>\r\n          <type>select</type>\r\n          <values title=" ">None</values>\r\n          <values title="Offer will be made to another candidate">Offer Another</values>\r\n          <values title="Other candidates will be interviewed">Interview Another</values>\r\n          <values title="Position will be re-evaluated and search will be continued">Re-Evaluated</values>\r\n          <values title="Search will be closed">Closed</values>\r\n          <values title="Other(explanation require)">Other</values>\r\n        </display>\r\n        <validation required="false"/>\r\n      </fieldDef>\r\n      <fieldDef name="otherDescription2" title="Other">\r\n        <display>\r\n          <type>text</type>\r\n        </display>\r\n      </fieldDef>\r\n      <fieldDef name="comments" title="Comments">\r\n        <display>\r\n          <type>textarea</type>\r\n          <meta>\r\n            <name>cols</name>\r\n            <value>60</value>\r\n          </meta>\r\n          <meta>\r\n            <name>rows</name>\r\n            <value>4</value>\r\n          </meta>\r\n        </display>\r\n        <validation required="true">\r\n          <customValidator>textCounter</customValidator>\r\n          <message>Too many characters, please shorten or use the notes attachment feature.</message>\r\n        </validation>\r\n      </fieldDef>\r\n      <fieldDef name="background" title="Criminal Background Check Complete?">\r\n        <display>\r\n          <type>checkbox</type>\r\n          <values title="">complete</values>\r\n        </display>\r\n      </fieldDef>\r\n      <!-- Additional Offer Info Fields START 9-22-2008-->\r\n      <fieldDef name="informalOffer" title="Were there any informal (email, phone call) offers for this vacancy that didn''t matriculate to a formal Offer Request?">\r\n        <display>\r\n          <type>radio</type>\r\n          <values title="Yes">yes</values>\r\n          <values title="No"/>\r\n        </display>\r\n      </fieldDef>\r\n      <fieldDef name="additionalDescription" title="If yes, please list the name(s) of the candidates in the following section:">\r\n        <display>\r\n          <type>textarea</type>\r\n          <meta>\r\n            <name>cols</name>\r\n            <value>60</value>\r\n          </meta>\r\n          <meta>\r\n            <name>rows</name>\r\n            <value>4</value>\r\n          </meta>\r\n        </display>\r\n        <validation required="true">\r\n          <customValidator>textCounter</customValidator>\r\n          <message>Too many characters, please shorten or use the notes attachment feature.</message>\r\n        </validation>\r\n      </fieldDef>\r\n      <fieldDef name="additionalDescriptionDFAC" title="Additional Notes">\r\n        <display>\r\n          <type>textarea</type>\r\n          <meta>\r\n            <name>cols</name>\r\n            <value>60</value>\r\n          </meta>\r\n          <meta>\r\n            <name>rows</name>\r\n            <value>3</value>\r\n          </meta>\r\n        </display>\r\n        <validation required="true">\r\n          <customValidator>textCounter</customValidator>\r\n          <message>Too many characters, please shorten or use the notes attachment feature.</message>\r\n        </validation>\r\n      </fieldDef>\r\n      <!-- Additional Offer Info Fields END 9-22-2008-->\r\n    </edl>\r\n';
begin
INSERT INTO KREW_EDL_DEF_T (EDOCLT_DEF_ID,NM,XML,ACTV_IND,OBJ_ID,VER_NBR) VALUES (2028,'SearchStatusForm',vClobVal,1,'bc900d2f-dd2d-40b9-adc1-3eb3b475106a',1);
end;
/
declare
vClobVal varchar2(32767) := '<xsl:stylesheet xmlns:my-class="org.kuali.rice.edl.framework.util.EDLFunctions" xmlns:xsl="http://www.w3.org/1999/XSL/Transform" version="1.0">\r\n        <xsl:include href="widgets"/>\r\n        <xsl:output indent="yes" method="html" omit-xml-declaration="yes" version="4.01"/>\r\n        <xsl:param name="overrideMain" select="''true''"/>\r\n        <!-- if "overrideMain" = true, please customize the "mainForm" template, otherwise please customize the "mainBody" template -->\r\n        <xsl:template name="mainForm">\r\n          <html xmlns="">\r\n            <head>\r\n              <script language="javascript"><![CDATA[function textCounter(text){\r\n				maxlimit = new Number(4000);\r\n				if(textCounterEval(maxlimit, text)){\r\n					  alert("Input value was over the " + maxlimit + " character limit. You have entered " + text.length + " characters. Please shorten the entry or use the attachments feature in the notes section below.");\r\n					  return false;\r\n				}else{\r\n					return true;\r\n					}\r\n			  }\r\n			  function textCounterAll(){\r\n				msg1 = new String(document.forms[0].elements[''comments''].value);\r\n				msg2 = new String(document.forms[0].elements[''additionalDescription''].value);\r\n				msg3 = new String(document.forms[0].elements[''additionalDescriptionDFAC''].value);\r\n			    if(textCounter(msg1) && textCounter(msg2) && textCounter(msg3)){\r\n					return true;\r\n				}else{\r\n					return false;\r\n				}\r\n			  }]]></script>\r\n              <xsl:call-template name="htmlHead"/>\r\n            </head>\r\n            <body onload="onPageLoad()">\r\n              <xsl:call-template name="header"/>\r\n              <xsl:call-template name="instructions"/>\r\n              <xsl:call-template name="errors"/>\r\n              <xsl:variable name="formTarget" select="''EDocLite''"/>\r\n              <div id="mainform-div">\r\n                <form action="{$formTarget}" enctype="multipart/form-data" id="edoclite" method="post" onsubmit="return validateOnSubmit(this)">\r\n                  <xsl:call-template name="hidden-params"/>\r\n                  <xsl:call-template name="mainBody"/>\r\n                  <xsl:call-template name="annotation"/>\r\n                  <br/>\r\n                  <xsl:call-template name="notes"/>\r\n                  <br/>\r\n                  <xsl:call-template name="buttons"/>\r\n                </form>\r\n              </div>\r\n              <div id="refresh-message" style="display:none">\r\n                <table align="center" border="1" cellpadding="0" cellspacing="0" width="40%">\r\n                  <tr>\r\n                    <td align="center" class="thnormal">\r\n                      <h2>\r\n                        <b>\r\n                          <font color="#ff0000">This form is being refreshed. Please wait.</font>\r\n                        </b>\r\n                      </h2>\r\n                    </td>\r\n                  </tr>\r\n                </table>\r\n              </div>\r\n              <xsl:call-template name="footer"/>\r\n            </body>\r\n          </html>\r\n        </xsl:template>\r\n        <xsl:template name="mainBody">\r\n			<xsl:variable name="docHeaderId" select="/documentContent/documentState/docId"/>   \r\n			<xsl:variable name="isAtNodeAAO" select="my-class:isAtNode($docHeaderId, ''AffirmativeActionOfficer'')"/>\r\n			<xsl:variable name="isAtNodeVC" select="my-class:isAtNode($docHeaderId, ''ViceChancellorforAcademicAffairsandDeanOfFaculties'')"/>\r\n\r\n          <table align="center" border="0" cellpadding="0" cellspacing="0" class="bord-r-t" width="80%" xmlns="">\r\n            <tr>\r\n              <td class="thnormal" colspan="2" rowspan="3" valign="top">\r\n                <h2>Search Status</h2>\r\n                <br/>\r\n                Academic Positions\r\n              </td>\r\n              <td class="thnormal">\r\n                <xsl:call-template name="widget_render">\r\n                  <xsl:with-param name="fieldName" select="''oaa''"/>\r\n                  <xsl:with-param name="renderCmd" select="''title''"/>\r\n                </xsl:call-template>\r\n                <font color="#ff0000">*</font>\r\n                :\r\n              </td>\r\n              <td class="datacell">\r\n                <xsl:call-template name="widget_render">\r\n                  <xsl:with-param name="fieldName" select="''oaa''"/>\r\n                  <xsl:with-param name="renderCmd" select="''input''"/>\r\n                </xsl:call-template>\r\n              </td>\r\n            </tr>\r\n            <tr>\r\n              <td class="thnormal">\r\n                <xsl:call-template name="widget_render">\r\n                  <xsl:with-param name="fieldName" select="''campus''"/>\r\n                  <xsl:with-param name="renderCmd" select="''title''"/>\r\n                </xsl:call-template>\r\n                <font color="#ff0000">*</font>\r\n                :\r\n              </td>\r\n              <td class="datacell">\r\n                <xsl:call-template name="widget_render">\r\n                  <xsl:with-param name="fieldName" select="''campus''"/>\r\n                  <xsl:with-param name="renderCmd" select="''input''"/>\r\n                </xsl:call-template>\r\n              </td>\r\n            </tr>\r\n            <tr>\r\n              <td class="thnormal">\r\n                <xsl:call-template name="widget_render">\r\n                  <xsl:with-param name="fieldName" select="''school''"/>\r\n                  <xsl:with-param name="renderCmd" select="''title''"/>\r\n                </xsl:call-template>\r\n                <font color="#ff0000">*</font>\r\n                :\r\n              </td>\r\n              <td class="datacell">\r\n                <xsl:call-template name="widget_render">\r\n                  <xsl:with-param name="fieldName" select="''school''"/>\r\n                  <xsl:with-param name="renderCmd" select="''input''"/>\r\n                </xsl:call-template>\r\n              </td>\r\n            </tr>\r\n            <tr>\r\n              <td class="datacell" colspan="5" height="20">\r\n                <br/>\r\n              </td>\r\n            </tr>\r\n            <tr>\r\n              <td class="thnormal" colspan="4">\r\n                Attributes marked with a\r\n                <font color="#ff0000">*</font>\r\n                are required fields.\r\n              </td>\r\n            </tr>\r\n            <tr>\r\n              <td class="datacell" colspan="4" height="20">\r\n                <br/>\r\n              </td>\r\n            </tr>\r\n            <tr>\r\n              <td class="thnormal">\r\n                <xsl:call-template name="widget_render">\r\n                  <xsl:with-param name="fieldName" select="''department''"/>\r\n                  <xsl:with-param name="renderCmd" select="''title''"/>\r\n                </xsl:call-template>\r\n                <font color="#ff0000">*</font>\r\n                :\r\n              </td>\r\n              <td class="datacell" colspan="4">\r\n                <xsl:call-template name="widget_render">\r\n                  <xsl:with-param name="fieldName" select="''department''"/>\r\n                  <xsl:with-param name="renderCmd" select="''input''"/>\r\n                </xsl:call-template>\r\n              </td>\r\n            </tr>\r\n            <tr>\r\n              <td class="thnormal">\r\n                <xsl:call-template name="widget_render">\r\n                  <xsl:with-param name="fieldName" select="''title''"/>\r\n                  <xsl:with-param name="renderCmd" select="''title''"/>\r\n                </xsl:call-template>\r\n                <font color="#ff0000">*</font>\r\n                :\r\n              </td>\r\n              <td class="datacell">\r\n                <xsl:call-template name="widget_render">\r\n                  <xsl:with-param name="fieldName" select="''title''"/>\r\n                  <xsl:with-param name="renderCmd" select="''input''"/>\r\n                </xsl:call-template>\r\n              </td>\r\n              <td class="thnormal">\r\n                <xsl:call-template name="widget_render">\r\n                  <xsl:with-param name="fieldName" select="''appointmentStatus''"/>\r\n                  <xsl:with-param name="renderCmd" select="''title''"/>\r\n                </xsl:call-template>\r\n                <font color="#ff0000">*</font>\r\n                :\r\n              </td>\r\n              <td class="datacell" colspan="2">\r\n                <xsl:call-template name="widget_render">\r\n                  <xsl:with-param name="fieldName" select="''appointmentStatus''"/>\r\n                  <xsl:with-param name="renderCmd" select="''input''"/>\r\n                </xsl:call-template>\r\n              </td>\r\n            </tr>\r\n            <tr>\r\n              <td class="thnormal">\r\n                <xsl:call-template name="widget_render">\r\n                  <xsl:with-param name="fieldName" select="''rank''"/>\r\n                  <xsl:with-param name="renderCmd" select="''title''"/>\r\n                </xsl:call-template>\r\n                <font color="#ff0000">*</font>\r\n                :\r\n              </td>\r\n              <td class="datacell">\r\n                <xsl:call-template name="widget_render">\r\n                  <xsl:with-param name="fieldName" select="''rank''"/>\r\n                  <xsl:with-param name="renderCmd" select="''input''"/>\r\n                </xsl:call-template>\r\n              </td>\r\n              <td class="thnormal">\r\n                <xsl:call-template name="widget_render">\r\n                  <xsl:with-param name="fieldName" select="''acctPosNum''"/>\r\n                  <xsl:with-param name="renderCmd" select="''title''"/>\r\n                </xsl:call-template>\r\n                <font color="#ff0000">*</font>\r\n                :\r\n              </td>\r\n              <td class="datacell" colspan="2">\r\n                <xsl:call-template name="widget_render">\r\n                  <xsl:with-param name="fieldName" select="''acctPosNum''"/>\r\n                  <xsl:with-param name="renderCmd" select="''input''"/>\r\n                </xsl:call-template>\r\n              </td>\r\n            </tr>\r\n            <tr>\r\n              <td class="datacell" colspan="5" height="20">\r\n                <br/>\r\n              </td>\r\n            </tr>\r\n            <tr>\r\n              <td class="thnormal">\r\n                <xsl:call-template name="widget_render">\r\n                  <xsl:with-param name="fieldName" select="''name''"/>\r\n                  <xsl:with-param name="renderCmd" select="''title''"/>\r\n                </xsl:call-template>\r\n                :\r\n              </td>\r\n              <td class="datacell" colspan="3">\r\n                <xsl:call-template name="widget_render">\r\n                  <xsl:with-param name="fieldName" select="''name''"/>\r\n                  <xsl:with-param name="renderCmd" select="''input''"/>\r\n                </xsl:call-template>\r\n              </td>\r\n            </tr>\r\n            <tr>\r\n              <td class="datacell" colspan="5" height="20">\r\n                <br/>\r\n              </td>\r\n            </tr>\r\n            <tr>\r\n              <td class="thnormal" valign="top">Offer was :</td>\r\n              <td class="datacell" colspan="3">\r\n                <table align="center" border="0" cellpadding="0" cellspacing="0" class="bord-r-t" width="100%">\r\n                  <tr>\r\n                    <td align="right" class="thnormal">\r\n                      <xsl:call-template name="widget_render">\r\n                        <xsl:with-param name="fieldName" select="''status''"/>\r\n                        <xsl:with-param name="renderCmd" select="''title''"/>\r\n                      </xsl:call-template>\r\n                      <font color="#ff0000">*</font>\r\n                      :\r\n                    </td>\r\n                    <td class="datacell" colspan="2">\r\n                      <xsl:call-template name="widget_render">\r\n                        <xsl:with-param name="fieldName" select="''status''"/>\r\n                        <xsl:with-param name="renderCmd" select="''input''"/>\r\n                      </xsl:call-template>\r\n                    </td>\r\n                  </tr>\r\n                  <tr>\r\n                    <td align="right" class="thnormal" rowspan="2" valign="top">If Declined or No Offer Selected, please select one of the Following:</td>\r\n                    <td class="datacell" colspan="2">\r\n                      <xsl:call-template name="widget_render">\r\n                        <xsl:with-param name="fieldName" select="''noOffer''"/>\r\n                        <xsl:with-param name="renderCmd" select="''input''"/>\r\n                      </xsl:call-template>\r\n                    </td>\r\n                  </tr>\r\n                  <tr>\r\n                    <td class="datacell">\r\n                      Description for "Other"\r\n                      <xsl:call-template name="widget_render">\r\n                        <xsl:with-param name="fieldName" select="''otherDescription2''"/>\r\n                        <xsl:with-param name="renderCmd" select="''input''"/>\r\n                      </xsl:call-template>\r\n                    </td>\r\n                  </tr>\r\n                  <tr>\r\n                    <td align="right" class="thnormal">\r\n                      <xsl:call-template name="widget_render">\r\n                        <xsl:with-param name="fieldName" select="''expectedStartDate''"/>\r\n                        <xsl:with-param name="renderCmd" select="''title''"/>\r\n                      </xsl:call-template>\r\n                    </td>\r\n                    <td class="datacell" colspan="2">\r\n                      <xsl:call-template name="widget_render">\r\n                        <xsl:with-param name="fieldName" select="''expectedStartDate''"/>\r\n                        <xsl:with-param name="renderCmd" select="''input''"/>\r\n                      </xsl:call-template>\r\n                    </td>\r\n                  </tr>\r\n                  <tr>\r\n                    <td align="right" class="thnormal" rowspan="2" valign="top">Status of Search</td>\r\n                    <td class="datacell" colspan="2">\r\n                      <xsl:call-template name="widget_render">\r\n                        <xsl:with-param name="fieldName" select="''reason''"/>\r\n                        <xsl:with-param name="renderCmd" select="''input''"/>\r\n                      </xsl:call-template>\r\n                    </td>\r\n                  </tr>\r\n                  <tr>\r\n                    <td class="datacell">\r\n                      Description for "Other"\r\n                      <xsl:call-template name="widget_render">\r\n                        <xsl:with-param name="fieldName" select="''otherDescription''"/>\r\n                        <xsl:with-param name="renderCmd" select="''input''"/>\r\n                      </xsl:call-template>\r\n                    </td>\r\n                  </tr>\r\n                  <tr>\r\n                    <td align="right" class="thnormal">\r\n                      <xsl:call-template name="widget_render">\r\n                        <xsl:with-param name="fieldName" select="''background''"/>\r\n                        <xsl:with-param name="renderCmd" select="''title''"/>\r\n                      </xsl:call-template>\r\n                    </td>\r\n                    <td class="datacell" colspan="2">\r\n                      <xsl:call-template name="widget_render">\r\n                        <xsl:with-param name="fieldName" select="''background''"/>\r\n                        <xsl:with-param name="renderCmd" select="''input''"/>\r\n                      </xsl:call-template>\r\n                    </td>\r\n                  </tr>\r\n                </table>\r\n              </td>\r\n            </tr>\r\n            <!-- Additional Offer Info Section START 9-22-2008 -->\r\n            <tr>\r\n              <td class="thnormal" valign="top">Additional Offer Information:</td>\r\n              <td class="datacell" colspan="3">\r\n                <table align="center" border="0" cellpadding="0" cellspacing="0" class="bord-r-t" width="100%">\r\n                  <tr>\r\n                    <td align="right" class="thnormal">\r\n                      <xsl:call-template name="widget_render">\r\n                        <xsl:with-param name="fieldName" select="''informalOffer''"/>\r\n                        <xsl:with-param name="renderCmd" select="''title''"/>\r\n                      </xsl:call-template>\r\n                    </td>\r\n                    <td class="datacell" colspan="2">\r\n                      <xsl:call-template name="widget_render">\r\n                        <xsl:with-param name="fieldName" select="''informalOffer''"/>\r\n                        <xsl:with-param name="renderCmd" select="''input''"/>\r\n                      </xsl:call-template>\r\n                    </td>\r\n                  </tr>\r\n                  <tr>\r\n                    <td align="right" class="thnormal">\r\n                      <xsl:call-template name="widget_render">\r\n                        <xsl:with-param name="fieldName" select="''additionalDescription''"/>\r\n                        <xsl:with-param name="renderCmd" select="''title''"/>\r\n                      </xsl:call-template>\r\n                    </td>\r\n                    <td class="datacell" colspan="2">\r\n                      <xsl:call-template name="widget_render">\r\n                        <xsl:with-param name="fieldName" select="''additionalDescription''"/>\r\n                        <xsl:with-param name="renderCmd" select="''input''"/>\r\n                      </xsl:call-template>\r\n                    </td>\r\n                  </tr>\r\n                  <tr>\r\n                    <td align="right" class="thnormal">\r\n                      <xsl:call-template name="widget_render">\r\n                        <xsl:with-param name="fieldName" select="''additionalDescriptionDFAC''"/>\r\n                        <xsl:with-param name="renderCmd" select="''title''"/>\r\n                      </xsl:call-template>\r\n                    </td>\r\n                    <td class="datacell" colspan="2">\r\n                      <xsl:call-template name="widget_render">\r\n                        <xsl:with-param name="fieldName" select="''additionalDescriptionDFAC''"/>\r\n                        <xsl:with-param name="renderCmd" select="''input''"/>\r\n                      </xsl:call-template>\r\n                    </td>\r\n                  </tr>\r\n                </table>\r\n              </td>\r\n            </tr>\r\n            <!-- Additional Offer Info Section  END 9-22-2008-->\r\n            <tr>\r\n              <td class="datacell" colspan="5" height="20">\r\n                <br/>\r\n              </td>\r\n            </tr>\r\n            <tr>\r\n              <td class="thnormal">\r\n                <xsl:call-template name="widget_render">\r\n                  <xsl:with-param name="fieldName" select="''comments''"/>\r\n                  <xsl:with-param name="renderCmd" select="''title''"/>\r\n                </xsl:call-template>\r\n                :\r\n              </td>\r\n              <td class="datacell" colspan="3">\r\n                <xsl:call-template name="widget_render">\r\n                  <xsl:with-param name="fieldName" select="''comments''"/>\r\n                  <xsl:with-param name="renderCmd" select="''input''"/>\r\n                </xsl:call-template>\r\n              </td>\r\n            </tr>\r\n          </table>\r\n		  \r\n                <br xmlns=""/>\r\n          <table align="center" border="1" cellpadding="2" cellspacing="2" width="80%" xmlns="">\r\n			<xsl:if test="$isAtNodeAAO">\r\n				<tr>\r\n				  <td class="thnormal" colspan="4">\r\n					<h4>Ad Hoc Section</h4>\r\n				  </td>\r\n				</tr>\r\n				<tr>\r\n				  <td class="thnormal">\r\n					<xsl:call-template name="widget_render">\r\n					  <xsl:with-param name="fieldName" select="''AffirmativeActionOfficerAdHoc''"/>\r\n					  <xsl:with-param name="renderCmd" select="''title''"/>\r\n					</xsl:call-template>\r\n					:\r\n				  </td>\r\n				  <td class="datacell">\r\n					<xsl:call-template name="widget_render">\r\n					  <xsl:with-param name="fieldName" select="''AffirmativeActionOfficerAdHoc''"/>\r\n					  <xsl:with-param name="renderCmd" select="''input''"/>\r\n					</xsl:call-template>\r\n				  </td>\r\n				</tr>\r\n			</xsl:if>\r\n			<xsl:if test="$isAtNodeVC">\r\n				<tr>\r\n				  <td class="thnormal">\r\n					<xsl:call-template name="widget_render">\r\n					  <xsl:with-param name="fieldName" select="''ViceChancellorAdHoc''"/>\r\n					  <xsl:with-param name="renderCmd" select="''title''"/>\r\n					</xsl:call-template>\r\n					:\r\n				  </td>\r\n				  <td class="datacell">\r\n					<xsl:call-template name="widget_render">\r\n					  <xsl:with-param name="fieldName" select="''ViceChancellorAdHoc''"/>\r\n					  <xsl:with-param name="renderCmd" select="''input''"/>\r\n					</xsl:call-template>\r\n				  </td>\r\n				</tr>\r\n			</xsl:if>\r\n          </table>\r\n          <br xmlns=""/>\r\n        </xsl:template>\r\n      </xsl:stylesheet>\r\n';
begin
INSERT INTO KRCR_STYLE_T (STYLE_ID,NM,XML,ACTV_IND,OBJ_ID,VER_NBR) VALUES ('2029','SearchStatusStyle',vClobVal,1,'c3fdb5c1-fff0-442f-a1f2-d29224ba5a78',1);
end;
/
INSERT INTO KREW_EDL_ASSCTN_T (EDOCLT_ASSOC_ID,DOC_TYP_NM,EDL_DEF_NM,STYLE_NM,ACTV_IND,OBJ_ID,VER_NBR) VALUES (2030,'SearchStatus','SearchStatusForm','SearchStatusStyle',1,'b4f4aab2-8038-480e-81c9-b7207381a42d',1)
/
declare
vClobVal varchar2(32767) := '<edl name="VacancyNoticeForm" title="Vacancy Notice">\r\n      <security/>\r\n      <createInstructions/>\r\n      <instructions/>\r\n	  \r\n      <attributes>\r\n        <attribute name="DFAC.ViceChancellorforAcademicAffairsandDeanOfFacultiesAdHocNetworkIdRoleAttribute">\r\n          <field attributeField="networkId" edlField="ViceChancellorAdHoc"/>\r\n        </attribute>\r\n        <attribute name="DFAC.AffirmativeActionOfficerAdHocNetworkIdRoleAttribute">\r\n          <field attributeField="networkId" edlField="AffirmativeActionOfficerAdHoc"/>\r\n        </attribute>\r\n      </attributes>\r\n      <javascript><![CDATA[function textCounterEval(maxlimit, fieldvalue) {\r\n	var msg = fieldvalue;\r\n	var charnum = msg.length;\r\n	if(charnum >= maxlimit){\r\n		return true;\r\n	} else{\r\n		return false\r\n	}\r\n	}]]></javascript>\r\n      <fieldDef name="ViceChancellorAdHoc" title="AdHoc Responsibility 2(username):">\r\n        <display>\r\n          <type>networkId</type>\r\n          <meta>\r\n            <name>size</name>\r\n            <value>10</value>\r\n          </meta>\r\n        </display>\r\n        <validation required="false"/>\r\n      </fieldDef>\r\n      <fieldDef name="AffirmativeActionOfficerAdHoc" title="AdHoc Responsibility 1(username):">\r\n        <display>\r\n          <type>networkId</type>\r\n          <meta>\r\n            <name>size</name>\r\n            <value>10</value>\r\n          </meta>\r\n        </display>\r\n        <validation required="false"/>\r\n      </fieldDef>\r\n      <fieldDef name="oaa" title="OAA">\r\n        <display>\r\n          <type>text</type>\r\n        </display>\r\n        <validation required="false"/>\r\n      </fieldDef>\r\n      <fieldDef attributeName="DFAC.CampusAttribute" name="campus" title="Campus">\r\n        <value>Select</value>\r\n        <display>\r\n          <type>select</type>\r\n          <values title="(BL) Bloomington">BL</values>\r\n        </display>\r\n        <validation required="true">\r\n          <regex>[^Select]</regex>\r\n          <message>Please Select a Campus.</message>\r\n        </validation>\r\n      </fieldDef>\r\n      <fieldDef attributeName="DFAC.SchoolAttribute" name="school" title="School / RC">\r\n        <value>Select</value>\r\n        <display>\r\n          <type>select</type>\r\n          <!-- Bloomington School Section Starts Here -->\r\n            <values title="BUS-BL">BUS-BL</values>\r\n        </display>\r\n        <validation required="true">\r\n          <regex>[^Select]</regex>\r\n          <message>Please Select a School.</message>\r\n        </validation>\r\n      </fieldDef>\r\n      <fieldDef name="priorYearResearch" title="Reactivating prior year search. Prior OAA#">\r\n        <display>\r\n          <type>text</type>\r\n        </display>\r\n        <validation required="false"/>\r\n      </fieldDef>\r\n      <fieldDef name="department1" title="Department">\r\n        <display>\r\n          <type>text</type>\r\n        </display>\r\n        <validation required="true"/>\r\n      </fieldDef>\r\n      <fieldDef name="fte1" title="FTE">\r\n        <display>\r\n          <type>text</type>\r\n        </display>\r\n        <validation required="true"/>\r\n      </fieldDef>\r\n      <fieldDef name="appointmentStatus" title="Appointment Status">\r\n        <display>\r\n          <type>select</type>\r\n          <values title="">null</values>\r\n          <values title="Non-Tenure Track">NON</values>\r\n          <values title="Tenure Track">TRACK</values>\r\n          <values title="Tenure">TENURE</values>\r\n        </display>\r\n        <validation required="true">\r\n          <regex>[^null]</regex>\r\n          <message>Please Select a Status.</message>\r\n        </validation>\r\n      </fieldDef>\r\n      <fieldDef name="titles" title="Title(s)">\r\n        <display>\r\n          <type>text</type>\r\n          <meta>\r\n            <name>size</name>\r\n            <value>60</value>\r\n          </meta>\r\n        </display>\r\n        <validation required="true"/>\r\n      </fieldDef>\r\n      <fieldDef name="rank" title="Salary Grade">\r\n        <display>\r\n          <type>text</type>\r\n        </display>\r\n        <validation required="true"/>\r\n      </fieldDef>\r\n      <fieldDef name="positionStatus" title="Position">\r\n        <value>New</value>\r\n        <display>\r\n          <type>radio</type>\r\n          <values title="New">New</values>\r\n          <values title="Replacement">Replacement</values>\r\n        </display>\r\n        <validation required="true"/>\r\n      </fieldDef>\r\n      <fieldDef name="replacementFor" title="Account/Position #, Individual, or Specialized Area">\r\n        <display>\r\n          <type>text</type>\r\n        </display>\r\n        <validation required="true"/>\r\n      </fieldDef>\r\n      <fieldDef name="salaryRange" title="Salary Range">\r\n        <display>\r\n          <type>text</type>\r\n        </display>\r\n        <validation required="true"/>\r\n      </fieldDef>\r\n      <fieldDef name="partTimePosition" title="Part Time Position">\r\n        <display>\r\n          <type>checkbox</type>\r\n          <values title="Part Time Position">PartTimePosition</values>\r\n        </display>\r\n        <validation required="false"/>\r\n      </fieldDef>\r\n      <fieldDef name="visitingPosition" title="Visiting Position">\r\n        <display>\r\n          <type>checkbox</type>\r\n          <values title="Visiting Position">VisitingPosition</values>\r\n        </display>\r\n        <validation required="false"/>\r\n      </fieldDef>\r\n      <fieldDef name="expectedStartDate" title="Expected Start Date">\r\n        <display>\r\n          <type>text</type>\r\n        </display>\r\n        <validation required="true">\r\n          <regex>^[0-1]?[0-9](/|-)[0-3]?[0-9](/|-)[1-2][0-9][0-9][0-9]$</regex>\r\n          <message>Enter a valid date in the format mm/dd/yyyy</message>\r\n        </validation>\r\n      </fieldDef>\r\n      <fieldDef name="expectedEndDate" title="Expected End Date">\r\n        <display>\r\n          <type>text</type>\r\n        </display>\r\n        <validation required="false">\r\n          <regex>^[0-1]?[0-9](/|-)[0-3]?[0-9](/|-)[1-2][0-9][0-9][0-9]$</regex>\r\n          <message>Enter a valid date in the format mm/dd/yyyy</message>\r\n        </validation>\r\n      </fieldDef>\r\n      <fieldDef name="searchScope" title="Search Scope">\r\n        <value/>\r\n        <display>\r\n          <type>select</type>\r\n          <values title=" ">NONE</values>\r\n          <values title="Full National Search">FULL</values>\r\n          <values title="Local or Regional Search">REGIONAL</values>\r\n          <values title="Limited National Search">LIMITED</values>\r\n        </display>\r\n        <validation required="true">\r\n			<regex>[^NONE]</regex>\r\n			<message>You must choose a search scope.</message>\r\n		</validation>\r\n      </fieldDef>\r\n      <fieldDef name="hardCopy" title="Hard Copy">\r\n        <display>\r\n          <type>text</type>\r\n        </display>\r\n        <validation required="true"/>\r\n      </fieldDef>\r\n      <fieldDef name="nationalPublications" title="National Publications">\r\n        <display>\r\n          <type>text</type>\r\n        </display>\r\n        <validation required="false"/>\r\n      </fieldDef>\r\n      <fieldDef name="nationalDirectMail" title="National Direct Mail">\r\n        <display>\r\n          <type>text</type>\r\n        </display>\r\n        <validation required="false"/>\r\n      </fieldDef>\r\n      <fieldDef name="targetedPublications" title="Targeted Publications">\r\n        <display>\r\n          <type>text</type>\r\n        </display>\r\n        <validation required="false"/>\r\n      </fieldDef>\r\n      <fieldDef name="personalContacts" title="Personal Contacts">\r\n        <display>\r\n          <type>text</type>\r\n        </display>\r\n        <validation required="false"/>\r\n      </fieldDef>\r\n      <fieldDef name="electronic" title="Electronic">\r\n        <display>\r\n          <type>text</type>\r\n        </display>\r\n        <validation required="false"/>\r\n      </fieldDef>\r\n      <fieldDef name="other" title="Other">\r\n        <display>\r\n          <type>text</type>\r\n        </display>\r\n        <validation required="false"/>\r\n      </fieldDef>\r\n      <fieldDef name="comments" title="Comments">\r\n        <display>\r\n          <type>textarea</type>\r\n          <meta>\r\n            <name>cols</name>\r\n            <value>60</value>\r\n          </meta>\r\n          <meta>\r\n            <name>rows</name>\r\n            <value>4</value>\r\n          </meta>\r\n        </display>\r\n        <validation required="true">\r\n          <customValidator>textCounter</customValidator>\r\n          <message>Too many characters, please shorten or use the notes attachment feature.</message>\r\n        </validation>\r\n      </fieldDef>\r\n      <fieldDef name="searchCommitteeChair" title="Search Committee Chair">\r\n        <display>\r\n          <type>text</type>\r\n        </display>\r\n        <validation required="false"/>\r\n      </fieldDef>\r\n      <fieldDef name="searchCommitteeMember1" title="Search Committee Member 1">\r\n        <display>\r\n          <type>text</type>\r\n        </display>\r\n        <validation required="false"/>\r\n      </fieldDef>\r\n      <fieldDef name="searchCommitteeMember2" title="Search Committee Member 2">\r\n        <display>\r\n          <type>text</type>\r\n        </display>\r\n        <validation required="false"/>\r\n      </fieldDef>\r\n      <fieldDef name="searchCommitteeMember3" title="Search Committee Member 3">\r\n        <display>\r\n          <type>text</type>\r\n        </display>\r\n        <validation required="false"/>\r\n      </fieldDef>\r\n      <fieldDef name="searchCommitteeMember4" title="Search Committee Member 4">\r\n        <display>\r\n          <type>text</type>\r\n        </display>\r\n        <validation required="false"/>\r\n      </fieldDef>\r\n      <fieldDef name="announcement" title="Text of Vacancy Announcement">\r\n        <display>\r\n          <type>textarea</type>\r\n          <meta>\r\n            <name>cols</name>\r\n            <value>60</value>\r\n          </meta>\r\n          <meta>\r\n            <name>rows</name>\r\n            <value>8</value>\r\n          </meta>\r\n        </display>\r\n        <validation required="true">\r\n          <customValidator>textCounter</customValidator>\r\n          <message>Too many characters, please shorten or use the notes attachment feature.</message>\r\n        </validation>\r\n      </fieldDef>\r\n      <fieldDef name="posting" title="Text of Internal Posting">\r\n        <display>\r\n          <type>textarea</type>\r\n          <meta>\r\n            <name>cols</name>\r\n            <value>60</value>\r\n          </meta>\r\n          <meta>\r\n            <name>rows</name>\r\n            <value>8</value>\r\n          </meta>\r\n        </display>\r\n        <validation required="true">\r\n          <customValidator>textCounter</customValidator>\r\n          <message>Too many characters, please shorten or use the notes attachment feature.</message>\r\n        </validation>\r\n      </fieldDef>\r\n      <fieldDef name="copies" title="Copies of Letters and announcements">\r\n        <display>\r\n          <type>textarea</type>\r\n          <meta>\r\n            <name>cols</name>\r\n            <value>60</value>\r\n          </meta>\r\n          <meta>\r\n            <name>rows</name>\r\n            <value>8</value>\r\n          </meta>\r\n        </display>\r\n        <validation required="true">\r\n          <customValidator>textCounter</customValidator>\r\n          <message>Too many characters, please shorten or use the notes attachment feature.</message>\r\n        </validation>\r\n      </fieldDef>\r\n      <fieldDef name="blackAvailability" title="Black Availability">\r\n        <display>\r\n          <type>text</type>\r\n          <meta>\r\n            <name>size</name>\r\n            <value>8</value>\r\n          </meta>\r\n        </display>\r\n        <validation required="false"/>\r\n      </fieldDef>\r\n      <fieldDef name="hispanicAvailability" title="Hispanic Availability">\r\n        <display>\r\n          <type>text</type>\r\n          <meta>\r\n            <name>size</name>\r\n            <value>8</value>\r\n          </meta>\r\n        </display>\r\n        <validation required="false"/>\r\n      </fieldDef>\r\n      <fieldDef name="asianAvailability" title="Asian Availability">\r\n        <display>\r\n          <type>text</type>\r\n          <meta>\r\n            <name>size</name>\r\n            <value>8</value>\r\n          </meta>\r\n        </display>\r\n        <validation required="false"/>\r\n      </fieldDef>\r\n      <fieldDef name="nativeAmericanAvailability" title="Native American Availability">\r\n        <display>\r\n          <type>text</type>\r\n          <meta>\r\n            <name>size</name>\r\n            <value>8</value>\r\n          </meta>\r\n        </display>\r\n        <validation required="false"/>\r\n      </fieldDef>\r\n      <fieldDef name="nativeHawaiianAvailability" title="Native Hawaiian Availability">\r\n        <display>\r\n          <type>text</type>\r\n          <meta>\r\n            <name>size</name>\r\n            <value>8</value>\r\n          </meta>\r\n        </display>\r\n        <validation required="false"/>\r\n      </fieldDef>\r\n      <fieldDef name="femaleAvailability" title="Female Availability">\r\n        <display>\r\n          <type>text</type>\r\n          <meta>\r\n            <name>size</name>\r\n            <value>8</value>\r\n          </meta>\r\n        </display>\r\n        <validation required="false"/>\r\n      </fieldDef>\r\n      <fieldDef name="blackUtilization" title="Black Utilization">\r\n        <display>\r\n          <type>text</type>\r\n          <meta>\r\n            <name>size</name>\r\n            <value>8</value>\r\n          </meta>\r\n        </display>\r\n        <validation required="false"/>\r\n      </fieldDef>\r\n      <fieldDef name="hispanicUtilization" title="Hispanic Utilization">\r\n        <display>\r\n          <type>text</type>\r\n          <meta>\r\n            <name>size</name>\r\n            <value>8</value>\r\n          </meta>\r\n        </display>\r\n        <validation required="false"/>\r\n      </fieldDef>\r\n      <fieldDef name="asianUtilization" title="Asian Utilization">\r\n        <display>\r\n          <type>text</type>\r\n          <meta>\r\n            <name>size</name>\r\n            <value>8</value>\r\n          </meta>\r\n        </display>\r\n        <validation required="false"/>\r\n      </fieldDef>\r\n      <fieldDef name="nativeAmericanUtilization" title="Native American Utilization">\r\n        <display>\r\n          <type>text</type>\r\n          <meta>\r\n            <name>size</name>\r\n            <value>8</value>\r\n          </meta>\r\n        </display>\r\n        <validation required="false"/>\r\n      </fieldDef>\r\n      <fieldDef name="nativeHawaiianUtilization" title="Native Hawaiian Utilization">\r\n        <display>\r\n          <type>text</type>\r\n          <meta>\r\n            <name>size</name>\r\n            <value>8</value>\r\n          </meta>\r\n        </display>\r\n        <validation required="false"/>\r\n      </fieldDef>\r\n      <fieldDef name="femaleUtilization" title="Female Utilization">\r\n        <display>\r\n          <type>text</type>\r\n          <meta>\r\n            <name>size</name>\r\n            <value>8</value>\r\n          </meta>\r\n        </display>\r\n        <validation required="false"/>\r\n      </fieldDef>\r\n      <fieldDef name="blackUnderUtilization" title="Black Underutilization">\r\n        <display>\r\n          <type>text</type>\r\n          <meta>\r\n            <name>size</name>\r\n            <value>8</value>\r\n          </meta>\r\n        </display>\r\n        <validation required="false"/>\r\n      </fieldDef>\r\n      <fieldDef name="hispanicUnderUtilization" title="Hispanic Underutilization">\r\n        <display>\r\n          <type>text</type>\r\n          <meta>\r\n            <name>size</name>\r\n            <value>8</value>\r\n          </meta>\r\n        </display>\r\n        <validation required="false"/>\r\n      </fieldDef>\r\n      <fieldDef name="asianUnderUtilization" title="Asian Underutilization">\r\n        <display>\r\n          <type>text</type>\r\n          <meta>\r\n            <name>size</name>\r\n            <value>8</value>\r\n          </meta>\r\n        </display>\r\n        <validation required="false"/>\r\n      </fieldDef>\r\n      <fieldDef name="nativeAmericanUnderUtilization" title="Native American Underutilization">\r\n        <display>\r\n          <type>text</type>\r\n          <meta>\r\n            <name>size</name>\r\n            <value>8</value>\r\n          </meta>\r\n        </display>\r\n        <validation required="false"/>\r\n      </fieldDef>\r\n      <fieldDef name="nativeHawaiianUnderUtilization" title="Native Hawaiian Underutilization">\r\n        <display>\r\n          <type>text</type>\r\n          <meta>\r\n            <name>size</name>\r\n            <value>8</value>\r\n          </meta>\r\n        </display>\r\n        <validation required="false"/>\r\n      </fieldDef>\r\n      <fieldDef name="femaleUnderUtilization" title="Female Underutilization">\r\n        <display>\r\n          <type>text</type>\r\n          <meta>\r\n            <name>size</name>\r\n            <value>8</value>\r\n          </meta>\r\n        </display>\r\n        <validation required="false"/>\r\n      </fieldDef>\r\n    </edl>\r\n';
begin
INSERT INTO KREW_EDL_DEF_T (EDOCLT_DEF_ID,NM,XML,ACTV_IND,OBJ_ID,VER_NBR) VALUES (2031,'VacancyNoticeForm',vClobVal,1,'78c9fcf6-a26c-4cd4-833b-2fd726bb02b0',1);
end;
/
CREATE GLOBAL TEMPORARY TABLE tt_xml_import
(
    ID NUMBER(10),
    xmlClob CLOB
);
DECLARE
   bigtext1   VARCHAR2 (32767);
   bigtext2   VARCHAR2 (32767);
BEGIN
   bigtext1 := '<xsl:stylesheet xmlns:my-class="xalan://org.kuali.rice.edl.framework.util.EDLFunctions" xmlns:xsl="http://www.w3.org/1999/XSL/Transform" version="1.0">\r\n        <xsl:include href="widgets"/>\r\n        <xsl:output doctype-public="-//W3C//DTD XHTML 1.0 Transitional//EN" indent="yes" method="html" omit-xml-declaration="yes"/>\r\n        <xsl:param name="overrideMain" select="''true''"/>\r\n        <!-- if "overrideMain" = true, please customize the "mainForm" template, otherwise please customize the "mainBody" template -->\r\n        <xsl:template name="mainForm">\r\n          <html xmlns="">\r\n            <head>\r\n              <script language="javascript"><![CDATA[function textCounter(text){\r\n				maxlimit = new Number(4000);\r\n				if(textCounterEval(maxlimit, text)){\r\n					  alert("Input value was over the " + maxlimit + " character limit. You have entered " + text.length + " characters. Please shorten the entry or use the attachments feature in the notes section below.");\r\n					  return false;\r\n				}else{\r\n					return true;\r\n					}\r\n			  }\r\n			  function textCounterPosting(){		  \r\n				msg = new String(document.forms[0].elements[''posting''].value);\r\n			    textCounter(msg);\r\n			  }\r\n			  function textCounterCopies(){			  \r\n				msg = new String(document.forms[0].elements[''copies''].value);\r\n			    textCounter(msg);\r\n			  }\r\n			  function textCounterAnnouncement(){			  \r\n				msg = new String(document.forms[0].elements[''announcement''].value);\r\n				if(msg.length() == 0){\r\n					return false;\r\n				}\r\n			    textCounter(msg);\r\n			  }\r\n			  function textCounterAll(){	  \r\n				msg1 = new String(document.forms[0].elements[''posting''].value);\r\n				msg2 = new String(document.forms[0].elements[''copies''].value);\r\n				msg3 = new String(document.forms[0].elements[''announcement''].value);\r\n				msg4 = new String(document.forms[0].elements[''comments''].value);\r\n				if(msg3.length <= 0){\r\n					alert("Field ''Text of Vacancy Announcement'' is required and was found to be empty. Please provide.");\r\n					return false;\r\n				}\r\n			    if(textCounter(msg2) && textCounter(msg1) && textCounter(msg3) && textCounter(msg4)){\r\n					return true;\r\n				}else{\r\n					return false;\r\n				}\r\n			  }]]></script>\r\n              <xsl:call-template name="htmlHead"/>\r\n            </head>\r\n            <body onload="onPageLoad()">\r\n              <xsl:call-template name="header"/>\r\n              <xsl:call-template name="instructions"/>\r\n              <xsl:call-template name="errors"/>\r\n              <xsl:variable name="formTarget" select="''EDocLite''"/>\r\n              <div id="mainform-div">\r\n                <form action="{$formTarget}" enctype="multipart/form-data" id="edoclite" method="post" onsubmit="return validateOnSubmit(this)">\r\n                  <xsl:call-template name="hidden-params"/>\r\n                  <xsl:call-template name="mainBody"/>\r\n                  <xsl:call-template name="annotation"/>\r\n                  <br/>\r\n                  <xsl:call-template name="notes"/>\r\n                  <br/>\r\n                  <xsl:call-template name="buttons">\r\n                    <xsl:with-param name="fname" select="''textCounterAll''"/>\r\n                  </xsl:call-template>\r\n                </form>\r\n              </div>\r\n              <div id="refresh-message" style="display:none">\r\n                <table align="center" border="1" cellpadding="0" cellspacing="0" width="40%">\r\n                  <tr>\r\n                    <td align="center" class="thnormal">\r\n                      <h2>\r\n                        <b>\r\n                          <font color="#ff0000">This form is being refreshed. Please wait.</font>\r\n                        </b>\r\n                      </h2>\r\n                    </td>\r\n                  </tr>\r\n                </table>\r\n              </div>\r\n              <xsl:call-template name="footer"/>\r\n            </body>\r\n          </html>\r\n        </xsl:template>\r\n        <xsl:template name="mainBody">\r\n			<xsl:variable name="isOaa" select="my-class:isUserInGroup(''KUALI'',''OfficeOfAffirmativeAction'')"/>\r\n			<xsl:variable name="isDfac" select="my-class:isUserInGroup(''KUALI'',''ViceProvostForAcademicAffairs'')"/>\r\n			<xsl:variable name="docHeaderId" select="/documentContent/documentState/docId"/>   \r\n			<xsl:variable name="isAtNodeAAO" select="my-class:isAtNode($docHeaderId, ''AffirmativeActionOfficer'')"/>\r\n			<xsl:variable name="isAtNodeVC" select="my-class:isAtNode($docHeaderId, ''ViceChancellorforAcademicAffairsandDeanOfFaculties'')"/>\r\n\r\n          <table align="center" border="0" cellpadding="0" cellspacing="0" class="bord-r-t" width="80%" xmlns="">\r\n            <tr>\r\n              <td class="thnormal" colspan="2" rowspan="3" valign="top">\r\n                <h2>Vacancy Notice</h2>\r\n                <br/>\r\n                Academic Positions\r\n              </td>\r\n              <td class="thnormal">\r\n                <xsl:call-template name="widget_render">\r\n                  <xsl:with-param name="fieldName" select="''oaa''"/>\r\n                  <xsl:with-param name="renderCmd" select="''title''"/>\r\n                </xsl:call-template>\r\n                :\r\n              </td>\r\n              <td class="datacell">\r\n                <xsl:call-template name="widget_render">\r\n                  <xsl:with-param name="fieldName" select="''oaa''"/>\r\n                  <xsl:with-param name="renderCmd" select="''input''"/>\r\n                </xsl:call-template>\r\n              </td>\r\n            </tr>\r\n            <tr>\r\n              <td class="thnormal">\r\n                <xsl:call-template name="widget_render">\r\n                  <xsl:with-param name="fieldName" select="''campus''"/>\r\n                  <xsl:with-param name="renderCmd" select="''title''"/>\r\n                </xsl:call-template>\r\n                <font color="#ff0000">*</font>\r\n                :\r\n              </td>\r\n              <td class="datacell">\r\n                <xsl:call-template name="widget_render">\r\n                  <xsl:with-param name="fieldName" select="''campus''"/>\r\n                  <xsl:with-param name="renderCmd" select="''input''"/>\r\n                </xsl:call-template>\r\n              </td>\r\n            </tr>\r\n            <tr>\r\n              <td class="thnormal">\r\n                <xsl:call-template name="widget_render">\r\n                  <xsl:with-param name="fieldName" select="''school''"/>\r\n                  <xsl:with-param name="renderCmd" select="''title''"/>\r\n                </xsl:call-template>\r\n                <font color="#ff0000">*</font>\r\n                :\r\n              </td>\r\n              <td class="datacell">\r\n                <xsl:call-template name="widget_render">\r\n                  <xsl:with-param name="fieldName" select="''school''"/>\r\n                  <xsl:with-param name="renderCmd" select="''input''"/>\r\n                </xsl:call-template>\r\n              </td>\r\n            </tr>\r\n            <tr>\r\n              <td class="datacell" colspan="4" height="20">\r\n                <br/>\r\n              </td>\r\n            </tr>\r\n            <tr>\r\n              <td class="thnormal" colspan="4">\r\n                Attributes marked with a\r\n                <font color="#ff0000">*</font>\r\n                are required fields.\r\n              </td>\r\n            </tr>\r\n            <tr>\r\n              <td class="datacell" colspan="4" height="20">\r\n                <br/>\r\n              </td>\r\n            </tr>\r\n            <tr>\r\n              <td class="thnormal">\r\n                <xsl:call-template name="widget_render">\r\n                  <xsl:with-param name="fieldName" select="''priorYearResearch''"/>\r\n                  <xsl:with-param name="renderCmd" select="''title''"/>\r\n                </xsl:call-template>\r\n              </td>\r\n              <td class="datacell">\r\n                <xsl:call-template name="widget_render">\r\n                  <xsl:with-param name="fieldName" select="''priorYearResearch''"/>\r\n                  <xsl:with-param name="renderCmd" select="''input''"/>\r\n                </xsl:call-template>\r\n              </td>\r\n              <td class="datacell" colspan="2">\r\n                <br/>\r\n              </td>\r\n            </tr>\r\n            <tr>\r\n              <td class="thnormal">\r\n                <xsl:call-template name="widget_render">\r\n                  <xsl:with-param name="fieldName" select="''department1''"/>\r\n                  <xsl:with-param name="renderCmd" select="''title''"/>\r\n                </xsl:call-template>\r\n                <font color="#ff0000">*</font>\r\n                :\r\n              </td>\r\n              <td class="datacell">\r\n                <xsl:call-template name="widget_render">\r\n                  <xsl:with-param name="fieldName" select="''department1''"/>\r\n                  <xsl:with-param name="renderCmd" select="''input''"/>\r\n                </xsl:call-template>\r\n              </td>\r\n              <td class="thnormal">\r\n                <xsl:call-template name="widget_render">\r\n                  <xsl:with-param name="fieldName" select="''fte1''"/>\r\n                  <xsl:with-param name="renderCmd" select="''title''"/>\r\n                </xsl:call-template>\r\n                <font color="#ff0000">*</font>\r\n                :\r\n              </td>\r\n              <td class="datacell">\r\n                <xsl:call-template name="widget_render">\r\n                  <xsl:with-param name="fieldName" select="''fte1''"/>\r\n                  <xsl:with-param name="renderCmd" select="''input''"/>\r\n                </xsl:call-template>\r\n              </td>\r\n            </tr>\r\n            <tr>\r\n              <td class="thnormal">\r\n                <xsl:call-template name="widget_render">\r\n                  <xsl:with-param name="fieldName" select="''appointmentStatus''"/>\r\n                  <xsl:with-param name="renderCmd" select="''title''"/>\r\n                </xsl:call-template>\r\n                <font color="#ff0000">*</font>\r\n                :\r\n              </td>\r\n              <td class="datacell">\r\n                <xsl:call-template name="widget_render">\r\n                  <xsl:with-param name="fieldName" select="''appointmentStatus''"/>\r\n                  <xsl:with-param name="renderCmd" select="''input''"/>\r\n                </xsl:call-template>\r\n              </td>\r\n              <td class="thnormal">\r\n                <xsl:call-template name="widget_render">\r\n                  <xsl:with-param name="fieldName" select="''titles''"/>\r\n                  <xsl:with-param name="renderCmd" select="''title''"/>\r\n                </xsl:call-template>\r\n                <font color="#ff0000">*</font>\r\n                :\r\n              </td>\r\n              <td class="datacell">\r\n                <xsl:call-template name="widget_render">\r\n                  <xsl:with-param name="fieldName" select="''titles''"/>\r\n                  <xsl:with-param name="renderCmd" select="''input''"/>\r\n                </xsl:call-template>\r\n              </td>\r\n            </tr>\r\n            <tr>\r\n              <td class="thnormal">\r\n                <xsl:call-template name="widget_render">\r\n                  <xsl:with-param name="fieldName" select="''positionStatus''"/>\r\n                  <xsl:with-param name="renderCmd" select="''title''"/>\r\n                </xsl:call-template>\r\n                <font color="#ff0000">*</font>\r\n                :\r\n              </td>\r\n              <td class="datacell">\r\n                <xsl:call-template name="widget_render">\r\n                  <xsl:with-param name="fieldName" select="''positionStatus''"/>\r\n                  <xsl:with-param name="renderCmd" select="''input''"/>\r\n                </xsl:call-template>\r\n              </td>\r\n              <td class="thnormal">\r\n                <xsl:call-template name="widget_render">\r\n                  <xsl:with-param name="fieldName" select="''replacementFor''"/>\r\n                  <xsl:with-param name="renderCmd" select="''title''"/>\r\n                </xsl:call-template>\r\n                <font color="#ff0000">*</font>\r\n                :\r\n              </td>\r\n              <td class="datacell">\r\n                <xsl:call-template name="widget_render">\r\n                  <xsl:with-param name="fieldName" select="''replacementFor''"/>\r\n                  <xsl:with-param name="renderCmd" select="''input''"/>\r\n                </xsl:call-template>\r\n              </td>\r\n            </tr>\r\n            <tr>\r\n              <td class="thnormal">\r\n                <xsl:call-template name="widget_render">\r\n                  <xsl:with-param name="fieldName" select="''rank''"/>\r\n                  <xsl:with-param name="renderCmd" select="''title''"/>\r\n                </xsl:call-template>\r\n                <font color="#ff0000">*</font>\r\n                :\r\n              </td>\r\n              <td class="datacell">\r\n                <xsl:call-template name="widget_render">\r\n                  <xsl:with-param name="fieldName" select="''rank''"/>\r\n                  <xsl:with-param name="renderCmd" select="''input''"/>\r\n                </xsl:call-template>\r\n              </td>\r\n              <td class="thnormal">\r\n                <xsl:call-template name="widget_render">\r\n                  <xsl:with-param name="fieldName" select="''salaryRange''"/>\r\n                  <xsl:with-param name="renderCmd" select="''title''"/>\r\n                </xsl:call-template>\r\n                <font color="#ff0000">*</font>\r\n                :\r\n              </td>\r\n              <td class="datacell">\r\n                <xsl:call-template name="widget_render">\r\n                  <xsl:with-param name="fieldName" select="''salaryRange''"/>\r\n                  <xsl:with-param name="renderCmd" select="''input''"/>\r\n                </xsl:call-template>\r\n              </td>\r\n            </tr>\r\n            <tr>\r\n              <td class="thnormal">\r\n                <xsl:call-template name="widget_render">\r\n                  <xsl:with-param name="fieldName" select="''partTimePosition''"/>\r\n                  <xsl:with-param name="renderCmd" select="''title''"/>\r\n                </xsl:call-template>\r\n                :\r\n              </td>\r\n              <td class="datacell">\r\n                <xsl:call-template name="widget_render">\r\n                  <xsl:with-param name="fieldName" select="''partTimePosition''"/>\r\n                  <xsl:with-param name="renderCmd" select="''input''"/>\r\n                </xsl:call-template>\r\n              </td>\r\n              <td class="thnormal">\r\n                <xsl:call-template name="widget_render">\r\n                  <xsl:with-param name="fieldName" select="''visitingPosition''"/>\r\n                  <xsl:with-param name="renderCmd" select="''title''"/>\r\n                </xsl:call-template>\r\n                :\r\n                <br/>\r\n                (temporary = 2 years or less)\r\n              </td>\r\n              <td class="datacell">\r\n                <xsl:call-template name="widget_render">\r\n                  <xsl:with-param name="fieldName" select="''visitingPosition''"/>\r\n                  <xsl:with-param name="renderCmd" select="''input''"/>\r\n                </xsl:call-template>\r\n              </td>\r\n            </tr>\r\n            <tr>\r\n              <td class="thnormal">\r\n                <xsl:call-template name="widget_render">\r\n                  <xsl:with-param name="fieldName" select="''expectedStartDate''"/>\r\n                  <xsl:with-param name="renderCmd" select="''title''"/>\r\n                </xsl:call-template>\r\n                <font color="#ff0000">*</font>\r\n                :\r\n              </td>\r\n              <td class="datacell">\r\n                <xsl:call-template name="widget_render">\r\n                  <xsl:with-param name="fieldName" select="''expectedStartDate''"/>\r\n                  <xsl:with-param name="renderCmd" select="''input''"/>\r\n                </xsl:call-template>\r\n              </td>\r\n              <td class="thnormal">\r\n                <xsl:call-template name="widget_render">\r\n                  <xsl:with-param name="fieldName" select="''expectedEndDate''"/>\r\n                  <xsl:with-param name="renderCmd" select="''title''"/>\r\n                </xsl:call-template>\r\n                :\r\n              </td>\r\n              <td class="datacell">\r\n                <xsl:call-template name="widget_render">\r\n                  <xsl:with-param name="fieldName" select="''expectedEndDate''"/>\r\n                  <xsl:with-param name="renderCmd" select="''input''"/>\r\n                </xsl:call-template>\r\n              </td>\r\n            </tr>\r\n            <tr>\r\n              <td class="thnormal">\r\n                <xsl:call-template name="widget_render">\r\n                  <xsl:with-param name="fieldName" select="''searchScope''"/>\r\n                  <xsl:with-param name="renderCmd" select="''title''"/>\r\n                </xsl:call-template>\r\n                <font color="#ff0000">*</font>\r\n                :\r\n              </td>\r\n              <td class="datacell">\r\n                <xsl:call-template name="widget_render">\r\n                  <xsl:with-param name="fieldName" select="''searchScope''"/>\r\n                  <xsl:with-param name="renderCmd" select="''input''"/>\r\n                </xsl:call-template>\r\n              </td>\r\n              <td class="thnormal">\r\n                <xsl:call-template name="widget_render">\r\n                  <xsl:with-param name="fieldName" select="''nationalPublications''"/>\r\n                  <xsl:with-param name="renderCmd" select="''title''"/>\r\n                </xsl:call-template>\r\n                :\r\n              </td>\r\n              <td class="datacell">\r\n                <xsl:call-template name="widget_render">\r\n                  <xsl:with-param name="fieldName" select="''nationalPublications''"/>\r\n                  <xsl:with-param name="renderCmd" select="''input''"/>\r\n                </xsl:call-template>\r\n              </td>\r\n            </tr>\r\n            <tr>\r\n			\r\n			  <!-- -->\r\n			  <!--\n              <td class="thnormal">\n                <xsl:call-template name="widget_render">\n                  <xsl:with-param name="fieldName" select="''hardCopy''" />\n                  <xsl:with-param name="renderCmd" select="''title''" />\n                </xsl:call-template>\n                <font color="#ff0000">*</font>\n                :\n              </td>\n              <td class="datacell">\n                <xsl:call-template name="widget_render">\n                  <xsl:with-param name="fieldName" select="''hardCopy''" />\n                  <xsl:with-param name="renderCmd" select="''input''" />\n                </xsl:call-template>\n              </td>\n			  -->\r\n			  <!-- -->\r\n              <td class="thnormal">\r\n                <xsl:call-template name="widget_render">\r\n                  <xsl:with-param name="fieldName" select="''nationalDirectMail''"/>\r\n                  <xsl:with-param name="renderCmd" select="''title''"/>\r\n                </xsl:call-template>\r\n                :\r\n              </td>\r\n              <td class="datacell">\r\n                <xsl:call-template name="widget_render">\r\n                  <xsl:with-param name="fieldName" select="''nationalDirectMail''"/>\r\n                  <xsl:with-param name="renderCmd" select="''input''"/>\r\n                </xsl:call-template>\r\n              </td>\r\n              <td class="thnormal">\r\n                <xsl:call-template name="widget_render">\r\n                  <xsl:with-param name="fieldName" select="''targetedPublications''"/>\r\n                  <xsl:with-param name="renderCmd" select="''title''"/>\r\n                </xsl:call-template>\r\n                :\r\n              </td>\r\n              <td class="datacell">\r\n                <xsl:call-template name="widget_render">\r\n                  <xsl:with-param name="fieldName" select="''targetedPublications''"/>\r\n                  <xsl:with-param name="renderCmd" select="''input''"/>\r\n                </xsl:call-template>\r\n              </td>\r\n            </tr>\r\n            <tr>\r\n			\r\n              <td class="thnormal">\r\n                <xsl:call-template name="widget_render">\r\n                  <xsl:with-param name="fieldName" select="''personalContacts''"/>\r\n                  <xsl:with-param name="renderCmd" select="''title''"/>\r\n                </xsl:call-template>\r\n                :\r\n              </td>\r\n              <td class="datacell">\r\n                <xsl:call-template name="widget_render">\r\n';
   bigtext2 := '                  <xsl:with-param name="fieldName" select="''personalContacts''"/>\r\n                  <xsl:with-param name="renderCmd" select="''input''"/>\r\n                </xsl:call-template>\r\n              </td>\r\n              <td class="thnormal">\r\n                <xsl:call-template name="widget_render">\r\n                  <xsl:with-param name="fieldName" select="''electronic''"/>\r\n                  <xsl:with-param name="renderCmd" select="''title''"/>\r\n                </xsl:call-template>\r\n                :\r\n              </td>\r\n              <td class="datacell">\r\n                <xsl:call-template name="widget_render">\r\n                  <xsl:with-param name="fieldName" select="''electronic''"/>\r\n                  <xsl:with-param name="renderCmd" select="''input''"/>\r\n                </xsl:call-template>\r\n              </td>\r\n            </tr>\r\n            <tr>\r\n              <td class="thnormal">\r\n                <xsl:call-template name="widget_render">\r\n                  <xsl:with-param name="fieldName" select="''other''"/>\r\n                  <xsl:with-param name="renderCmd" select="''title''"/>\r\n                </xsl:call-template>\r\n                :\r\n              </td>\r\n              <td class="datacell" colspan="3">\r\n                <xsl:call-template name="widget_render">\r\n                  <xsl:with-param name="fieldName" select="''other''"/>\r\n                  <xsl:with-param name="renderCmd" select="''input''"/>\r\n                </xsl:call-template>\r\n              </td>\r\n            </tr>\r\n            <tr>\r\n              <td class="thnormal">\r\n                <xsl:call-template name="widget_render">\r\n                  <xsl:with-param name="fieldName" select="''comments''"/>\r\n                  <xsl:with-param name="renderCmd" select="''title''"/>\r\n                </xsl:call-template>\r\n                :\r\n              </td>\r\n              <td class="datacell" colspan="3">\r\n                <xsl:call-template name="widget_render">\r\n                  <xsl:with-param name="fieldName" select="''comments''"/>\r\n                  <xsl:with-param name="renderCmd" select="''input''"/>\r\n                </xsl:call-template>\r\n              </td>\r\n            </tr>\r\n            <tr>\r\n              <td class="datacell" colspan="4" height="20">\r\n                <br/>\r\n              </td>\r\n            </tr>\r\n            <tr>\r\n              <td class="thnormal">\r\n                <xsl:call-template name="widget_render">\r\n                  <xsl:with-param name="fieldName" select="''searchCommitteeChair''"/>\r\n                  <xsl:with-param name="renderCmd" select="''title''"/>\r\n                </xsl:call-template>\r\n                :\r\n              </td>\r\n              <td class="datacell" colspan="3">\r\n                <xsl:call-template name="widget_render">\r\n                  <xsl:with-param name="fieldName" select="''searchCommitteeChair''"/>\r\n                  <xsl:with-param name="renderCmd" select="''input''"/>\r\n                </xsl:call-template>\r\n              </td>\r\n            </tr>\r\n            <tr>\r\n              <td class="thnormal">\r\n                <xsl:call-template name="widget_render">\r\n                  <xsl:with-param name="fieldName" select="''searchCommitteeMember1''"/>\r\n                  <xsl:with-param name="renderCmd" select="''title''"/>\r\n                </xsl:call-template>\r\n                :\r\n              </td>\r\n              <td class="datacell">\r\n                <xsl:call-template name="widget_render">\r\n                  <xsl:with-param name="fieldName" select="''searchCommitteeMember1''"/>\r\n                  <xsl:with-param name="renderCmd" select="''input''"/>\r\n                </xsl:call-template>\r\n              </td>\r\n              <td class="thnormal">\r\n                <xsl:call-template name="widget_render">\r\n                  <xsl:with-param name="fieldName" select="''searchCommitteeMember2''"/>\r\n                  <xsl:with-param name="renderCmd" select="''title''"/>\r\n                </xsl:call-template>\r\n                :\r\n              </td>\r\n              <td class="datacell">\r\n                <xsl:call-template name="widget_render">\r\n                  <xsl:with-param name="fieldName" select="''searchCommitteeMember2''"/>\r\n                  <xsl:with-param name="renderCmd" select="''input''"/>\r\n                </xsl:call-template>\r\n              </td>\r\n            </tr>\r\n            <tr>\r\n              <td class="thnormal">\r\n                <xsl:call-template name="widget_render">\r\n                  <xsl:with-param name="fieldName" select="''searchCommitteeMember3''"/>\r\n                  <xsl:with-param name="renderCmd" select="''title''"/>\r\n                </xsl:call-template>\r\n                :\r\n              </td>\r\n              <td class="datacell">\r\n                <xsl:call-template name="widget_render">\r\n                  <xsl:with-param name="fieldName" select="''searchCommitteeMember3''"/>\r\n                  <xsl:with-param name="renderCmd" select="''input''"/>\r\n                </xsl:call-template>\r\n              </td>\r\n              <td class="thnormal">\r\n                <xsl:call-template name="widget_render">\r\n                  <xsl:with-param name="fieldName" select="''searchCommitteeMember4''"/>\r\n                  <xsl:with-param name="renderCmd" select="''title''"/>\r\n                </xsl:call-template>\r\n                :\r\n              </td>\r\n              <td class="datacell">\r\n                <xsl:call-template name="widget_render">\r\n                  <xsl:with-param name="fieldName" select="''searchCommitteeMember4''"/>\r\n                  <xsl:with-param name="renderCmd" select="''input''"/>\r\n                </xsl:call-template>\r\n              </td>\r\n            </tr>\r\n            <tr>\r\n              <td class="thnormal">\r\n                <xsl:call-template name="widget_render">\r\n                  <xsl:with-param name="fieldName" select="''announcement''"/>\r\n                  <xsl:with-param name="renderCmd" select="''title''"/>\r\n                </xsl:call-template>\r\n                <font color="#ff0000">*</font>\r\n                :\r\n              </td>\r\n              <td class="datacell" colspan="3">\r\n                <xsl:call-template name="widget_render">\r\n                  <xsl:with-param name="fieldName" select="''announcement''"/>\r\n                  <xsl:with-param name="renderCmd" select="''input''"/>\r\n                  <!--\n				  <xsl:with-param name="customFunction" select="''textCounterAnnouncement()''" />\n				  <xsl:with-param name="overrideKeyEvent" select="''true''" />\n				  -->\r\n                </xsl:call-template>\r\n              </td>\r\n            </tr>\r\n            <tr>\r\n              <td class="thnormal">\r\n                <xsl:call-template name="widget_render">\r\n                  <xsl:with-param name="fieldName" select="''posting''"/>\r\n                  <xsl:with-param name="renderCmd" select="''title''"/>\r\n                </xsl:call-template>\r\n                :\r\n              </td>\r\n              <td class="datacell" colspan="3">\r\n                <xsl:call-template name="widget_render">\r\n                  <xsl:with-param name="fieldName" select="''posting''"/>\r\n                  <xsl:with-param name="renderCmd" select="''input''"/>\r\n                  <!--\n				  <xsl:with-param name="customFunction" select="''textCounterPosting()''" />\n				  <xsl:with-param name="overrideKeyEvent" select="''false''" />\n				  -->\r\n                </xsl:call-template>\r\n              </td>\r\n            </tr>\r\n            <tr>\r\n              <td class="thnormal">\r\n                <xsl:call-template name="widget_render">\r\n                  <xsl:with-param name="fieldName" select="''copies''"/>\r\n                  <xsl:with-param name="renderCmd" select="''title''"/>\r\n                </xsl:call-template>\r\n                :\r\n              </td>\r\n              <td class="datacell" colspan="3">\r\n                <xsl:call-template name="widget_render">\r\n                  <xsl:with-param name="fieldName" select="''copies''"/>\r\n                  <xsl:with-param name="renderCmd" select="''input''"/>\r\n                  <!--\n				  <xsl:with-param name="customFunction" select="''textCounterCopies()''" />\n				  <xsl:with-param name="overrideKeyEvent" select="''false''" />\n				  -->\r\n                </xsl:call-template>\r\n              </td>\r\n            </tr>\r\n          </table>\r\n          <br xmlns=""/>\r\n          <table align="center" border="0" cellpadding="0" cellspacing="0" width="80%" xmlns="">\r\n            <tr>\r\n              <td colspan="5">The following section to be filled in by the Office of Affirmative Action.</td>\r\n            </tr>\r\n          </table>\r\n          <table align="center" border="1" cellpadding="2" cellspacing="2" width="80%" xmlns="">\r\n            <tr>\r\n              <td/>\r\n              <th>Black</th>\r\n              <th>Hispanic</th>\r\n              <th>Asian</th>\r\n              <th>Native American</th>\r\n              <th>Native Hawaiian</th>\r\n              <th>Female</th>\r\n            </tr>\r\n            <tr>\r\n              <th>% Availability</th>\r\n              <td>\r\n                <xsl:call-template name="widget_render">\r\n                  <xsl:with-param name="fieldName" select="''blackAvailability''"/>\r\n                  <xsl:with-param name="renderCmd" select="''input''"/>\r\n                </xsl:call-template>\r\n              </td>\r\n              <td>\r\n                <xsl:call-template name="widget_render">\r\n                  <xsl:with-param name="fieldName" select="''hispanicAvailability''"/>\r\n                  <xsl:with-param name="renderCmd" select="''input''"/>\r\n                </xsl:call-template>\r\n              </td>\r\n              <td>\r\n                <xsl:call-template name="widget_render">\r\n                  <xsl:with-param name="fieldName" select="''asianAvailability''"/>\r\n                  <xsl:with-param name="renderCmd" select="''input''"/>\r\n                </xsl:call-template>\r\n              </td>\r\n              <td>\r\n                <xsl:call-template name="widget_render">\r\n                  <xsl:with-param name="fieldName" select="''nativeAmericanAvailability''"/>\r\n                  <xsl:with-param name="renderCmd" select="''input''"/>\r\n                </xsl:call-template>\r\n              </td>\r\n              <td>\r\n                <xsl:call-template name="widget_render">\r\n                  <xsl:with-param name="fieldName" select="''nativeHawaiianAvailability''"/>\r\n                  <xsl:with-param name="renderCmd" select="''input''"/>\r\n                </xsl:call-template>\r\n              </td>\r\n              <td>\r\n                <xsl:call-template name="widget_render">\r\n                  <xsl:with-param name="fieldName" select="''femaleAvailability''"/>\r\n                  <xsl:with-param name="renderCmd" select="''input''"/>\r\n                </xsl:call-template>\r\n              </td>\r\n            </tr>\r\n            <tr>\r\n              <th>% IU Utilization</th>\r\n              <td>\r\n               <xsl:call-template name=""widget_render"">\r\n                  <xsl:with-param name=""fieldName"" select=""''blackUtilization''""/>\r\n                  <xsl:with-param name=""renderCmd"" select=""''input''""/>\r\n                </xsl:call-template>\r\n              </td>\r\n              <td>\r\n                <xsl:call-template name=""widget_render"">\r\n                  <xsl:with-param name=""fieldName"" select=""''hispanicUtilization''""/>\r\n                  <xsl:with-param name=""renderCmd"" select=""''input''""/>\r\n                </xsl:call-template>\r\n              </td>\r\n              <td>\r\n                <xsl:call-template name=""widget_render"">\r\n                  <xsl:with-param name=""fieldName"" select=""''asianUtilization''""/>\r\n                  <xsl:with-param name=""renderCmd"" select=""''input''""/>\r\n                </xsl:call-template>\r\n              </td>\r\n              <td>\r\n                <xsl:call-template name=""widget_render"">\r\n                  <xsl:with-param name=""fieldName"" select=""''nativeAmericanUtilization''""/>\r\n                  <xsl:with-param name=""renderCmd"" select=""''input''""/>\r\n                </xsl:call-template>\r\n              </td>\r\n              <td>\r\n                <xsl:call-template name=""widget_render"">\r\n                  <xsl:with-param name=""fieldName"" select=""''nativeHawaiianUtilization''""/>\r\n                  <xsl:with-param name=""renderCmd"" select=""''input''""/>\r\n                </xsl:call-template>\r\n              </td>\r\n              <td>\r\n                <xsl:call-template name=""widget_render"">\r\n                  <xsl:with-param name=""fieldName"" select=""''femaleUtilization''""/>\r\n                  <xsl:with-param name=""renderCmd"" select=""''input''""/>\r\n                </xsl:call-template>\r\n              </td>\r\n            </tr>\r\n            <tr>\r\n              <th># Underutilized</th>\r\n              <td>\r\n                <xsl:call-template name=""widget_render"">\r\n                  <xsl:with-param name=""fieldName"" select=""''blackUnderUtilization''""/>\r\n                  <xsl:with-param name=""renderCmd"" select=""''input''""/>\r\n                </xsl:call-template>\r\n              </td>\r\n              <td>\r\n                <xsl:call-template name=""widget_render"">\r\n                  <xsl:with-param name=""fieldName"" select=""''hispanicUnderUtilization''""/>\r\n                  <xsl:with-param name=""renderCmd"" select=""''input''""/>\r\n                </xsl:call-template>\r\n              </td>\r\n              <td>\r\n                <xsl:call-template name=""widget_render"">\r\n                  <xsl:with-param name=""fieldName"" select=""''asianUnderUtilization''""/>\r\n                  <xsl:with-param name=""renderCmd"" select=""''input''""/>\r\n                </xsl:call-template>\r\n              </td>\r\n              <td>\r\n                <xsl:call-template name=""widget_render"">\r\n                  <xsl:with-param name=""fieldName"" select=""''nativeAmericanUnderUtilization''""/>\r\n                  <xsl:with-param name=""renderCmd"" select=""''input''""/>\r\n                </xsl:call-template>\r\n              </td>\r\n              <td>\r\n                <xsl:call-template name=""widget_render"">\r\n                  <xsl:with-param name=""fieldName"" select=""''nativeHawaiianUnderUtilization''""/>\r\n                  <xsl:with-param name=""renderCmd"" select=""''input''""/>\r\n                </xsl:call-template>\r\n              </td>\r\n              <td>\r\n                <xsl:call-template name=""widget_render"">\r\n                  <xsl:with-param name=""fieldName"" select=""''femaleUnderUtilization''""/>\r\n                  <xsl:with-param name=""renderCmd"" select=""''input''""/>\r\n                </xsl:call-template>\r\n              </td>\r\n            </tr>\r\n          </table>\r\n                <br xmlns=""""/>\r\n          <table align=""center"" border=""1"" cellpadding=""2"" cellspacing=""2"" width=""80%"" xmlns="""">\r\n			<xsl:if test=""$isAtNodeAAO"">\r\n				<tr>\r\n				  <td class=""thnormal"" colspan=""4"">\r\n					<h4>Ad Hoc Section</h4>\r\n				  </td>\r\n				</tr>\r\n				<tr>\r\n				  <td class=""thnormal"">\r\n					<xsl:call-template name=""widget_render"">\r\n					  <xsl:with-param name=""fieldName"" select=""''AffirmativeActionOfficerAdHoc''""/>\r\n					  <xsl:with-param name=""renderCmd"" select=""''title''""/>\r\n					</xsl:call-template>\r\n					:\r\n				  </td>\r\n				  <td class=""datacell"">\r\n					<xsl:call-template name=""widget_render"">\r\n					  <xsl:with-param name=""fieldName"" select=""''AffirmativeActionOfficerAdHoc''""/>\r\n					  <xsl:with-param name=""renderCmd"" select=""''input''""/>\r\n					</xsl:call-template>\r\n				  </td>\r\n				</tr>\r\n			</xsl:if>\r\n			<xsl:if test=""$isAtNodeVC"">\r\n				<tr>\r\n				  <td class=""thnormal"">\r\n					<xsl:call-template name=""widget_render"">\r\n					  <xsl:with-param name=""fieldName"" select=""''ViceChancellorAdHoc''""/>\r\n					  <xsl:with-param name=""renderCmd"" select=""''title''""/>\r\n					</xsl:call-template>\r\n					:\r\n				  </td>\r\n				  <td class=""datacell"">\r\n					<xsl:call-template name=""widget_render"">\r\n					  <xsl:with-param name=""fieldName"" select=""''ViceChancellorAdHoc''""/>\r\n					  <xsl:with-param name=""renderCmd"" select=""''input''""/>\r\n					</xsl:call-template>\r\n				  </td>\r\n				</tr>\r\n			</xsl:if>\r\n          </table>\r\n          <br xmlns=""""/>\r\n        </xsl:template>\r\n      </xsl:stylesheet>\r\n';

    INSERT INTO tt_xml_import
        VALUES (1, bigtext1);

   INSERT INTO tt_xml_import
        VALUES (2, bigtext2);

   INSERT INTO KRCR_STYLE_T (STYLE_ID,NM,XML,ACTV_IND,OBJ_ID,VER_NBR) VALUES ('2032','VacancyNoticeStyle',bigtext1,1,'a4d02543-e987-4633-bfc2-4e2fd186f2c7',1);

   UPDATE KRCR_STYLE_T
      SET XML = (SELECT CONCAT (rls1.xmlClob, rls2.xmlClob)
                         FROM tt_xml_import rls1, tt_xml_import rls2
                        WHERE rls1.ID = 1 AND rls2.ID = 2)
    WHERE OBJ_ID = 'a4d02543-e987-4633-bfc2-4e2fd186f2c7';
END;
/
DROP TABLE tt_xml_import;
/
INSERT INTO KREW_EDL_ASSCTN_T (EDOCLT_ASSOC_ID,DOC_TYP_NM,EDL_DEF_NM,STYLE_NM,ACTV_IND,OBJ_ID,VER_NBR) VALUES (2033,'VacancyNotice','VacancyNoticeForm','VacancyNoticeStyle',1,'faa7c478-7f1f-4230-97f1-faed16dea601',1)
/
declare
vClobVal varchar2(32767) := '<edl name="WaiverRequestForm" title="Waiver Request">\r\n      <security/>\r\n      <createInstructions/>\r\n      <instructions/>\r\n	  \r\n      <attributes>\r\n        <attribute name="DFAC.ViceChancellorforAcademicAffairsandDeanOfFacultiesAdHocNetworkIdRoleAttribute">\r\n          <field attributeField="networkId" edlField="ViceChancellorAdHoc"/>\r\n        </attribute>\r\n        <attribute name="DFAC.AffirmativeActionOfficerAdHocNetworkIdRoleAttribute">\r\n          <field attributeField="networkId" edlField="AffirmativeActionOfficerAdHoc"/>\r\n        </attribute>\r\n      </attributes>\r\n      <javascript><![CDATA[function textCounterEval(maxlimit, fieldvalue) {\r\n	var msg = fieldvalue;\r\n	var charnum = msg.length;\r\n	if(charnum >= maxlimit){\r\n		return true;\r\n	} else{\r\n		return false\r\n	}\r\n	}]]></javascript>\r\n      <fieldDef name="ViceChancellorAdHoc" title="AdHoc Responsibility 2(username):">\r\n        <display>\r\n          <type>networkId</type>\r\n          <meta>\r\n            <name>size</name>\r\n            <value>10</value>\r\n          </meta>\r\n        </display>\r\n        <validation required="false"/>\r\n      </fieldDef>\r\n      <fieldDef name="AffirmativeActionOfficerAdHoc" title="AdHoc Responsibility 1(username):">\r\n        <display>\r\n          <type>networkId</type>\r\n          <meta>\r\n            <name>size</name>\r\n            <value>10</value>\r\n          </meta>\r\n        </display>\r\n        <validation required="false"/>\r\n      </fieldDef>\r\n      <fieldDef name="oaa" title="OAA">\r\n        <display>\r\n          <type>text</type>\r\n        </display>\r\n        <validation required="false"/>\r\n      </fieldDef>\r\n      <fieldDef attributeName="DFAC.CampusAttribute" name="campus" title="Campus">\r\n        <value>Select</value>\r\n        <display>\r\n          <type>select</type>\r\n          <values title="Select">Select</values>\r\n          <values title="(BL) Bloomington">BL</values>\r\n          <values title="(NW) Northwest-Gary">NW</values>\r\n        </display>\r\n        <validation required="true">\r\n          <regex>[^Select]</regex>\r\n          <message>Please Select a Campus.</message>\r\n        </validation>\r\n      </fieldDef>\r\n      <fieldDef attributeName="DFAC.SchoolAttribute" name="school" title="School / RC">\r\n        <value>Select</value>\r\n        <display>\r\n          <type>select</type>\r\n          <!-- Bloomington School Section Starts Here -->\r\n            <values title="ADM-BL">ADM-BL</values>\r\n            <values title="ARSC-BL">ARSC-BL</values>\r\n            <values title="ASDV-BL">ASDV-BL</values>\r\n            <values title="BUS-BL">BUS-BL</values>\r\n            <values title="CCCS-BL">CCCS-BL</values>\r\n            <values title="CYOP-UA">CYOP-UA</values>\r\n            <values title="EDUC-BL">EDUC-BL</values>\r\n            <values title="EXEC-BL">EXEC-BL</values>\r\n            <values title="HPER-BL">HPER-BL</values>\r\n            <values title="INFO-BL">INFO-BL</values>\r\n            <values title="JOUR-BL">JOUR-BL</values>\r\n            <values title="LAWS-BL">LAWS-BL</values>\r\n            <values title="LIBR-BL">LIBR-BL</values>\r\n            <values title="MUS-BL">MUS-BL</values>\r\n            <values title="OPT-BL">OPT-BL</values>\r\n            <values title="RCEN-BL">RCEN-BL</values>\r\n            <values title="RUAD-BL">RUAD-BL</values>\r\n            <values title="SCS-BL">SCS-BL</values>\r\n            <values title="SLIS-BL">SLIS-BL</values>\r\n            <values title="SPEA-BL">SPEA-BL</values>\r\n            <values title="SSER-BL">SSER-BL</values>\r\n            <values title="UITS-BL">UITS-BL</values>\r\n            <values title="VPFA-BL">VPFA-BL</values>\r\n            <values title="VPUE-BL">VPUE-BL</values>\r\n          <!-- NW School Section Starts Here -->\r\n            <values title="AA-NW">AA-NW</values>\r\n            <values title="CHHS-NW">CHHS-NW</values>\r\n            <values title="COAS-NW">COAS-NW</values>\r\n            <values title="LIBR-NW">LIBR-NW</values>\r\n            <values title="SOBE-NW">SOBE-NW</values>\r\n            <values title="SOE-NW">SOE-NW</values>\r\n            <values title="ACAD-KO">ACAD-KO</values>\r\n            <values title="AHLT-KO">AHLT-KO</values>\r\n            <values title="ARSC-KO">ARSC-KO</values>\r\n            <values title="BUS-KO">BUS-KO</values>\r\n            <values title="CHOF-KO">CHOF-KO</values>\r\n            <values title="CTSD-KO">CTSD-KO</values>\r\n            <values title="EDUC-KO">EDUC-KO</values>\r\n            <values title="NURS-KO">NURS-KO</values>\r\n            <values title="SPEA-KO">SPEA-KO</values>\r\n        </display>\r\n        <validation required="true">\r\n          <regex>[^Select]</regex>\r\n          <message>Please Select a School.</message>\r\n        </validation>\r\n      </fieldDef>\r\n      <fieldDef name="department1" title="Department">\r\n        <display>\r\n          <type>text</type>\r\n        </display>\r\n        <validation required="true"/>\r\n      </fieldDef>\r\n      <fieldDef name="fte1" title="FTE">\r\n        <display>\r\n          <type>text</type>\r\n        </display>\r\n        <validation required="true"/>\r\n      </fieldDef>\r\n      <fieldDef name="title" title="Title(s)">\r\n        <display>\r\n          <type>text</type>\r\n        </display>\r\n        <validation required="true"/>\r\n      </fieldDef>\r\n      <fieldDef name="rank" title="Salary Grade">\r\n        <display>\r\n          <type>text</type>\r\n        </display>\r\n        <validation required="true"/>\r\n      </fieldDef>\r\n      <fieldDef name="newPosition" title="Position">\r\n        <value>New</value>\r\n        <display>\r\n          <type>radio</type>\r\n          <values title="New Position">New</values>\r\n          <values title="Replacement For">Replacement</values>\r\n        </display>\r\n        <validation required="true"/>\r\n      </fieldDef>\r\n      <fieldDef name="replacementFor" title="Account/Position #, Individual, or Specialized Area">\r\n        <display>\r\n          <type>text</type>\r\n        </display>\r\n      </fieldDef>\r\n      <fieldDef name="recommendingOfferTo" title="Recommending Offer To:">\r\n        <display>\r\n          <type>text</type>\r\n        </display>\r\n        <validation required="true"/>\r\n      </fieldDef>\r\n      <fieldDef name="salary" title="Salary:">\r\n        <display>\r\n          <type>text</type>\r\n        </display>\r\n        <validation required="true"/>\r\n      </fieldDef>\r\n      <fieldDef name="expectedStartDate" title="Expected Start Date">\r\n        <display>\r\n          <type>text</type>\r\n        </display>\r\n        <validation required="true">\r\n          <regex>^[0-1]?[0-9](/|-)[0-3]?[0-9](/|-)[1-2][0-9][0-9][0-9]$</regex>\r\n          <message>Enter a valid date in the format mm/dd/yyyy</message>\r\n        </validation>\r\n      </fieldDef>\r\n      <fieldDef name="expectedEndDate" title="Expected End Date">\r\n        <display>\r\n          <type>text</type>\r\n        </display>\r\n        <validation required="false">\r\n          <regex>^[0-1]?[0-9](/|-)[0-3]?[0-9](/|-)[1-2][0-9][0-9][0-9]$</regex>\r\n          <message>Enter a valid date in the format mm/dd/yyyy</message>\r\n        </validation>\r\n      </fieldDef>\r\n      <fieldDef name="sex" title="Sex">\r\n        <display>\r\n          <type>text</type>\r\n        </display>\r\n      </fieldDef>\r\n      <fieldDef name="ethnicity" title="Ethnicity">\r\n        <display>\r\n          <type>text</type>\r\n        </display>\r\n      </fieldDef>\r\n      <fieldDef name="citizenship" title="Citizenship">\r\n        <display>\r\n          <type>text</type>\r\n        </display>\r\n      </fieldDef>\r\n      <fieldDef name="appointmentStatus" title="Appointment Status">\r\n        <display>\r\n          <type>select</type>\r\n          <values title="">null</values>\r\n          <values title="Non-Tenure Track">NON</values>\r\n          <values title="Tenure Track">TRACK</values>\r\n          <values title="Tenure">TENURE</values>\r\n        </display>\r\n        <validation required="true">\r\n          <regex>[^null]</regex>\r\n          <message>Please Select a Status.</message>\r\n        </validation>\r\n      </fieldDef>\r\n      <fieldDef name="waiverCircumstances" title="Waiver Circumstances">\r\n        <display>\r\n          <type>select</type>\r\n          <values title="Select">Select</values>\r\n          <values title="Endowed Chair">Endowed</values>\r\n          <values title="Unique Individuals">Unique</values>\r\n          <values title="Individuals who have held the position in a visiting or interim capacity">Interim</values>\r\n          <values title="Change in appointment type">Change</values>\r\n          <values title="Expansion of part-time appointment">Expansion</values>\r\n          <values title="Promotion or Title change">Promotion</values>\r\n          <values title="Urgent Department Needs">Urgent</values>\r\n          <values title="Dual career situation">Dual</values>\r\n          <values title="Return from disability">Disability</values>\r\n          <values title="Research associates written into a grant application">Grant</values>\r\n          <values title="Other">Other</values>\r\n        </display>\r\n        <validation required="true">\r\n          <regex>[^Select]</regex>\r\n          <message>Please Select a waiver circumstance.</message>\r\n        </validation>\r\n      </fieldDef>\r\n      <fieldDef name="detailedExplanation" title="Detailed Explanation">\r\n        <display>\r\n          <type>textarea</type>\r\n          <meta>\r\n            <name>cols</name>\r\n            <value>50</value>\r\n          </meta>\r\n          <meta>\r\n            <name>rows</name>\r\n            <value>5</value>\r\n          </meta>\r\n        </display>\r\n        <validation required="true">\r\n          <customValidator>textCounter</customValidator>\r\n          <message>Too many characters, please shorten or use the notes attachment feature.</message>\r\n        </validation>\r\n      </fieldDef>\r\n      <fieldDef name="comments" title="Comments">\r\n        <display>\r\n          <type>textarea</type>\r\n          <meta>\r\n            <name>cols</name>\r\n            <value>50</value>\r\n          </meta>\r\n          <meta>\r\n            <name>rows</name>\r\n            <value>5</value>\r\n          </meta>\r\n        </display>\r\n        <validation required="true">\r\n          <customValidator>textCounter</customValidator>\r\n          <message>Too many characters, please shorten or use the notes attachment feature.</message>\r\n        </validation>\r\n      </fieldDef>\r\n    </edl>\r\n';
begin
INSERT INTO KREW_EDL_DEF_T (EDOCLT_DEF_ID,NM,XML,ACTV_IND,OBJ_ID,VER_NBR) VALUES (2034,'WaiverRequestForm',vClobVal,1,'265d9408-f01f-4932-955b-4eb6c37cdee5',1);
end;
/
declare
vClobVal varchar2(32767) := '<xsl:stylesheet xmlns:my-class="xalan://org.kuali.rice.edl.framework.util.EDLFunctions" xmlns:xsl="http://www.w3.org/1999/XSL/Transform" version="1.0">\r\n        <xsl:include href="widgets"/>\r\n        <xsl:output doctype-public="-//W3C//DTD XHTML 1.0 Transitional//EN" indent="yes" method="html" omit-xml-declaration="yes"/>\r\n        <xsl:param name="overrideMain" select="''true''"/>\r\n        <!-- if "overrideMain" = true, please customize the "mainForm" template, otherwise please customize the "mainBody" template -->\r\n        <xsl:template name="mainForm">\r\n          <html xmlns="">\r\n            <head>\r\n              <script language="javascript"><![CDATA[function textCounter(text){\r\n				maxlimit = new Number(4000);\r\n				if(textCounterEval(maxlimit, text)){\r\n					  alert("Input value was over the " + maxlimit + " character limit. You have entered " + text.length + " characters. Please shorten the entry or use the attachments feature in the notes section below.");\r\n					  return false;\r\n				}else{\r\n					return true;\r\n					}\r\n			  }\r\n			  function textCounterAll(){	  \r\n				msg1 = new String(document.forms[0].elements[''detailedExplanation''].value);\r\n				if(msg1.length <= 0){\r\n					alert("Field ''Text of Detailed Explanation'' is required and was found to be empty. Please provide.");\r\n					return false;\r\n				}\r\n				msg2 = new String(document.forms[0].elements[''comments''].value);\r\n			    if(textCounter(msg2) && textCounter(msg1)){\r\n					return true;\r\n				}else{\r\n					return false;\r\n				}\r\n			  }]]></script>\r\n              <xsl:call-template name="htmlHead"/>\r\n            </head>\r\n            <body onload="onPageLoad()">\r\n              <xsl:call-template name="header"/>\r\n              <xsl:call-template name="instructions"/>\r\n              <xsl:call-template name="errors"/>\r\n              <xsl:variable name="formTarget" select="''EDocLite''"/>\r\n              <div id="mainform-div">\r\n                <form action="{$formTarget}" enctype="multipart/form-data" id="edoclite" method="post" onsubmit="return validateOnSubmit(this)">\r\n                  <xsl:call-template name="hidden-params"/>\r\n                  <xsl:call-template name="mainBody"/>\r\n                  <xsl:call-template name="annotation"/>\r\n                  <br/>\r\n                  <xsl:call-template name="notes"/>\r\n                  <br/>\r\n                  <xsl:call-template name="buttons">\r\n                    <xsl:with-param name="fname" select="''textCounterAll''"/>\r\n                  </xsl:call-template>\r\n                </form>\r\n              </div>\r\n              <div id="refresh-message" style="display:none">\r\n                <table align="center" border="1" cellpadding="0" cellspacing="0" width="40%">\r\n                  <tr>\r\n                    <td align="center" class="thnormal">\r\n                      <h2>\r\n                        <b>\r\n                          <font color="#ff0000">This form is being refreshed. Please wait.</font>\r\n                        </b>\r\n                      </h2>\r\n                    </td>\r\n                  </tr>\r\n                </table>\r\n              </div>\r\n              <xsl:call-template name="footer"/>\r\n            </body>\r\n          </html>\r\n        </xsl:template>\r\n        <!-- if "overrideMain" = true, please customize the "mainForm" template, otherwise please customize the "mainBody" template -->\r\n        <xsl:template name="mainBody">\r\n			<xsl:variable name="docHeaderId" select="/documentContent/documentState/docId"/>   \r\n			<xsl:variable name="isAtNodeAAO" select="my-class:isAtNode($docHeaderId, ''AffirmativeActionOfficer'')"/>\r\n			<xsl:variable name="isAtNodeVC" select="my-class:isAtNode($docHeaderId, ''ViceChancellorforAcademicAffairsandDeanOfFaculties'')"/>\r\n\r\n          <table align="center" border="0" cellpadding="0" cellspacing="0" class="bord-r-t" width="80%" xmlns="">\r\n            <tr>\r\n              <td class="thnormal" colspan="2" rowspan="3" valign="top">\r\n                <h2>Waiver Request</h2>\r\n                <br/>\r\n                Academic Positions\r\n              </td>\r\n              <td class="thnormal">\r\n                <xsl:call-template name="widget_render">\r\n                  <xsl:with-param name="fieldName" select="''oaa''"/>\r\n                  <xsl:with-param name="renderCmd" select="''title''"/>\r\n                </xsl:call-template>\r\n                :\r\n              </td>\r\n              <td class="datacell">\r\n                <xsl:call-template name="widget_render">\r\n                  <xsl:with-param name="fieldName" select="''oaa''"/>\r\n                  <xsl:with-param name="renderCmd" select="''input''"/>\r\n                </xsl:call-template>\r\n              </td>\r\n            </tr>\r\n            <tr>\r\n              <td class="thnormal">\r\n                <xsl:call-template name="widget_render">\r\n                  <xsl:with-param name="fieldName" select="''campus''"/>\r\n                  <xsl:with-param name="renderCmd" select="''title''"/>\r\n                </xsl:call-template>\r\n                <font color="#ff0000">*</font>\r\n                :\r\n              </td>\r\n              <td class="datacell">\r\n                <xsl:call-template name="widget_render">\r\n                  <xsl:with-param name="fieldName" select="''campus''"/>\r\n                  <xsl:with-param name="renderCmd" select="''input''"/>\r\n                </xsl:call-template>\r\n              </td>\r\n            </tr>\r\n            <tr>\r\n              <td class="thnormal">\r\n                <xsl:call-template name="widget_render">\r\n                  <xsl:with-param name="fieldName" select="''school''"/>\r\n                  <xsl:with-param name="renderCmd" select="''title''"/>\r\n                </xsl:call-template>\r\n                <font color="#ff0000">*</font>\r\n                :\r\n              </td>\r\n              <td class="datacell">\r\n                <xsl:call-template name="widget_render">\r\n                  <xsl:with-param name="fieldName" select="''school''"/>\r\n                  <xsl:with-param name="renderCmd" select="''input''"/>\r\n                </xsl:call-template>\r\n              </td>\r\n            </tr>\r\n            <tr>\r\n              <td class="datacell" colspan="4" height="20">\r\n                <br/>\r\n              </td>\r\n            </tr>\r\n            <tr>\r\n              <td class="thnormal" colspan="4">\r\n                Attributes marked with a\r\n                <font color="#ff0000">*</font>\r\n                are required fields.\r\n              </td>\r\n            </tr>\r\n            <tr>\r\n              <td class="datacell" colspan="4" height="20">\r\n                <br/>\r\n              </td>\r\n            </tr>\r\n            <tr>\r\n              <td class="thnormal">\r\n                <xsl:call-template name="widget_render">\r\n                  <xsl:with-param name="fieldName" select="''department1''"/>\r\n                  <xsl:with-param name="renderCmd" select="''title''"/>\r\n                </xsl:call-template>\r\n                <font color="#ff0000">*</font>\r\n                :\r\n              </td>\r\n              <td class="datacell">\r\n                <xsl:call-template name="widget_render">\r\n                  <xsl:with-param name="fieldName" select="''department1''"/>\r\n                  <xsl:with-param name="renderCmd" select="''input''"/>\r\n                </xsl:call-template>\r\n              </td>\r\n              <td class="thnormal">\r\n                <xsl:call-template name="widget_render">\r\n                  <xsl:with-param name="fieldName" select="''fte1''"/>\r\n                  <xsl:with-param name="renderCmd" select="''title''"/>\r\n                </xsl:call-template>\r\n                <font color="#ff0000">*</font>\r\n                :\r\n              </td>\r\n              <td class="datacell">\r\n                <xsl:call-template name="widget_render">\r\n                  <xsl:with-param name="fieldName" select="''fte1''"/>\r\n                  <xsl:with-param name="renderCmd" select="''input''"/>\r\n                </xsl:call-template>\r\n              </td>\r\n            </tr>\r\n            <tr>\r\n              <td class="datacell" colspan="4" height="20">\r\n                <br/>\r\n              </td>\r\n            </tr>\r\n            <tr>\r\n              <td class="thnormal">\r\n                <xsl:call-template name="widget_render">\r\n                  <xsl:with-param name="fieldName" select="''title''"/>\r\n                  <xsl:with-param name="renderCmd" select="''title''"/>\r\n                </xsl:call-template>\r\n                <font color="#ff0000">*</font>\r\n                :\r\n              </td>\r\n              <td class="datacell">\r\n                <xsl:call-template name="widget_render">\r\n                  <xsl:with-param name="fieldName" select="''title''"/>\r\n                  <xsl:with-param name="renderCmd" select="''input''"/>\r\n                </xsl:call-template>\r\n              </td>\r\n              <td class="thnormal">\r\n                <xsl:call-template name="widget_render">\r\n                  <xsl:with-param name="fieldName" select="''rank''"/>\r\n                  <xsl:with-param name="renderCmd" select="''title''"/>\r\n                </xsl:call-template>\r\n                <font color="#ff0000">*</font>\r\n                :\r\n              </td>\r\n              <td class="datacell">\r\n                <xsl:call-template name="widget_render">\r\n                  <xsl:with-param name="fieldName" select="''rank''"/>\r\n                  <xsl:with-param name="renderCmd" select="''input''"/>\r\n                </xsl:call-template>\r\n              </td>\r\n            </tr>\r\n            <tr>\r\n              <td class="thnormal">\r\n                <xsl:call-template name="widget_render">\r\n                  <xsl:with-param name="fieldName" select="''recommendingOfferTo''"/>\r\n                  <xsl:with-param name="renderCmd" select="''title''"/>\r\n                </xsl:call-template>\r\n                <font color="#ff0000">*</font>\r\n                :\r\n              </td>\r\n              <td class="datacell">\r\n                <xsl:call-template name="widget_render">\r\n                  <xsl:with-param name="fieldName" select="''recommendingOfferTo''"/>\r\n                  <xsl:with-param name="renderCmd" select="''input''"/>\r\n                </xsl:call-template>\r\n              </td>\r\n              <td class="thnormal">\r\n                <xsl:call-template name="widget_render">\r\n                  <xsl:with-param name="fieldName" select="''salary''"/>\r\n                  <xsl:with-param name="renderCmd" select="''title''"/>\r\n                </xsl:call-template>\r\n                <font color="#ff0000">*</font>\r\n                :\r\n              </td>\r\n              <td class="datacell">\r\n                <xsl:call-template name="widget_render">\r\n                  <xsl:with-param name="fieldName" select="''salary''"/>\r\n                  <xsl:with-param name="renderCmd" select="''input''"/>\r\n                </xsl:call-template>\r\n              </td>\r\n            </tr>\r\n            <tr>\r\n              <td class="thnormal">\r\n                <xsl:call-template name="widget_render">\r\n                  <xsl:with-param name="fieldName" select="''newPosition''"/>\r\n                  <xsl:with-param name="renderCmd" select="''title''"/>\r\n                </xsl:call-template>\r\n                <font color="#ff0000">*</font>\r\n                :\r\n              </td>\r\n              <td class="datacell">\r\n                <xsl:call-template name="widget_render">\r\n                  <xsl:with-param name="fieldName" select="''newPosition''"/>\r\n                  <xsl:with-param name="renderCmd" select="''input''"/>\r\n                </xsl:call-template>\r\n              </td>\r\n              <td class="thnormal">\r\n                <xsl:call-template name="widget_render">\r\n                  <xsl:with-param name="fieldName" select="''replacementFor''"/>\r\n                  <xsl:with-param name="renderCmd" select="''title''"/>\r\n                </xsl:call-template>\r\n                :\r\n              </td>\r\n              <td class="datacell">\r\n                <xsl:call-template name="widget_render">\r\n                  <xsl:with-param name="fieldName" select="''replacementFor''"/>\r\n                  <xsl:with-param name="renderCmd" select="''input''"/>\r\n                </xsl:call-template>\r\n              </td>\r\n            </tr>\r\n            <tr>\r\n              <td class="thnormal">\r\n                <xsl:call-template name="widget_render">\r\n                  <xsl:with-param name="fieldName" select="''expectedStartDate''"/>\r\n                  <xsl:with-param name="renderCmd" select="''title''"/>\r\n                </xsl:call-template>\r\n                <font color="#ff0000">*</font>\r\n                :\r\n              </td>\r\n              <td class="datacell">\r\n                <xsl:call-template name="widget_render">\r\n                  <xsl:with-param name="fieldName" select="''expectedStartDate''"/>\r\n                  <xsl:with-param name="renderCmd" select="''input''"/>\r\n                </xsl:call-template>\r\n              </td>\r\n              <td class="thnormal">\r\n                <xsl:call-template name="widget_render">\r\n                  <xsl:with-param name="fieldName" select="''expectedEndDate''"/>\r\n                  <xsl:with-param name="renderCmd" select="''title''"/>\r\n                </xsl:call-template>\r\n                :\r\n              </td>\r\n              <td class="datacell">\r\n                <xsl:call-template name="widget_render">\r\n                  <xsl:with-param name="fieldName" select="''expectedEndDate''"/>\r\n                  <xsl:with-param name="renderCmd" select="''input''"/>\r\n                </xsl:call-template>\r\n              </td>\r\n            </tr>\r\n            <tr>\r\n              <td class="datacell" colspan="4" height="20">\r\n                <br/>\r\n              </td>\r\n            </tr>\r\n            <tr>\r\n              <td class="thnormal">\r\n                Appointment Status\r\n                <font color="#ff0000">*</font>\r\n                :\r\n              </td>\r\n              <td class="datacell" colspan="3">\r\n                <table>\r\n                  <tr>\r\n                    <td>\r\n                      <xsl:call-template name="widget_render">\r\n                        <xsl:with-param name="fieldName" select="''appointmentStatus''"/>\r\n                        <xsl:with-param name="renderCmd" select="''input''"/>\r\n                      </xsl:call-template>\r\n                    </td>\r\n                  </tr>\r\n                </table>\r\n              </td>\r\n            </tr>\r\n            <tr>\r\n              <td class="thnormal">Waiver Circumstances \r\n                <font color="#ff0000">*</font>:</td>\r\n              <td class="datacell" colspan="3">\r\n                <table>\r\n                  <tr>\r\n                    <td>\r\n                      <xsl:call-template name="widget_render">\r\n                        <xsl:with-param name="fieldName" select="''waiverCircumstances''"/>\r\n                        <xsl:with-param name="renderCmd" select="''input''"/>\r\n                      </xsl:call-template>\r\n                    </td>\r\n                  </tr>\r\n                </table>\r\n              </td>\r\n            </tr>\r\n            <tr>\r\n              <td class="datacell" colspan="4" height="20">\r\n                <br/>\r\n              </td>\r\n            </tr>\r\n            <tr>\r\n              <td class="thnormal">\r\n                <xsl:call-template name="widget_render">\r\n                  <xsl:with-param name="fieldName" select="''detailedExplanation''"/>\r\n                  <xsl:with-param name="renderCmd" select="''title''"/>\r\n                </xsl:call-template>\r\n                <font color="#ff0000">*</font>\r\n                :\r\n              </td>\r\n              <td class="datacell" colspan="3">\r\n                <xsl:call-template name="widget_render">\r\n                  <xsl:with-param name="fieldName" select="''detailedExplanation''"/>\r\n                  <xsl:with-param name="renderCmd" select="''input''"/>\r\n                </xsl:call-template>\r\n              </td>\r\n            </tr>\r\n            <tr>\r\n              <td class="datacell" colspan="4" height="20">\r\n                <br/>\r\n              </td>\r\n            </tr>\r\n            <tr>\r\n              <td class="thnormal">\r\n                <xsl:call-template name="widget_render">\r\n                  <xsl:with-param name="fieldName" select="''sex''"/>\r\n                  <xsl:with-param name="renderCmd" select="''title''"/>\r\n                </xsl:call-template>\r\n                :\r\n              </td>\r\n              <td class="datacell">\r\n                <xsl:call-template name="widget_render">\r\n                  <xsl:with-param name="fieldName" select="''sex''"/>\r\n                  <xsl:with-param name="renderCmd" select="''input''"/>\r\n                </xsl:call-template>\r\n              </td>\r\n              <td class="thnormal">\r\n                <xsl:call-template name="widget_render">\r\n                  <xsl:with-param name="fieldName" select="''ethnicity''"/>\r\n                  <xsl:with-param name="renderCmd" select="''title''"/>\r\n                </xsl:call-template>\r\n                :\r\n              </td>\r\n              <td class="datacell">\r\n                <xsl:call-template name="widget_render">\r\n                  <xsl:with-param name="fieldName" select="''ethnicity''"/>\r\n                  <xsl:with-param name="renderCmd" select="''input''"/>\r\n                </xsl:call-template>\r\n              </td>\r\n            </tr>\r\n            <tr>\r\n              <td class="thnormal">\r\n                <xsl:call-template name="widget_render">\r\n                  <xsl:with-param name="fieldName" select="''citizenship''"/>\r\n                  <xsl:with-param name="renderCmd" select="''title''"/>\r\n                </xsl:call-template>\r\n                :\r\n              </td>\r\n              <td class="datacell" colspan="3">\r\n                <xsl:call-template name="widget_render">\r\n                  <xsl:with-param name="fieldName" select="''citizenship''"/>\r\n                  <xsl:with-param name="renderCmd" select="''input''"/>\r\n                </xsl:call-template>\r\n              </td>\r\n            </tr>\r\n            <tr>\r\n              <td class="datacell" colspan="4" height="20">\r\n                <br/>\r\n              </td>\r\n            </tr>\r\n            <tr>\r\n              <td class="thnormal">\r\n                <xsl:call-template name="widget_render">\r\n                  <xsl:with-param name="fieldName" select="''comments''"/>\r\n                  <xsl:with-param name="renderCmd" select="''title''"/>\r\n                </xsl:call-template>\r\n                :\r\n              </td>\r\n              <td class="datacell" colspan="3">\r\n                <xsl:call-template name="widget_render">\r\n                  <xsl:with-param name="fieldName" select="''comments''"/>\r\n                  <xsl:with-param name="renderCmd" select="''input''"/>\r\n                </xsl:call-template>\r\n              </td>\r\n            </tr>\r\n          </table>\r\n                <br xmlns=""/>\r\n          <table align="center" border="1" cellpadding="2" cellspacing="2" width="80%" xmlns="">\r\n			<xsl:if test="$isAtNodeAAO">\r\n				<tr>\r\n				  <td class="thnormal" colspan="4">\r\n					<h4>Ad Hoc Section</h4>\r\n				  </td>\r\n				</tr>\r\n				<tr>\r\n				  <td class="thnormal">\r\n					<xsl:call-template name="widget_render">\r\n					  <xsl:with-param name="fieldName" select="''AffirmativeActionOfficerAdHoc''"/>\r\n					  <xsl:with-param name="renderCmd" select="''title''"/>\r\n					</xsl:call-template>\r\n					:\r\n				  </td>\r\n				  <td class="datacell">\r\n					<xsl:call-template name="widget_render">\r\n					  <xsl:with-param name="fieldName" select="''AffirmativeActionOfficerAdHoc''"/>\r\n					  <xsl:with-param name="renderCmd" select="''input''"/>\r\n					</xsl:call-template>\r\n				  </td>\r\n				</tr>\r\n			</xsl:if>\r\n			<xsl:if test="$isAtNodeVC">\r\n				<tr>\r\n				  <td class="thnormal">\r\n					<xsl:call-template name="widget_render">\r\n					  <xsl:with-param name="fieldName" select="''ViceChancellorAdHoc''"/>\r\n					  <xsl:with-param name="renderCmd" select="''title''"/>\r\n					</xsl:call-template>\r\n					:\r\n				  </td>\r\n				  <td class="datacell">\r\n					<xsl:call-template name="widget_render">\r\n					  <xsl:with-param name="fieldName" select="''ViceChancellorAdHoc''"/>\r\n					  <xsl:with-param name="renderCmd" select="''input''"/>\r\n					</xsl:call-template>\r\n				  </td>\r\n				</tr>\r\n			</xsl:if>\r\n          </table>\r\n          <br xmlns=""/>\r\n        </xsl:template>\r\n      </xsl:stylesheet>\r\n';
begin
INSERT INTO KRCR_STYLE_T (STYLE_ID,NM,XML,ACTV_IND,OBJ_ID,VER_NBR) VALUES ('2035','WaiverRequest_xsl',vClobVal,1,'bd095a9a-dcbd-4eca-a8e3-2a76a6b155c7',1);
end;
/
INSERT INTO KREW_EDL_ASSCTN_T (EDOCLT_ASSOC_ID,DOC_TYP_NM,EDL_DEF_NM,STYLE_NM,ACTV_IND,OBJ_ID,VER_NBR) VALUES (2036,'WaiverRequest','WaiverRequestForm','WaiverRequest_xsl',1,'3bdb9fbf-ce0f-48da-8403-d8a424e4db09',1)
/


